Elapsed_time	DOY	Temperature	Temp_cum	Sum_temp	Num_plante	Genotype	Num_talle	Num_cohorte	Ln_final	Date_epiaison	Epi_DOY	Date_de_flo	Mont_flag	Mont_DOY	Flo_flag	Flo_DOY	Death_flag	Date_de_maturite	Mat_DOY
82.0	36	9.0	375.6	330.9	4	Maxwell	(1,)	-1	11	1193.02867262	0	1321.72867262	False	0	False	0	False	1993.02867262	0
83.0	37	7.1	382.7	24.8	4	Maxwell	(1, 2)	2	8	1193.02867262	0	1321.72867262	False	0	False	0	False	1993.02867262	0
83.0	37	7.1	382.7	338.0	4	Maxwell	(1,)	-1	11	1193.02867262	0	1321.72867262	False	0	False	0	False	1993.02867262	0
84.0	38	6.8	389.5	333.5	1	Maxwell	(1,)	-1	11	1193.52693772	0	1322.22693772	False	0	False	0	False	1993.52693772	0
84.0	38	6.8	389.5	31.6	4	Maxwell	(1, 2)	2	8	1193.02867262	0	1321.72867262	False	0	False	0	False	1993.02867262	0
84.0	38	6.8	389.5	344.8	4	Maxwell	(1,)	-1	11	1193.02867262	0	1321.72867262	False	0	False	0	False	1993.02867262	0
85.0	39	2.0	391.5	33.6	1	Maxwell	(1, 2)	2	8	1193.52693772	0	1322.22693772	False	0	False	0	False	1993.52693772	0
85.0	39	2.0	391.5	335.5	1	Maxwell	(1,)	-1	11	1193.52693772	0	1322.22693772	False	0	False	0	False	1993.52693772	0
85.0	39	2.0	391.5	325.7	2	Maxwell	(1,)	-1	11	1203.95421983	0	1332.65421983	False	0	False	0	False	2003.95421983	0
85.0	39	2.0	391.5	33.6	4	Maxwell	(1, 2)	2	8	1193.02867262	0	1321.72867262	False	0	False	0	False	1993.02867262	0
85.0	39	2.0	391.5	346.8	4	Maxwell	(1,)	-1	11	1193.02867262	0	1321.72867262	False	0	False	0	False	1993.02867262	0
86.0	40	2.1	393.6	35.7	1	Maxwell	(1, 2)	2	8	1193.52693772	0	1322.22693772	False	0	False	0	False	1993.52693772	0
86.0	40	2.1	393.6	337.6	1	Maxwell	(1,)	-1	11	1193.52693772	0	1322.22693772	False	0	False	0	False	1993.52693772	0
86.0	40	2.1	393.6	27.0	2	Maxwell	(1, 2)	2	8	1203.95421983	0	1332.65421983	False	0	False	0	False	2003.95421983	0
86.0	40	2.1	393.6	327.8	2	Maxwell	(1,)	-1	11	1203.95421983	0	1332.65421983	False	0	False	0	False	2003.95421983	0
86.0	40	2.1	393.6	35.7	4	Maxwell	(1, 2)	2	8	1193.02867262	0	1321.72867262	False	0	False	0	False	1993.02867262	0
86.0	40	2.1	393.6	348.9	4	Maxwell	(1,)	-1	11	1193.02867262	0	1321.72867262	False	0	False	0	False	1993.02867262	0
87.0	41	0.2	393.8	35.9	1	Maxwell	(1, 2)	2	8	1193.52693772	0	1322.22693772	False	0	False	0	False	1993.52693772	0
87.0	41	0.2	393.8	337.8	1	Maxwell	(1,)	-1	11	1193.52693772	0	1322.22693772	False	0	False	0	False	1993.52693772	0
87.0	41	0.2	393.8	27.2	2	Maxwell	(1, 2)	2	8	1203.95421983	0	1332.65421983	False	0	False	0	False	2003.95421983	0
87.0	41	0.2	393.8	328.0	2	Maxwell	(1,)	-1	11	1203.95421983	0	1332.65421983	False	0	False	0	False	2003.95421983	0
87.0	41	0.2	393.8	35.9	4	Maxwell	(1, 2)	2	8	1193.02867262	0	1321.72867262	False	0	False	0	False	1993.02867262	0
87.0	41	0.2	393.8	349.1	4	Maxwell	(1,)	-1	11	1193.02867262	0	1321.72867262	False	0	False	0	False	1993.02867262	0
88.0	42	2.9	396.7	38.8	1	Maxwell	(1, 2)	2	8	1193.52693772	0	1322.22693772	False	0	False	0	False	1993.52693772	0
88.0	42	2.9	396.7	340.7	1	Maxwell	(1,)	-1	11	1193.52693772	0	1322.22693772	False	0	False	0	False	1993.52693772	0
88.0	42	2.9	396.7	30.1	2	Maxwell	(1, 2)	2	8	1203.95421983	0	1332.65421983	False	0	False	0	False	2003.95421983	0
88.0	42	2.9	396.7	330.9	2	Maxwell	(1,)	-1	11	1203.95421983	0	1332.65421983	False	0	False	0	False	2003.95421983	0
88.0	42	2.9	396.7	38.8	4	Maxwell	(1, 2)	2	8	1193.02867262	0	1321.72867262	False	0	False	0	False	1993.02867262	0
88.0	42	2.9	396.7	352.0	4	Maxwell	(1,)	-1	11	1193.02867262	0	1321.72867262	False	0	False	0	False	1993.02867262	0
89.0	43	4.1	400.8	42.9	1	Maxwell	(1, 2)	2	8	1193.52693772	0	1322.22693772	False	0	False	0	False	1993.52693772	0
89.0	43	4.1	400.8	344.8	1	Maxwell	(1,)	-1	11	1193.52693772	0	1322.22693772	False	0	False	0	False	1993.52693772	0
89.0	43	4.1	400.8	34.2	2	Maxwell	(1, 2)	2	8	1203.95421983	0	1332.65421983	False	0	False	0	False	2003.95421983	0
89.0	43	4.1	400.8	335.0	2	Maxwell	(1,)	-1	11	1203.95421983	0	1332.65421983	False	0	False	0	False	2003.95421983	0
89.0	43	4.1	400.8	42.9	4	Maxwell	(1, 2)	2	8	1193.02867262	0	1321.72867262	False	0	False	0	False	1993.02867262	0
89.0	43	4.1	400.8	356.1	4	Maxwell	(1,)	-1	11	1193.02867262	0	1321.72867262	False	0	False	0	False	1993.02867262	0
90.0	44	4.7	405.5	47.6	1	Maxwell	(1, 2)	2	8	1193.52693772	0	1322.22693772	False	0	False	0	False	1993.52693772	0
90.0	44	4.7	405.5	349.5	1	Maxwell	(1,)	-1	11	1193.52693772	0	1322.22693772	False	0	False	0	False	1993.52693772	0
90.0	44	4.7	405.5	38.9	2	Maxwell	(1, 2)	2	8	1203.95421983	0	1332.65421983	False	0	False	0	False	2003.95421983	0
90.0	44	4.7	405.5	339.7	2	Maxwell	(1,)	-1	11	1203.95421983	0	1332.65421983	False	0	False	0	False	2003.95421983	0
90.0	44	4.7	405.5	47.6	4	Maxwell	(1, 2)	2	8	1193.02867262	0	1321.72867262	False	0	False	0	False	1993.02867262	0
90.0	44	4.7	405.5	360.8	4	Maxwell	(1,)	-1	11	1193.02867262	0	1321.72867262	False	0	False	0	False	1993.02867262	0
91.0	45	4.2	409.7	51.8	1	Maxwell	(1, 2)	2	8	1193.52693772	0	1322.22693772	False	0	False	0	False	1993.52693772	0
91.0	45	4.2	409.7	353.7	1	Maxwell	(1,)	-1	11	1193.52693772	0	1322.22693772	False	0	False	0	False	1993.52693772	0
91.0	45	4.2	409.7	43.1	2	Maxwell	(1, 2)	2	8	1203.95421983	0	1332.65421983	False	0	False	0	False	2003.95421983	0
91.0	45	4.2	409.7	343.9	2	Maxwell	(1,)	-1	11	1203.95421983	0	1332.65421983	False	0	False	0	False	2003.95421983	0
91.0	45	4.2	409.7	51.8	4	Maxwell	(1, 2)	2	8	1193.02867262	0	1321.72867262	False	0	False	0	False	1993.02867262	0
91.0	45	4.2	409.7	365.0	4	Maxwell	(1,)	-1	11	1193.02867262	0	1321.72867262	False	0	False	0	False	1993.02867262	0
92.0	46	4.3	414.0	56.1	1	Maxwell	(1, 2)	2	8	1193.52693772	0	1322.22693772	False	0	False	0	False	1993.52693772	0
92.0	46	4.3	414.0	358.0	1	Maxwell	(1,)	-1	11	1193.52693772	0	1322.22693772	False	0	False	0	False	1993.52693772	0
92.0	46	4.3	414.0	47.4	2	Maxwell	(1, 2)	2	8	1203.95421983	0	1332.65421983	False	0	False	0	False	2003.95421983	0
92.0	46	4.3	414.0	348.2	2	Maxwell	(1,)	-1	11	1203.95421983	0	1332.65421983	False	0	False	0	False	2003.95421983	0
92.0	46	4.3	414.0	56.1	4	Maxwell	(1, 2)	2	8	1193.02867262	0	1321.72867262	False	0	False	0	False	1993.02867262	0
92.0	46	4.3	414.0	369.3	4	Maxwell	(1,)	-1	11	1193.02867262	0	1321.72867262	False	0	False	0	False	1993.02867262	0
93.0	47	2.1	416.1	58.2	1	Maxwell	(1, 2)	2	8	1193.52693772	0	1322.22693772	False	0	False	0	False	1993.52693772	0
93.0	47	2.1	416.1	360.1	1	Maxwell	(1,)	-1	11	1193.52693772	0	1322.22693772	False	0	False	0	False	1993.52693772	0
93.0	47	2.1	416.1	49.5	2	Maxwell	(1, 2)	2	8	1203.95421983	0	1332.65421983	False	0	False	0	False	2003.95421983	0
93.0	47	2.1	416.1	350.3	2	Maxwell	(1,)	-1	11	1203.95421983	0	1332.65421983	False	0	False	0	False	2003.95421983	0
93.0	47	2.1	416.1	58.2	4	Maxwell	(1, 2)	2	8	1193.02867262	0	1321.72867262	False	0	False	0	False	1993.02867262	0
93.0	47	2.1	416.1	371.4	4	Maxwell	(1,)	-1	11	1193.02867262	0	1321.72867262	False	0	False	0	False	1993.02867262	0
94.0	48	-0.2	416.1	58.2	1	Maxwell	(1, 2)	2	8	1193.52693772	0	1322.22693772	False	0	False	0	False	1993.52693772	0
94.0	48	-0.2	416.1	360.1	1	Maxwell	(1,)	-1	11	1193.52693772	0	1322.22693772	False	0	False	0	False	1993.52693772	0
94.0	48	-0.2	416.1	49.5	2	Maxwell	(1, 2)	2	8	1203.95421983	0	1332.65421983	False	0	False	0	False	2003.95421983	0
94.0	48	-0.2	416.1	350.3	2	Maxwell	(1,)	-1	11	1203.95421983	0	1332.65421983	False	0	False	0	False	2003.95421983	0
94.0	48	-0.2	416.1	58.2	4	Maxwell	(1, 2)	2	8	1193.02867262	0	1321.72867262	False	0	False	0	False	1993.02867262	0
94.0	48	-0.2	416.1	371.4	4	Maxwell	(1,)	-1	11	1193.02867262	0	1321.72867262	False	0	False	0	False	1993.02867262	0
95.0	49	-1.3	416.1	58.2	1	Maxwell	(1, 2)	2	8	1193.52693772	0	1322.22693772	False	0	False	0	False	1993.52693772	0
95.0	49	-1.3	416.1	360.1	1	Maxwell	(1,)	-1	11	1193.52693772	0	1322.22693772	False	0	False	0	False	1993.52693772	0
95.0	49	-1.3	416.1	49.5	2	Maxwell	(1, 2)	2	8	1203.95421983	0	1332.65421983	False	0	False	0	False	2003.95421983	0
95.0	49	-1.3	416.1	350.3	2	Maxwell	(1,)	-1	11	1203.95421983	0	1332.65421983	False	0	False	0	False	2003.95421983	0
95.0	49	-1.3	416.1	311.8	3	Maxwell	(1,)	-1	11	1253.53544107	0	1382.23544107	False	0	False	0	False	2053.53544107	0
95.0	49	-1.3	416.1	58.2	4	Maxwell	(1, 2)	2	8	1193.02867262	0	1321.72867262	False	0	False	0	False	1993.02867262	0
95.0	49	-1.3	416.1	371.4	4	Maxwell	(1,)	-1	11	1193.02867262	0	1321.72867262	False	0	False	0	False	1993.02867262	0
96.0	50	-2.1	416.1	58.2	1	Maxwell	(1, 2)	2	8	1193.52693772	0	1322.22693772	False	0	False	0	False	1993.52693772	0
96.0	50	-2.1	416.1	360.1	1	Maxwell	(1,)	-1	11	1193.52693772	0	1322.22693772	False	0	False	0	False	1993.52693772	0
96.0	50	-2.1	416.1	49.5	2	Maxwell	(1, 2)	2	8	1203.95421983	0	1332.65421983	False	0	False	0	False	2003.95421983	0
96.0	50	-2.1	416.1	350.3	2	Maxwell	(1,)	-1	11	1203.95421983	0	1332.65421983	False	0	False	0	False	2003.95421983	0
96.0	50	-2.1	416.1	2.1	3	Maxwell	(1, 2)	2	8	1253.53544107	0	1382.23544107	False	0	False	0	False	2053.53544107	0
96.0	50	-2.1	416.1	311.8	3	Maxwell	(1,)	-1	11	1253.53544107	0	1382.23544107	False	0	False	0	False	2053.53544107	0
96.0	50	-2.1	416.1	58.2	4	Maxwell	(1, 2)	2	8	1193.02867262	0	1321.72867262	False	0	False	0	False	1993.02867262	0
96.0	50	-2.1	416.1	371.4	4	Maxwell	(1,)	-1	11	1193.02867262	0	1321.72867262	False	0	False	0	False	1993.02867262	0
97.0	51	-3.9	416.1	58.2	1	Maxwell	(1, 2)	2	8	1193.52693772	0	1322.22693772	False	0	False	0	False	1993.52693772	0
97.0	51	-3.9	416.1	360.1	1	Maxwell	(1,)	-1	11	1193.52693772	0	1322.22693772	False	0	False	0	False	1993.52693772	0
97.0	51	-3.9	416.1	49.5	2	Maxwell	(1, 2)	2	8	1203.95421983	0	1332.65421983	False	0	False	0	False	2003.95421983	0
97.0	51	-3.9	416.1	350.3	2	Maxwell	(1,)	-1	11	1203.95421983	0	1332.65421983	False	0	False	0	False	2003.95421983	0
97.0	51	-3.9	416.1	2.1	3	Maxwell	(1, 2)	2	8	1253.53544107	0	1382.23544107	False	0	False	0	False	2053.53544107	0
97.0	51	-3.9	416.1	311.8	3	Maxwell	(1,)	-1	11	1253.53544107	0	1382.23544107	False	0	False	0	False	2053.53544107	0
97.0	51	-3.9	416.1	58.2	4	Maxwell	(1, 2)	2	8	1193.02867262	0	1321.72867262	False	0	False	0	False	1993.02867262	0
97.0	51	-3.9	416.1	371.4	4	Maxwell	(1,)	-1	11	1193.02867262	0	1321.72867262	False	0	False	0	False	1993.02867262	0
98.0	52	-2.7	416.1	58.2	1	Maxwell	(1, 2)	2	8	1193.52693772	0	1322.22693772	False	0	False	0	False	1993.52693772	0
98.0	52	-2.7	416.1	360.1	1	Maxwell	(1,)	-1	11	1193.52693772	0	1322.22693772	False	0	False	0	False	1993.52693772	0
98.0	52	-2.7	416.1	49.5	2	Maxwell	(1, 2)	2	8	1203.95421983	0	1332.65421983	False	0	False	0	False	2003.95421983	0
98.0	52	-2.7	416.1	350.3	2	Maxwell	(1,)	-1	11	1203.95421983	0	1332.65421983	False	0	False	0	False	2003.95421983	0
98.0	52	-2.7	416.1	2.1	3	Maxwell	(1, 2)	2	8	1253.53544107	0	1382.23544107	False	0	False	0	False	2053.53544107	0
98.0	52	-2.7	416.1	311.8	3	Maxwell	(1,)	-1	11	1253.53544107	0	1382.23544107	False	0	False	0	False	2053.53544107	0
98.0	52	-2.7	416.1	58.2	4	Maxwell	(1, 2)	2	8	1193.02867262	0	1321.72867262	False	0	False	0	False	1993.02867262	0
98.0	52	-2.7	416.1	371.4	4	Maxwell	(1,)	-1	11	1193.02867262	0	1321.72867262	False	0	False	0	False	1993.02867262	0
99.0	53	2.6	418.7	60.8	1	Maxwell	(1, 2)	2	8	1193.52693772	0	1322.22693772	False	0	False	0	False	1993.52693772	0
99.0	53	2.6	418.7	362.7	1	Maxwell	(1,)	-1	11	1193.52693772	0	1322.22693772	False	0	False	0	False	1993.52693772	0
99.0	53	2.6	418.7	52.1	2	Maxwell	(1, 2)	2	8	1203.95421983	0	1332.65421983	False	0	False	0	False	2003.95421983	0
99.0	53	2.6	418.7	352.9	2	Maxwell	(1,)	-1	11	1203.95421983	0	1332.65421983	False	0	False	0	False	2003.95421983	0
99.0	53	2.6	418.7	4.7	3	Maxwell	(1, 2)	2	8	1253.53544107	0	1382.23544107	False	0	False	0	False	2053.53544107	0
99.0	53	2.6	418.7	314.4	3	Maxwell	(1,)	-1	11	1253.53544107	0	1382.23544107	False	0	False	0	False	2053.53544107	0
99.0	53	2.6	418.7	60.8	4	Maxwell	(1, 2)	2	8	1193.02867262	0	1321.72867262	False	0	False	0	False	1993.02867262	0
99.0	53	2.6	418.7	374.0	4	Maxwell	(1,)	-1	11	1193.02867262	0	1321.72867262	False	0	False	0	False	1993.02867262	0
100.0	54	5.9	424.6	66.7	1	Maxwell	(1, 2)	2	8	1193.52693772	0	1322.22693772	False	0	False	0	False	1993.52693772	0
100.0	54	5.9	424.6	368.6	1	Maxwell	(1,)	-1	11	1193.52693772	0	1322.22693772	False	0	False	0	False	1993.52693772	0
100.0	54	5.9	424.6	58.0	2	Maxwell	(1, 2)	2	8	1203.95421983	0	1332.65421983	False	0	False	0	False	2003.95421983	0
100.0	54	5.9	424.6	358.8	2	Maxwell	(1,)	-1	11	1203.95421983	0	1332.65421983	False	0	False	0	False	2003.95421983	0
100.0	54	5.9	424.6	10.6	3	Maxwell	(1, 2)	2	8	1253.53544107	0	1382.23544107	False	0	False	0	False	2053.53544107	0
100.0	54	5.9	424.6	320.3	3	Maxwell	(1,)	-1	11	1253.53544107	0	1382.23544107	False	0	False	0	False	2053.53544107	0
100.0	54	5.9	424.6	66.7	4	Maxwell	(1, 2)	2	8	1193.02867262	0	1321.72867262	False	0	False	0	False	1993.02867262	0
100.0	54	5.9	424.6	379.9	4	Maxwell	(1,)	-1	11	1193.02867262	0	1321.72867262	False	0	False	0	False	1993.02867262	0
101.0	55	8.0	432.6	74.7	1	Maxwell	(1, 2)	2	8	1193.52693772	0	1322.22693772	False	0	False	0	False	1993.52693772	0
101.0	55	8.0	432.6	376.6	1	Maxwell	(1,)	-1	11	1193.52693772	0	1322.22693772	False	0	False	0	False	1993.52693772	0
101.0	55	8.0	432.6	66.0	2	Maxwell	(1, 2)	2	8	1203.95421983	0	1332.65421983	False	0	False	0	False	2003.95421983	0
101.0	55	8.0	432.6	366.8	2	Maxwell	(1,)	-1	11	1203.95421983	0	1332.65421983	False	0	False	0	False	2003.95421983	0
101.0	55	8.0	432.6	18.6	3	Maxwell	(1, 2)	2	8	1253.53544107	0	1382.23544107	False	0	False	0	False	2053.53544107	0
101.0	55	8.0	432.6	328.3	3	Maxwell	(1,)	-1	11	1253.53544107	0	1382.23544107	False	0	False	0	False	2053.53544107	0
101.0	55	8.0	432.6	74.7	4	Maxwell	(1, 2)	2	8	1193.02867262	0	1321.72867262	False	0	False	0	False	1993.02867262	0
101.0	55	8.0	432.6	387.9	4	Maxwell	(1,)	-1	11	1193.02867262	0	1321.72867262	False	0	False	0	False	1993.02867262	0
102.0	56	9.7	442.3	84.4	1	Maxwell	(1, 2)	2	8	1193.52693772	0	1322.22693772	False	0	False	0	False	1993.52693772	0
102.0	56	9.7	442.3	386.3	1	Maxwell	(1,)	-1	11	1193.52693772	0	1322.22693772	False	0	False	0	False	1993.52693772	0
102.0	56	9.7	442.3	75.7	2	Maxwell	(1, 2)	2	8	1203.95421983	0	1332.65421983	False	0	False	0	False	2003.95421983	0
102.0	56	9.7	442.3	376.5	2	Maxwell	(1,)	-1	11	1203.95421983	0	1332.65421983	False	0	False	0	False	2003.95421983	0
102.0	56	9.7	442.3	28.3	3	Maxwell	(1, 2)	2	8	1253.53544107	0	1382.23544107	False	0	False	0	False	2053.53544107	0
102.0	56	9.7	442.3	338.0	3	Maxwell	(1,)	-1	11	1253.53544107	0	1382.23544107	False	0	False	0	False	2053.53544107	0
102.0	56	9.7	442.3	84.4	4	Maxwell	(1, 2)	2	8	1193.02867262	0	1321.72867262	False	0	False	0	False	1993.02867262	0
102.0	56	9.7	442.3	397.6	4	Maxwell	(1,)	-1	11	1193.02867262	0	1321.72867262	False	0	False	0	False	1993.02867262	0
103.0	57	8.1	450.4	92.5	1	Maxwell	(1, 2)	2	8	1193.52693772	0	1322.22693772	False	0	False	0	False	1993.52693772	0
103.0	57	8.1	450.4	394.4	1	Maxwell	(1,)	-1	11	1193.52693772	0	1322.22693772	False	0	False	0	False	1993.52693772	0
103.0	57	8.1	450.4	83.8	2	Maxwell	(1, 2)	2	8	1203.95421983	0	1332.65421983	False	0	False	0	False	2003.95421983	0
103.0	57	8.1	450.4	384.6	2	Maxwell	(1,)	-1	11	1203.95421983	0	1332.65421983	False	0	False	0	False	2003.95421983	0
103.0	57	8.1	450.4	36.4	3	Maxwell	(1, 2)	2	8	1253.53544107	0	1382.23544107	False	0	False	0	False	2053.53544107	0
103.0	57	8.1	450.4	346.1	3	Maxwell	(1,)	-1	11	1253.53544107	0	1382.23544107	False	0	False	0	False	2053.53544107	0
103.0	57	8.1	450.4	92.5	4	Maxwell	(1, 2)	2	8	1193.02867262	0	1321.72867262	False	0	False	0	False	1993.02867262	0
103.0	57	8.1	450.4	405.7	4	Maxwell	(1,)	-1	11	1193.02867262	0	1321.72867262	False	0	False	0	False	1993.02867262	0
104.0	58	7.1	457.5	99.6	1	Maxwell	(1, 2)	2	8	1193.52693772	0	1322.22693772	False	0	False	0	False	1993.52693772	0
104.0	58	7.1	457.5	401.5	1	Maxwell	(1,)	-1	11	1193.52693772	0	1322.22693772	False	0	False	0	False	1993.52693772	0
104.0	58	7.1	457.5	90.9	2	Maxwell	(1, 2)	2	8	1203.95421983	0	1332.65421983	False	0	False	0	False	2003.95421983	0
104.0	58	7.1	457.5	391.7	2	Maxwell	(1,)	-1	11	1203.95421983	0	1332.65421983	False	0	False	0	False	2003.95421983	0
104.0	58	7.1	457.5	43.5	3	Maxwell	(1, 2)	2	8	1253.53544107	0	1382.23544107	False	0	False	0	False	2053.53544107	0
104.0	58	7.1	457.5	353.2	3	Maxwell	(1,)	-1	11	1253.53544107	0	1382.23544107	False	0	False	0	False	2053.53544107	0
104.0	58	7.1	457.5	99.6	4	Maxwell	(1, 2)	2	8	1193.02867262	0	1321.72867262	False	0	False	0	False	1993.02867262	0
104.0	58	7.1	457.5	412.8	4	Maxwell	(1,)	-1	11	1193.02867262	0	1321.72867262	False	0	False	0	False	1993.02867262	0
105.0	59	8.4	465.9	108.0	1	Maxwell	(1, 2)	2	8	1193.52693772	0	1322.22693772	False	0	False	0	False	1993.52693772	0
105.0	59	8.4	465.9	409.9	1	Maxwell	(1,)	-1	11	1193.52693772	0	1322.22693772	False	0	False	0	False	1993.52693772	0
105.0	59	8.4	465.9	99.3	2	Maxwell	(1, 2)	2	8	1203.95421983	0	1332.65421983	False	0	False	0	False	2003.95421983	0
105.0	59	8.4	465.9	400.1	2	Maxwell	(1,)	-1	11	1203.95421983	0	1332.65421983	False	0	False	0	False	2003.95421983	0
105.0	59	8.4	465.9	51.9	3	Maxwell	(1, 2)	2	8	1253.53544107	0	1382.23544107	False	0	False	0	False	2053.53544107	0
105.0	59	8.4	465.9	361.6	3	Maxwell	(1,)	-1	11	1253.53544107	0	1382.23544107	False	0	False	0	False	2053.53544107	0
105.0	59	8.4	465.9	108.0	4	Maxwell	(1, 2)	2	8	1193.02867262	0	1321.72867262	False	0	False	0	False	1993.02867262	0
105.0	59	8.4	465.9	421.2	4	Maxwell	(1,)	-1	11	1193.02867262	0	1321.72867262	False	0	False	0	False	1993.02867262	0
106.0	60	6.4	472.3	114.4	1	Maxwell	(1, 2)	2	8	1193.52693772	0	1322.22693772	False	0	False	0	False	1993.52693772	0
106.0	60	6.4	472.3	416.3	1	Maxwell	(1,)	-1	11	1193.52693772	0	1322.22693772	False	0	False	0	False	1993.52693772	0
106.0	60	6.4	472.3	105.7	2	Maxwell	(1, 2)	2	8	1203.95421983	0	1332.65421983	False	0	False	0	False	2003.95421983	0
106.0	60	6.4	472.3	6.4	2	Maxwell	(1, 3)	3	7	1203.95421983	0	1332.65421983	False	0	False	0	False	10000.0	0
106.0	60	6.4	472.3	406.5	2	Maxwell	(1,)	-1	11	1203.95421983	0	1332.65421983	False	0	False	0	False	2003.95421983	0
106.0	60	6.4	472.3	58.3	3	Maxwell	(1, 2)	2	8	1253.53544107	0	1382.23544107	False	0	False	0	False	2053.53544107	0
106.0	60	6.4	472.3	368.0	3	Maxwell	(1,)	-1	11	1253.53544107	0	1382.23544107	False	0	False	0	False	2053.53544107	0
106.0	60	6.4	472.3	114.4	4	Maxwell	(1, 2)	2	8	1193.02867262	0	1321.72867262	False	0	False	0	False	1993.02867262	0
106.0	60	6.4	472.3	427.6	4	Maxwell	(1,)	-1	11	1193.02867262	0	1321.72867262	False	0	False	0	False	1993.02867262	0
107.0	61	9.1	481.4	123.5	1	Maxwell	(1, 2)	2	8	1193.52693772	0	1322.22693772	False	0	False	0	False	1993.52693772	0
107.0	61	9.1	481.4	425.4	1	Maxwell	(1,)	-1	11	1193.52693772	0	1322.22693772	False	0	False	0	False	1993.52693772	0
107.0	61	9.1	481.4	114.8	2	Maxwell	(1, 2)	2	8	1203.95421983	0	1332.65421983	False	0	False	0	False	2003.95421983	0
107.0	61	9.1	481.4	15.5	2	Maxwell	(1, 3)	3	7	1203.95421983	0	1332.65421983	False	0	False	0	False	10000.0	0
107.0	61	9.1	481.4	415.6	2	Maxwell	(1,)	-1	11	1203.95421983	0	1332.65421983	False	0	False	0	False	2003.95421983	0
107.0	61	9.1	481.4	67.4	3	Maxwell	(1, 2)	2	8	1253.53544107	0	1382.23544107	False	0	False	0	False	2053.53544107	0
107.0	61	9.1	481.4	377.1	3	Maxwell	(1,)	-1	11	1253.53544107	0	1382.23544107	False	0	False	0	False	2053.53544107	0
107.0	61	9.1	481.4	123.5	4	Maxwell	(1, 2)	2	8	1193.02867262	0	1321.72867262	False	0	False	0	False	1993.02867262	0
107.0	61	9.1	481.4	436.7	4	Maxwell	(1,)	-1	11	1193.02867262	0	1321.72867262	False	0	False	0	False	1993.02867262	0
108.0	62	12.4	493.8	135.9	1	Maxwell	(1, 2)	2	8	1193.52693772	0	1322.22693772	False	0	False	0	False	1993.52693772	0
108.0	62	12.4	493.8	437.8	1	Maxwell	(1,)	-1	11	1193.52693772	0	1322.22693772	False	0	False	0	False	1993.52693772	0
108.0	62	12.4	493.8	127.2	2	Maxwell	(1, 2)	2	8	1203.95421983	0	1332.65421983	False	0	False	0	False	2003.95421983	0
108.0	62	12.4	493.8	27.9	2	Maxwell	(1, 3)	3	7	1203.95421983	0	1332.65421983	False	0	False	0	False	10000.0	0
108.0	62	12.4	493.8	428.0	2	Maxwell	(1,)	-1	11	1203.95421983	0	1332.65421983	False	0	False	0	False	2003.95421983	0
108.0	62	12.4	493.8	79.8	3	Maxwell	(1, 2)	2	8	1253.53544107	0	1382.23544107	False	0	False	0	False	2053.53544107	0
108.0	62	12.4	493.8	389.5	3	Maxwell	(1,)	-1	11	1253.53544107	0	1382.23544107	False	0	False	0	False	2053.53544107	0
108.0	62	12.4	493.8	135.9	4	Maxwell	(1, 2)	2	8	1193.02867262	0	1321.72867262	False	0	False	0	False	1993.02867262	0
108.0	62	12.4	493.8	449.1	4	Maxwell	(1,)	-1	11	1193.02867262	0	1321.72867262	False	0	False	0	False	1993.02867262	0
109.0	63	8.3	502.1	144.2	1	Maxwell	(1, 2)	2	8	1193.52693772	0	1322.22693772	False	0	False	0	False	1993.52693772	0
109.0	63	8.3	502.1	446.1	1	Maxwell	(1,)	-1	11	1193.52693772	0	1322.22693772	False	0	False	0	False	1993.52693772	0
109.0	63	8.3	502.1	135.5	2	Maxwell	(1, 2)	2	8	1203.95421983	0	1332.65421983	False	0	False	0	False	2003.95421983	0
109.0	63	8.3	502.1	36.2	2	Maxwell	(1, 3)	3	7	1203.95421983	0	1332.65421983	False	0	False	0	False	10000.0	0
109.0	63	8.3	502.1	436.3	2	Maxwell	(1,)	-1	11	1203.95421983	0	1332.65421983	False	0	False	0	False	2003.95421983	0
109.0	63	8.3	502.1	88.1	3	Maxwell	(1, 2)	2	8	1253.53544107	0	1382.23544107	False	0	False	0	False	2053.53544107	0
109.0	63	8.3	502.1	397.8	3	Maxwell	(1,)	-1	11	1253.53544107	0	1382.23544107	False	0	False	0	False	2053.53544107	0
109.0	63	8.3	502.1	144.2	4	Maxwell	(1, 2)	2	8	1193.02867262	0	1321.72867262	False	0	False	0	False	1993.02867262	0
109.0	63	8.3	502.1	457.4	4	Maxwell	(1,)	-1	11	1193.02867262	0	1321.72867262	False	0	False	0	False	1993.02867262	0
110.0	64	6.0	508.1	150.2	1	Maxwell	(1, 2)	2	8	1193.52693772	0	1322.22693772	False	0	False	0	False	1993.52693772	0
110.0	64	6.0	508.1	452.1	1	Maxwell	(1,)	-1	11	1193.52693772	0	1322.22693772	False	0	False	0	False	1993.52693772	0
110.0	64	6.0	508.1	141.5	2	Maxwell	(1, 2)	2	8	1203.95421983	0	1332.65421983	False	0	False	0	False	2003.95421983	0
110.0	64	6.0	508.1	42.2	2	Maxwell	(1, 3)	3	7	1203.95421983	0	1332.65421983	False	0	False	0	False	10000.0	0
110.0	64	6.0	508.1	442.3	2	Maxwell	(1,)	-1	11	1203.95421983	0	1332.65421983	False	0	False	0	False	2003.95421983	0
110.0	64	6.0	508.1	94.1	3	Maxwell	(1, 2)	2	8	1253.53544107	0	1382.23544107	False	0	False	0	False	2053.53544107	0
110.0	64	6.0	508.1	403.8	3	Maxwell	(1,)	-1	11	1253.53544107	0	1382.23544107	False	0	False	0	False	2053.53544107	0
110.0	64	6.0	508.1	150.2	4	Maxwell	(1, 2)	2	8	1193.02867262	0	1321.72867262	False	0	False	0	False	1993.02867262	0
110.0	64	6.0	508.1	463.4	4	Maxwell	(1,)	-1	11	1193.02867262	0	1321.72867262	False	0	False	0	False	1993.02867262	0
111.0	65	6.8	514.9	157.0	1	Maxwell	(1, 2)	2	8	1193.52693772	0	1322.22693772	False	0	False	0	False	1993.52693772	0
111.0	65	6.8	514.9	458.9	1	Maxwell	(1,)	-1	11	1193.52693772	0	1322.22693772	False	0	False	0	False	1993.52693772	0
111.0	65	6.8	514.9	148.3	2	Maxwell	(1, 2)	2	8	1203.95421983	0	1332.65421983	False	0	False	0	False	2003.95421983	0
111.0	65	6.8	514.9	49.0	2	Maxwell	(1, 3)	3	7	1203.95421983	0	1332.65421983	False	0	False	0	False	10000.0	0
111.0	65	6.8	514.9	449.1	2	Maxwell	(1,)	-1	11	1203.95421983	0	1332.65421983	False	0	False	0	False	2003.95421983	0
111.0	65	6.8	514.9	100.9	3	Maxwell	(1, 2)	2	8	1253.53544107	0	1382.23544107	False	0	False	0	False	2053.53544107	0
111.0	65	6.8	514.9	410.6	3	Maxwell	(1,)	-1	11	1253.53544107	0	1382.23544107	False	0	False	0	False	2053.53544107	0
111.0	65	6.8	514.9	157.0	4	Maxwell	(1, 2)	2	8	1193.02867262	0	1321.72867262	False	0	False	0	False	1993.02867262	0
111.0	65	6.8	514.9	470.2	4	Maxwell	(1,)	-1	11	1193.02867262	0	1321.72867262	False	0	False	0	False	1993.02867262	0
112.0	66	5.3	520.2	162.3	1	Maxwell	(1, 2)	2	8	1193.52693772	0	1322.22693772	False	0	False	0	False	1993.52693772	0
112.0	66	5.3	520.2	464.2	1	Maxwell	(1,)	-1	11	1193.52693772	0	1322.22693772	False	0	False	0	False	1993.52693772	0
112.0	66	5.3	520.2	153.6	2	Maxwell	(1, 2)	2	8	1203.95421983	0	1332.65421983	False	0	False	0	False	2003.95421983	0
112.0	66	5.3	520.2	54.3	2	Maxwell	(1, 3)	3	7	1203.95421983	0	1332.65421983	False	0	False	0	False	10000.0	0
112.0	66	5.3	520.2	454.4	2	Maxwell	(1,)	-1	11	1203.95421983	0	1332.65421983	False	0	False	0	False	2003.95421983	0
112.0	66	5.3	520.2	106.2	3	Maxwell	(1, 2)	2	8	1253.53544107	0	1382.23544107	False	0	False	0	False	2053.53544107	0
112.0	66	5.3	520.2	5.3	3	Maxwell	(1, 3)	3	7	1253.53544107	0	1382.23544107	False	0	False	0	False	10000.0	0
112.0	66	5.3	520.2	415.9	3	Maxwell	(1,)	-1	11	1253.53544107	0	1382.23544107	False	0	False	0	False	2053.53544107	0
112.0	66	5.3	520.2	162.3	4	Maxwell	(1, 2)	2	8	1193.02867262	0	1321.72867262	False	0	False	0	False	1993.02867262	0
112.0	66	5.3	520.2	475.5	4	Maxwell	(1,)	-1	11	1193.02867262	0	1321.72867262	False	0	False	0	False	1993.02867262	0
113.0	67	4.8	525.0	167.1	1	Maxwell	(1, 2)	2	8	1193.52693772	0	1322.22693772	False	0	False	0	False	1993.52693772	0
113.0	67	4.8	525.0	469.0	1	Maxwell	(1,)	-1	11	1193.52693772	0	1322.22693772	False	0	False	0	False	1993.52693772	0
113.0	67	4.8	525.0	158.4	2	Maxwell	(1, 2)	2	8	1203.95421983	0	1332.65421983	False	0	False	0	False	2003.95421983	0
113.0	67	4.8	525.0	59.1	2	Maxwell	(1, 3)	3	7	1203.95421983	0	1332.65421983	False	0	False	0	False	10000.0	0
113.0	67	4.8	525.0	459.2	2	Maxwell	(1,)	-1	11	1203.95421983	0	1332.65421983	False	0	False	0	False	2003.95421983	0
113.0	67	4.8	525.0	111.0	3	Maxwell	(1, 2)	2	8	1253.53544107	0	1382.23544107	False	0	False	0	False	2053.53544107	0
113.0	67	4.8	525.0	10.1	3	Maxwell	(1, 3)	3	7	1253.53544107	0	1382.23544107	False	0	False	0	False	10000.0	0
113.0	67	4.8	525.0	420.7	3	Maxwell	(1,)	-1	11	1253.53544107	0	1382.23544107	False	0	False	0	False	2053.53544107	0
113.0	67	4.8	525.0	167.1	4	Maxwell	(1, 2)	2	8	1193.02867262	0	1321.72867262	False	0	False	0	False	1993.02867262	0
113.0	67	4.8	525.0	480.3	4	Maxwell	(1,)	-1	11	1193.02867262	0	1321.72867262	False	0	False	0	False	1993.02867262	0
114.0	68	3.6	528.6	170.7	1	Maxwell	(1, 2)	2	8	1193.52693772	0	1322.22693772	False	0	False	0	False	1993.52693772	0
114.0	68	3.6	528.6	472.6	1	Maxwell	(1,)	-1	11	1193.52693772	0	1322.22693772	False	0	False	0	False	1993.52693772	0
114.0	68	3.6	528.6	162.0	2	Maxwell	(1, 2)	2	8	1203.95421983	0	1332.65421983	False	0	False	0	False	2003.95421983	0
114.0	68	3.6	528.6	62.7	2	Maxwell	(1, 3)	3	7	1203.95421983	0	1332.65421983	False	0	False	0	False	10000.0	0
114.0	68	3.6	528.6	462.8	2	Maxwell	(1,)	-1	11	1203.95421983	0	1332.65421983	False	0	False	0	False	2003.95421983	0
114.0	68	3.6	528.6	114.6	3	Maxwell	(1, 2)	2	8	1253.53544107	0	1382.23544107	False	0	False	0	False	2053.53544107	0
114.0	68	3.6	528.6	13.7	3	Maxwell	(1, 3)	3	7	1253.53544107	0	1382.23544107	False	0	False	0	False	10000.0	0
114.0	68	3.6	528.6	424.3	3	Maxwell	(1,)	-1	11	1253.53544107	0	1382.23544107	False	0	False	0	False	2053.53544107	0
114.0	68	3.6	528.6	170.7	4	Maxwell	(1, 2)	2	8	1193.02867262	0	1321.72867262	False	0	False	0	False	1993.02867262	0
114.0	68	3.6	528.6	483.9	4	Maxwell	(1,)	-1	11	1193.02867262	0	1321.72867262	False	0	False	0	False	1993.02867262	0
115.0	69	2.2	530.8	172.9	1	Maxwell	(1, 2)	2	8	1193.52693772	0	1322.22693772	False	0	False	0	False	1993.52693772	0
115.0	69	2.2	530.8	474.8	1	Maxwell	(1,)	-1	11	1193.52693772	0	1322.22693772	False	0	False	0	False	1993.52693772	0
115.0	69	2.2	530.8	164.2	2	Maxwell	(1, 2)	2	8	1203.95421983	0	1332.65421983	False	0	False	0	False	2003.95421983	0
115.0	69	2.2	530.8	64.9	2	Maxwell	(1, 3)	3	7	1203.95421983	0	1332.65421983	False	0	False	0	False	10000.0	0
115.0	69	2.2	530.8	465.0	2	Maxwell	(1,)	-1	11	1203.95421983	0	1332.65421983	False	0	False	0	False	2003.95421983	0
115.0	69	2.2	530.8	116.8	3	Maxwell	(1, 2)	2	8	1253.53544107	0	1382.23544107	False	0	False	0	False	2053.53544107	0
115.0	69	2.2	530.8	15.9	3	Maxwell	(1, 3)	3	7	1253.53544107	0	1382.23544107	False	0	False	0	False	10000.0	0
115.0	69	2.2	530.8	426.5	3	Maxwell	(1,)	-1	11	1253.53544107	0	1382.23544107	False	0	False	0	False	2053.53544107	0
115.0	69	2.2	530.8	172.9	4	Maxwell	(1, 2)	2	8	1193.02867262	0	1321.72867262	False	0	False	0	False	1993.02867262	0
115.0	69	2.2	530.8	486.1	4	Maxwell	(1,)	-1	11	1193.02867262	0	1321.72867262	False	0	False	0	False	1993.02867262	0
116.0	70	4.4	535.2	177.3	1	Maxwell	(1, 2)	2	8	1193.52693772	0	1322.22693772	False	0	False	0	False	1993.52693772	0
116.0	70	4.4	535.2	479.2	1	Maxwell	(1,)	-1	11	1193.52693772	0	1322.22693772	False	0	False	0	False	1993.52693772	0
116.0	70	4.4	535.2	168.6	2	Maxwell	(1, 2)	2	8	1203.95421983	0	1332.65421983	False	0	False	0	False	2003.95421983	0
116.0	70	4.4	535.2	69.3	2	Maxwell	(1, 3)	3	7	1203.95421983	0	1332.65421983	False	0	False	0	False	10000.0	0
116.0	70	4.4	535.2	469.4	2	Maxwell	(1,)	-1	11	1203.95421983	0	1332.65421983	False	0	False	0	False	2003.95421983	0
116.0	70	4.4	535.2	121.2	3	Maxwell	(1, 2)	2	8	1253.53544107	0	1382.23544107	False	0	False	0	False	2053.53544107	0
116.0	70	4.4	535.2	20.3	3	Maxwell	(1, 3)	3	7	1253.53544107	0	1382.23544107	False	0	False	0	False	10000.0	0
116.0	70	4.4	535.2	430.9	3	Maxwell	(1,)	-1	11	1253.53544107	0	1382.23544107	False	0	False	0	False	2053.53544107	0
116.0	70	4.4	535.2	177.3	4	Maxwell	(1, 2)	2	8	1193.02867262	0	1321.72867262	False	0	False	0	False	1993.02867262	0
116.0	70	4.4	535.2	490.5	4	Maxwell	(1,)	-1	11	1193.02867262	0	1321.72867262	False	0	False	0	False	1993.02867262	0
117.0	71	5.5	540.7	182.8	1	Maxwell	(1, 2)	2	8	1193.52693772	0	1322.22693772	False	0	False	0	False	1993.52693772	0
117.0	71	5.5	540.7	484.7	1	Maxwell	(1,)	-1	11	1193.52693772	0	1322.22693772	False	0	False	0	False	1993.52693772	0
117.0	71	5.5	540.7	174.1	2	Maxwell	(1, 2)	2	8	1203.95421983	0	1332.65421983	False	0	False	0	False	2003.95421983	0
117.0	71	5.5	540.7	74.8	2	Maxwell	(1, 3)	3	7	1203.95421983	0	1332.65421983	False	0	False	0	False	10000.0	0
117.0	71	5.5	540.7	474.9	2	Maxwell	(1,)	-1	11	1203.95421983	0	1332.65421983	False	0	False	0	False	2003.95421983	0
117.0	71	5.5	540.7	126.7	3	Maxwell	(1, 2)	2	8	1253.53544107	0	1382.23544107	False	0	False	0	False	2053.53544107	0
117.0	71	5.5	540.7	25.8	3	Maxwell	(1, 3)	3	7	1253.53544107	0	1382.23544107	False	0	False	0	False	10000.0	0
117.0	71	5.5	540.7	436.4	3	Maxwell	(1,)	-1	11	1253.53544107	0	1382.23544107	False	0	False	0	False	2053.53544107	0
117.0	71	5.5	540.7	182.8	4	Maxwell	(1, 2)	2	8	1193.02867262	0	1321.72867262	False	0	False	0	False	1993.02867262	0
117.0	71	5.5	540.7	496.0	4	Maxwell	(1,)	-1	11	1193.02867262	0	1321.72867262	False	0	False	0	False	1993.02867262	0
118.0	72	5.0	545.7	187.8	1	Maxwell	(1, 2)	2	8	1193.52693772	0	1322.22693772	False	0	False	0	False	1993.52693772	0
118.0	72	5.0	545.7	489.7	1	Maxwell	(1,)	-1	11	1193.52693772	0	1322.22693772	False	0	False	0	False	1993.52693772	0
118.0	72	5.0	545.7	179.1	2	Maxwell	(1, 2)	2	8	1203.95421983	0	1332.65421983	False	0	False	0	False	2003.95421983	0
118.0	72	5.0	545.7	79.8	2	Maxwell	(1, 3)	3	7	1203.95421983	0	1332.65421983	False	0	False	0	False	10000.0	0
118.0	72	5.0	545.7	479.9	2	Maxwell	(1,)	-1	11	1203.95421983	0	1332.65421983	False	0	False	0	False	2003.95421983	0
118.0	72	5.0	545.7	131.7	3	Maxwell	(1, 2)	2	8	1253.53544107	0	1382.23544107	False	0	False	0	False	2053.53544107	0
118.0	72	5.0	545.7	30.8	3	Maxwell	(1, 3)	3	7	1253.53544107	0	1382.23544107	False	0	False	0	False	10000.0	0
118.0	72	5.0	545.7	441.4	3	Maxwell	(1,)	-1	11	1253.53544107	0	1382.23544107	False	0	False	0	False	2053.53544107	0
118.0	72	5.0	545.7	187.8	4	Maxwell	(1, 2)	2	8	1193.02867262	0	1321.72867262	False	0	False	0	False	1993.02867262	0
118.0	72	5.0	545.7	501.0	4	Maxwell	(1,)	-1	11	1193.02867262	0	1321.72867262	False	0	False	0	False	1993.02867262	0
119.0	73	3.5	549.2	191.3	1	Maxwell	(1, 2)	2	8	1193.52693772	0	1322.22693772	False	0	False	0	False	1993.52693772	0
119.0	73	3.5	549.2	493.2	1	Maxwell	(1,)	-1	11	1193.52693772	0	1322.22693772	False	0	False	0	False	1993.52693772	0
119.0	73	3.5	549.2	182.6	2	Maxwell	(1, 2)	2	8	1203.95421983	0	1332.65421983	False	0	False	0	False	2003.95421983	0
119.0	73	3.5	549.2	83.3	2	Maxwell	(1, 3)	3	7	1203.95421983	0	1332.65421983	False	0	False	0	False	10000.0	0
119.0	73	3.5	549.2	483.4	2	Maxwell	(1,)	-1	11	1203.95421983	0	1332.65421983	False	0	False	0	False	2003.95421983	0
119.0	73	3.5	549.2	135.2	3	Maxwell	(1, 2)	2	8	1253.53544107	0	1382.23544107	False	0	False	0	False	2053.53544107	0
119.0	73	3.5	549.2	34.3	3	Maxwell	(1, 3)	3	7	1253.53544107	0	1382.23544107	False	0	False	0	False	10000.0	0
119.0	73	3.5	549.2	444.9	3	Maxwell	(1,)	-1	11	1253.53544107	0	1382.23544107	False	0	False	0	False	2053.53544107	0
119.0	73	3.5	549.2	191.3	4	Maxwell	(1, 2)	2	8	1193.02867262	0	1321.72867262	False	0	False	0	False	1993.02867262	0
119.0	73	3.5	549.2	504.5	4	Maxwell	(1,)	-1	11	1193.02867262	0	1321.72867262	False	0	False	0	False	1993.02867262	0
120.0	74	4.1	553.3	195.4	1	Maxwell	(1, 2)	2	8	1193.52693772	0	1322.22693772	False	0	False	0	False	1993.52693772	0
120.0	74	4.1	553.3	497.3	1	Maxwell	(1,)	-1	11	1193.52693772	0	1322.22693772	False	0	False	0	False	1993.52693772	0
120.0	74	4.1	553.3	186.7	2	Maxwell	(1, 2)	2	8	1203.95421983	0	1332.65421983	False	0	False	0	False	2003.95421983	0
120.0	74	4.1	553.3	87.4	2	Maxwell	(1, 3)	3	7	1203.95421983	0	1332.65421983	False	0	False	0	False	10000.0	0
120.0	74	4.1	553.3	487.5	2	Maxwell	(1,)	-1	11	1203.95421983	0	1332.65421983	False	0	False	0	False	2003.95421983	0
120.0	74	4.1	553.3	139.3	3	Maxwell	(1, 2)	2	8	1253.53544107	0	1382.23544107	False	0	False	0	False	2053.53544107	0
120.0	74	4.1	553.3	38.4	3	Maxwell	(1, 3)	3	7	1253.53544107	0	1382.23544107	False	0	False	0	False	10000.0	0
120.0	74	4.1	553.3	449.0	3	Maxwell	(1,)	-1	11	1253.53544107	0	1382.23544107	False	0	False	0	False	2053.53544107	0
120.0	74	4.1	553.3	195.4	4	Maxwell	(1, 2)	2	8	1193.02867262	0	1321.72867262	False	0	False	0	False	1993.02867262	0
120.0	74	4.1	553.3	508.6	4	Maxwell	(1,)	-1	11	1193.02867262	0	1321.72867262	False	0	False	0	False	1993.02867262	0
121.0	75	9.3	562.6	9.3	1	Maxwell	(1, 2, 1)	4	6	1193.52693772	0	1322.22693772	False	0	False	0	False	10000.0	0
121.0	75	9.3	562.6	204.7	1	Maxwell	(1, 2)	2	8	1193.52693772	0	1322.22693772	False	0	False	0	False	1993.52693772	0
121.0	75	9.3	562.6	9.3	1	Maxwell	(1, 4)	4	6	1193.52693772	0	1322.22693772	False	0	False	0	False	10000.0	0
121.0	75	9.3	562.6	506.6	1	Maxwell	(1,)	-1	11	1193.52693772	0	1322.22693772	False	0	False	0	False	1993.52693772	0
121.0	75	9.3	562.6	196.0	2	Maxwell	(1, 2)	2	8	1203.95421983	0	1332.65421983	False	0	False	0	False	2003.95421983	0
121.0	75	9.3	562.6	96.7	2	Maxwell	(1, 3)	3	7	1203.95421983	0	1332.65421983	False	0	False	0	False	10000.0	0
121.0	75	9.3	562.6	496.8	2	Maxwell	(1,)	-1	11	1203.95421983	0	1332.65421983	False	0	False	0	False	2003.95421983	0
121.0	75	9.3	562.6	148.6	3	Maxwell	(1, 2)	2	8	1253.53544107	0	1382.23544107	False	0	False	0	False	2053.53544107	0
121.0	75	9.3	562.6	47.7	3	Maxwell	(1, 3)	3	7	1253.53544107	0	1382.23544107	False	0	False	0	False	10000.0	0
121.0	75	9.3	562.6	458.3	3	Maxwell	(1,)	-1	11	1253.53544107	0	1382.23544107	False	0	False	0	False	2053.53544107	0
121.0	75	9.3	562.6	204.7	4	Maxwell	(1, 2)	2	8	1193.02867262	0	1321.72867262	False	0	False	0	False	1993.02867262	0
121.0	75	9.3	562.6	9.3	4	Maxwell	(1, 4)	4	6	1193.02867262	0	1321.72867262	False	0	False	0	False	10000.0	0
121.0	75	9.3	562.6	517.9	4	Maxwell	(1,)	-1	11	1193.02867262	0	1321.72867262	False	0	False	0	False	1993.02867262	0
122.0	76	8.9	571.5	18.2	1	Maxwell	(1, 2, 1)	4	6	1193.52693772	0	1322.22693772	False	0	False	0	False	10000.0	0
122.0	76	8.9	571.5	213.6	1	Maxwell	(1, 2)	2	8	1193.52693772	0	1322.22693772	False	0	False	0	False	1993.52693772	0
122.0	76	8.9	571.5	18.2	1	Maxwell	(1, 4)	4	6	1193.52693772	0	1322.22693772	False	0	False	0	False	10000.0	0
122.0	76	8.9	571.5	515.5	1	Maxwell	(1,)	-1	11	1193.52693772	0	1322.22693772	False	0	False	0	False	1993.52693772	0
122.0	76	8.9	571.5	8.9	2	Maxwell	(1, 2, 1)	4	6	1203.95421983	0	1332.65421983	False	0	False	0	False	10000.0	0
122.0	76	8.9	571.5	204.9	2	Maxwell	(1, 2)	2	8	1203.95421983	0	1332.65421983	False	0	False	0	False	2003.95421983	0
122.0	76	8.9	571.5	105.6	2	Maxwell	(1, 3)	3	7	1203.95421983	0	1332.65421983	False	0	False	0	False	10000.0	0
122.0	76	8.9	571.5	8.9	2	Maxwell	(1, 4)	4	6	1203.95421983	0	1332.65421983	False	0	False	0	False	10000.0	0
122.0	76	8.9	571.5	505.7	2	Maxwell	(1,)	-1	11	1203.95421983	0	1332.65421983	False	0	False	0	False	2003.95421983	0
122.0	76	8.9	571.5	157.5	3	Maxwell	(1, 2)	2	8	1253.53544107	0	1382.23544107	False	0	False	0	False	2053.53544107	0
122.0	76	8.9	571.5	56.6	3	Maxwell	(1, 3)	3	7	1253.53544107	0	1382.23544107	False	0	False	0	False	10000.0	0
122.0	76	8.9	571.5	467.2	3	Maxwell	(1,)	-1	11	1253.53544107	0	1382.23544107	False	0	False	0	False	2053.53544107	0
122.0	76	8.9	571.5	213.6	4	Maxwell	(1, 2)	2	8	1193.02867262	0	1321.72867262	False	0	False	0	False	1993.02867262	0
122.0	76	8.9	571.5	18.2	4	Maxwell	(1, 4)	4	6	1193.02867262	0	1321.72867262	False	0	False	0	False	10000.0	0
122.0	76	8.9	571.5	526.8	4	Maxwell	(1,)	-1	11	1193.02867262	0	1321.72867262	False	0	False	0	False	1993.02867262	0
123.0	77	8.6	580.1	26.8	1	Maxwell	(1, 2, 1)	4	6	1193.52693772	0	1322.22693772	False	0	False	0	False	10000.0	0
123.0	77	8.6	580.1	222.2	1	Maxwell	(1, 2)	2	8	1193.52693772	0	1322.22693772	False	0	False	0	False	1993.52693772	0
123.0	77	8.6	580.1	26.8	1	Maxwell	(1, 4)	4	6	1193.52693772	0	1322.22693772	False	0	False	0	False	10000.0	0
123.0	77	8.6	580.1	524.1	1	Maxwell	(1,)	-1	11	1193.52693772	0	1322.22693772	False	0	False	0	False	1993.52693772	0
123.0	77	8.6	580.1	17.5	2	Maxwell	(1, 2, 1)	4	6	1203.95421983	0	1332.65421983	False	0	False	0	False	10000.0	0
123.0	77	8.6	580.1	213.5	2	Maxwell	(1, 2)	2	8	1203.95421983	0	1332.65421983	False	0	False	0	False	2003.95421983	0
123.0	77	8.6	580.1	114.2	2	Maxwell	(1, 3)	3	7	1203.95421983	0	1332.65421983	False	0	False	0	False	10000.0	0
123.0	77	8.6	580.1	17.5	2	Maxwell	(1, 4)	4	6	1203.95421983	0	1332.65421983	False	0	False	0	False	10000.0	0
123.0	77	8.6	580.1	514.3	2	Maxwell	(1,)	-1	11	1203.95421983	0	1332.65421983	False	0	False	0	False	2003.95421983	0
123.0	77	8.6	580.1	166.1	3	Maxwell	(1, 2)	2	8	1253.53544107	0	1382.23544107	False	0	False	0	False	2053.53544107	0
123.0	77	8.6	580.1	65.2	3	Maxwell	(1, 3)	3	7	1253.53544107	0	1382.23544107	False	0	False	0	False	10000.0	0
123.0	77	8.6	580.1	475.8	3	Maxwell	(1,)	-1	11	1253.53544107	0	1382.23544107	False	0	False	0	False	2053.53544107	0
123.0	77	8.6	580.1	222.2	4	Maxwell	(1, 2)	2	8	1193.02867262	0	1321.72867262	False	0	False	0	False	1993.02867262	0
123.0	77	8.6	580.1	26.8	4	Maxwell	(1, 4)	4	6	1193.02867262	0	1321.72867262	False	0	False	0	False	10000.0	0
123.0	77	8.6	580.1	535.4	4	Maxwell	(1,)	-1	11	1193.02867262	0	1321.72867262	False	0	False	0	False	1993.02867262	0
124.0	78	5.3	585.4	32.1	1	Maxwell	(1, 2, 1)	4	6	1193.52693772	0	1322.22693772	False	0	False	0	False	10000.0	0
124.0	78	5.3	585.4	227.5	1	Maxwell	(1, 2)	2	8	1193.52693772	0	1322.22693772	False	0	False	0	False	1993.52693772	0
124.0	78	5.3	585.4	32.1	1	Maxwell	(1, 4)	4	6	1193.52693772	0	1322.22693772	False	0	False	0	False	10000.0	0
124.0	78	5.3	585.4	529.4	1	Maxwell	(1,)	-1	11	1193.52693772	0	1322.22693772	False	0	False	0	False	1993.52693772	0
124.0	78	5.3	585.4	22.8	2	Maxwell	(1, 2, 1)	4	6	1203.95421983	0	1332.65421983	False	0	False	0	False	10000.0	0
124.0	78	5.3	585.4	218.8	2	Maxwell	(1, 2)	2	8	1203.95421983	0	1332.65421983	False	0	False	0	False	2003.95421983	0
124.0	78	5.3	585.4	119.5	2	Maxwell	(1, 3)	3	7	1203.95421983	0	1332.65421983	False	0	False	0	False	10000.0	0
124.0	78	5.3	585.4	22.8	2	Maxwell	(1, 4)	4	6	1203.95421983	0	1332.65421983	False	0	False	0	False	10000.0	0
124.0	78	5.3	585.4	519.6	2	Maxwell	(1,)	-1	11	1203.95421983	0	1332.65421983	False	0	False	0	False	2003.95421983	0
124.0	78	5.3	585.4	171.4	3	Maxwell	(1, 2)	2	8	1253.53544107	0	1382.23544107	False	0	False	0	False	2053.53544107	0
124.0	78	5.3	585.4	70.5	3	Maxwell	(1, 3)	3	7	1253.53544107	0	1382.23544107	False	0	False	0	False	10000.0	0
124.0	78	5.3	585.4	481.1	3	Maxwell	(1,)	-1	11	1253.53544107	0	1382.23544107	False	0	False	0	False	2053.53544107	0
124.0	78	5.3	585.4	227.5	4	Maxwell	(1, 2)	2	8	1193.02867262	0	1321.72867262	False	0	False	0	False	1993.02867262	0
124.0	78	5.3	585.4	32.1	4	Maxwell	(1, 4)	4	6	1193.02867262	0	1321.72867262	False	0	False	0	False	10000.0	0
124.0	78	5.3	585.4	540.7	4	Maxwell	(1,)	-1	11	1193.02867262	0	1321.72867262	False	0	False	0	False	1993.02867262	0
125.0	79	2.5	587.9	34.6	1	Maxwell	(1, 2, 1)	4	6	1193.52693772	0	1322.22693772	False	0	False	0	False	10000.0	0
125.0	79	2.5	587.9	230.0	1	Maxwell	(1, 2)	2	8	1193.52693772	0	1322.22693772	False	0	False	0	False	1993.52693772	0
125.0	79	2.5	587.9	34.6	1	Maxwell	(1, 4)	4	6	1193.52693772	0	1322.22693772	False	0	False	0	False	10000.0	0
125.0	79	2.5	587.9	531.9	1	Maxwell	(1,)	-1	11	1193.52693772	0	1322.22693772	False	0	False	0	False	1993.52693772	0
125.0	79	2.5	587.9	25.3	2	Maxwell	(1, 2, 1)	4	6	1203.95421983	0	1332.65421983	False	0	False	0	False	10000.0	0
125.0	79	2.5	587.9	221.3	2	Maxwell	(1, 2)	2	8	1203.95421983	0	1332.65421983	False	0	False	0	False	2003.95421983	0
125.0	79	2.5	587.9	122.0	2	Maxwell	(1, 3)	3	7	1203.95421983	0	1332.65421983	False	0	False	0	False	10000.0	0
125.0	79	2.5	587.9	25.3	2	Maxwell	(1, 4)	4	6	1203.95421983	0	1332.65421983	False	0	False	0	False	10000.0	0
125.0	79	2.5	587.9	522.1	2	Maxwell	(1,)	-1	11	1203.95421983	0	1332.65421983	False	0	False	0	False	2003.95421983	0
125.0	79	2.5	587.9	173.9	3	Maxwell	(1, 2)	2	8	1253.53544107	0	1382.23544107	False	0	False	0	False	2053.53544107	0
125.0	79	2.5	587.9	73.0	3	Maxwell	(1, 3)	3	7	1253.53544107	0	1382.23544107	False	0	False	0	False	10000.0	0
125.0	79	2.5	587.9	483.6	3	Maxwell	(1,)	-1	11	1253.53544107	0	1382.23544107	False	0	False	0	False	2053.53544107	0
125.0	79	2.5	587.9	230.0	4	Maxwell	(1, 2)	2	8	1193.02867262	0	1321.72867262	False	0	False	0	False	1993.02867262	0
125.0	79	2.5	587.9	34.6	4	Maxwell	(1, 4)	4	6	1193.02867262	0	1321.72867262	False	0	False	0	False	10000.0	0
125.0	79	2.5	587.9	543.2	4	Maxwell	(1,)	-1	11	1193.02867262	0	1321.72867262	False	0	False	0	False	1993.02867262	0
126.0	80	3.9	591.8	38.5	1	Maxwell	(1, 2, 1)	4	6	1193.52693772	0	1322.22693772	False	0	False	0	False	10000.0	0
126.0	80	3.9	591.8	233.9	1	Maxwell	(1, 2)	2	8	1193.52693772	0	1322.22693772	False	0	False	0	False	1993.52693772	0
126.0	80	3.9	591.8	38.5	1	Maxwell	(1, 4)	4	6	1193.52693772	0	1322.22693772	False	0	False	0	False	10000.0	0
126.0	80	3.9	591.8	535.8	1	Maxwell	(1,)	-1	11	1193.52693772	0	1322.22693772	False	0	False	0	False	1993.52693772	0
126.0	80	3.9	591.8	29.2	2	Maxwell	(1, 2, 1)	4	6	1203.95421983	0	1332.65421983	False	0	False	0	False	10000.0	0
126.0	80	3.9	591.8	225.2	2	Maxwell	(1, 2)	2	8	1203.95421983	0	1332.65421983	False	0	False	0	False	2003.95421983	0
126.0	80	3.9	591.8	125.9	2	Maxwell	(1, 3)	3	7	1203.95421983	0	1332.65421983	False	0	False	0	False	10000.0	0
126.0	80	3.9	591.8	29.2	2	Maxwell	(1, 4)	4	6	1203.95421983	0	1332.65421983	False	0	False	0	False	10000.0	0
126.0	80	3.9	591.8	526.0	2	Maxwell	(1,)	-1	11	1203.95421983	0	1332.65421983	False	0	False	0	False	2003.95421983	0
126.0	80	3.9	591.8	177.8	3	Maxwell	(1, 2)	2	8	1253.53544107	0	1382.23544107	False	0	False	0	False	2053.53544107	0
126.0	80	3.9	591.8	76.9	3	Maxwell	(1, 3)	3	7	1253.53544107	0	1382.23544107	False	0	False	0	False	10000.0	0
126.0	80	3.9	591.8	487.5	3	Maxwell	(1,)	-1	11	1253.53544107	0	1382.23544107	False	0	False	0	False	2053.53544107	0
126.0	80	3.9	591.8	233.9	4	Maxwell	(1, 2)	2	8	1193.02867262	0	1321.72867262	False	0	False	0	False	1993.02867262	0
126.0	80	3.9	591.8	38.5	4	Maxwell	(1, 4)	4	6	1193.02867262	0	1321.72867262	False	0	False	0	False	10000.0	0
126.0	80	3.9	591.8	547.1	4	Maxwell	(1,)	-1	11	1193.02867262	0	1321.72867262	False	0	False	0	False	1993.02867262	0
127.0	81	4.6	596.4	43.1	1	Maxwell	(1, 2, 1)	4	6	1193.52693772	0	1322.22693772	False	0	False	0	False	10000.0	0
127.0	81	4.6	596.4	238.5	1	Maxwell	(1, 2)	2	8	1193.52693772	0	1322.22693772	False	0	False	0	False	1993.52693772	0
127.0	81	4.6	596.4	43.1	1	Maxwell	(1, 4)	4	6	1193.52693772	0	1322.22693772	False	0	False	0	False	10000.0	0
127.0	81	4.6	596.4	540.4	1	Maxwell	(1,)	-1	11	1193.52693772	0	1322.22693772	False	0	False	0	False	1993.52693772	0
127.0	81	4.6	596.4	33.8	2	Maxwell	(1, 2, 1)	4	6	1203.95421983	0	1332.65421983	False	0	False	0	False	10000.0	0
127.0	81	4.6	596.4	229.8	2	Maxwell	(1, 2)	2	8	1203.95421983	0	1332.65421983	False	0	False	0	False	2003.95421983	0
127.0	81	4.6	596.4	130.5	2	Maxwell	(1, 3)	3	7	1203.95421983	0	1332.65421983	False	0	False	0	False	10000.0	0
127.0	81	4.6	596.4	33.8	2	Maxwell	(1, 4)	4	6	1203.95421983	0	1332.65421983	False	0	False	0	False	10000.0	0
127.0	81	4.6	596.4	530.6	2	Maxwell	(1,)	-1	11	1203.95421983	0	1332.65421983	False	0	False	0	False	2003.95421983	0
127.0	81	4.6	596.4	182.4	3	Maxwell	(1, 2)	2	8	1253.53544107	0	1382.23544107	False	0	False	0	False	2053.53544107	0
127.0	81	4.6	596.4	81.5	3	Maxwell	(1, 3)	3	7	1253.53544107	0	1382.23544107	False	0	False	0	False	10000.0	0
127.0	81	4.6	596.4	492.1	3	Maxwell	(1,)	-1	11	1253.53544107	0	1382.23544107	False	0	False	0	False	2053.53544107	0
127.0	81	4.6	596.4	238.5	4	Maxwell	(1, 2)	2	8	1193.02867262	0	1321.72867262	False	0	False	0	False	1993.02867262	0
127.0	81	4.6	596.4	43.1	4	Maxwell	(1, 4)	4	6	1193.02867262	0	1321.72867262	False	0	False	0	False	10000.0	0
127.0	81	4.6	596.4	551.7	4	Maxwell	(1,)	-1	11	1193.02867262	0	1321.72867262	False	0	False	0	False	1993.02867262	0
128.0	82	2.9	599.3	46.0	1	Maxwell	(1, 2, 1)	4	6	1193.52693772	0	1322.22693772	False	0	False	0	False	10000.0	0
128.0	82	2.9	599.3	241.4	1	Maxwell	(1, 2)	2	8	1193.52693772	0	1322.22693772	False	0	False	0	False	1993.52693772	0
128.0	82	2.9	599.3	46.0	1	Maxwell	(1, 4)	4	6	1193.52693772	0	1322.22693772	False	0	False	0	False	10000.0	0
128.0	82	2.9	599.3	543.3	1	Maxwell	(1,)	-1	11	1193.52693772	0	1322.22693772	False	0	False	0	False	1993.52693772	0
128.0	82	2.9	599.3	36.7	2	Maxwell	(1, 2, 1)	4	6	1203.95421983	0	1332.65421983	False	0	False	0	False	10000.0	0
128.0	82	2.9	599.3	232.7	2	Maxwell	(1, 2)	2	8	1203.95421983	0	1332.65421983	False	0	False	0	False	2003.95421983	0
128.0	82	2.9	599.3	133.4	2	Maxwell	(1, 3)	3	7	1203.95421983	0	1332.65421983	False	0	False	0	False	10000.0	0
128.0	82	2.9	599.3	36.7	2	Maxwell	(1, 4)	4	6	1203.95421983	0	1332.65421983	False	0	False	0	False	10000.0	0
128.0	82	2.9	599.3	533.5	2	Maxwell	(1,)	-1	11	1203.95421983	0	1332.65421983	False	0	False	0	False	2003.95421983	0
128.0	82	2.9	599.3	185.3	3	Maxwell	(1, 2)	2	8	1253.53544107	0	1382.23544107	False	0	False	0	False	2053.53544107	0
128.0	82	2.9	599.3	84.4	3	Maxwell	(1, 3)	3	7	1253.53544107	0	1382.23544107	False	0	False	0	False	10000.0	0
128.0	82	2.9	599.3	495.0	3	Maxwell	(1,)	-1	11	1253.53544107	0	1382.23544107	False	0	False	0	False	2053.53544107	0
128.0	82	2.9	599.3	241.4	4	Maxwell	(1, 2)	2	8	1193.02867262	0	1321.72867262	False	0	False	0	False	1993.02867262	0
128.0	82	2.9	599.3	46.0	4	Maxwell	(1, 4)	4	6	1193.02867262	0	1321.72867262	False	0	False	0	False	10000.0	0
128.0	82	2.9	599.3	554.6	4	Maxwell	(1,)	-1	11	1193.02867262	0	1321.72867262	False	0	False	0	False	1993.02867262	0
129.0	83	3.4	602.7	49.4	1	Maxwell	(1, 2, 1)	4	6	1193.52693772	0	1322.22693772	False	0	False	0	False	10000.0	0
129.0	83	3.4	602.7	244.8	1	Maxwell	(1, 2)	2	8	1193.52693772	0	1322.22693772	False	0	False	0	False	1993.52693772	0
129.0	83	3.4	602.7	49.4	1	Maxwell	(1, 4)	4	6	1193.52693772	0	1322.22693772	False	0	False	0	False	10000.0	0
129.0	83	3.4	602.7	546.7	1	Maxwell	(1,)	-1	11	1193.52693772	0	1322.22693772	False	0	False	0	False	1993.52693772	0
129.0	83	3.4	602.7	40.1	2	Maxwell	(1, 2, 1)	4	6	1203.95421983	0	1332.65421983	False	0	False	0	False	10000.0	0
129.0	83	3.4	602.7	236.1	2	Maxwell	(1, 2)	2	8	1203.95421983	0	1332.65421983	False	0	False	0	False	2003.95421983	0
129.0	83	3.4	602.7	136.8	2	Maxwell	(1, 3)	3	7	1203.95421983	0	1332.65421983	False	0	False	0	False	10000.0	0
129.0	83	3.4	602.7	40.1	2	Maxwell	(1, 4)	4	6	1203.95421983	0	1332.65421983	False	0	False	0	False	10000.0	0
129.0	83	3.4	602.7	536.9	2	Maxwell	(1,)	-1	11	1203.95421983	0	1332.65421983	False	0	False	0	False	2003.95421983	0
129.0	83	3.4	602.7	188.7	3	Maxwell	(1, 2)	2	8	1253.53544107	0	1382.23544107	False	0	False	0	False	2053.53544107	0
129.0	83	3.4	602.7	87.8	3	Maxwell	(1, 3)	3	7	1253.53544107	0	1382.23544107	False	0	False	0	False	10000.0	0
129.0	83	3.4	602.7	498.4	3	Maxwell	(1,)	-1	11	1253.53544107	0	1382.23544107	False	0	False	0	False	2053.53544107	0
129.0	83	3.4	602.7	244.8	4	Maxwell	(1, 2)	2	8	1193.02867262	0	1321.72867262	False	0	False	0	False	1993.02867262	0
129.0	83	3.4	602.7	49.4	4	Maxwell	(1, 4)	4	6	1193.02867262	0	1321.72867262	False	0	False	0	False	10000.0	0
129.0	83	3.4	602.7	558.0	4	Maxwell	(1,)	-1	11	1193.02867262	0	1321.72867262	False	0	False	0	False	1993.02867262	0
130.0	84	3.1	605.8	52.5	1	Maxwell	(1, 2, 1)	4	6	1193.52693772	0	1322.22693772	False	0	False	0	False	10000.0	0
130.0	84	3.1	605.8	247.9	1	Maxwell	(1, 2)	2	8	1193.52693772	0	1322.22693772	False	0	False	0	False	1993.52693772	0
130.0	84	3.1	605.8	52.5	1	Maxwell	(1, 4)	4	6	1193.52693772	0	1322.22693772	False	0	False	0	False	10000.0	0
130.0	84	3.1	605.8	549.8	1	Maxwell	(1,)	-1	11	1193.52693772	0	1322.22693772	False	0	False	0	False	1993.52693772	0
130.0	84	3.1	605.8	43.2	2	Maxwell	(1, 2, 1)	4	6	1203.95421983	0	1332.65421983	False	0	False	0	False	10000.0	0
130.0	84	3.1	605.8	239.2	2	Maxwell	(1, 2)	2	8	1203.95421983	0	1332.65421983	False	0	False	0	False	2003.95421983	0
130.0	84	3.1	605.8	139.9	2	Maxwell	(1, 3)	3	7	1203.95421983	0	1332.65421983	False	0	False	0	False	10000.0	0
130.0	84	3.1	605.8	43.2	2	Maxwell	(1, 4)	4	6	1203.95421983	0	1332.65421983	False	0	False	0	False	10000.0	0
130.0	84	3.1	605.8	540.0	2	Maxwell	(1,)	-1	11	1203.95421983	0	1332.65421983	False	0	False	0	False	2003.95421983	0
130.0	84	3.1	605.8	191.8	3	Maxwell	(1, 2)	2	8	1253.53544107	0	1382.23544107	False	0	False	0	False	2053.53544107	0
130.0	84	3.1	605.8	90.9	3	Maxwell	(1, 3)	3	7	1253.53544107	0	1382.23544107	False	0	False	0	False	10000.0	0
130.0	84	3.1	605.8	501.5	3	Maxwell	(1,)	-1	11	1253.53544107	0	1382.23544107	False	0	False	0	False	2053.53544107	0
130.0	84	3.1	605.8	247.9	4	Maxwell	(1, 2)	2	8	1193.02867262	0	1321.72867262	False	0	False	0	False	1993.02867262	0
130.0	84	3.1	605.8	52.5	4	Maxwell	(1, 4)	4	6	1193.02867262	0	1321.72867262	False	0	False	0	False	10000.0	0
130.0	84	3.1	605.8	561.1	4	Maxwell	(1,)	-1	11	1193.02867262	0	1321.72867262	False	0	False	0	False	1993.02867262	0
131.0	85	3.3	609.1	55.8	1	Maxwell	(1, 2, 1)	4	6	1193.52693772	0	1322.22693772	False	0	False	0	False	10000.0	0
131.0	85	3.3	609.1	251.2	1	Maxwell	(1, 2)	2	8	1193.52693772	0	1322.22693772	False	0	False	0	False	1993.52693772	0
131.0	85	3.3	609.1	55.8	1	Maxwell	(1, 4)	4	6	1193.52693772	0	1322.22693772	False	0	False	0	False	10000.0	0
131.0	85	3.3	609.1	553.1	1	Maxwell	(1,)	-1	11	1193.52693772	0	1322.22693772	False	0	False	0	False	1993.52693772	0
131.0	85	3.3	609.1	46.5	2	Maxwell	(1, 2, 1)	4	6	1203.95421983	0	1332.65421983	False	0	False	0	False	10000.0	0
131.0	85	3.3	609.1	242.5	2	Maxwell	(1, 2)	2	8	1203.95421983	0	1332.65421983	False	0	False	0	False	2003.95421983	0
131.0	85	3.3	609.1	143.2	2	Maxwell	(1, 3)	3	7	1203.95421983	0	1332.65421983	False	0	False	0	False	10000.0	0
131.0	85	3.3	609.1	46.5	2	Maxwell	(1, 4)	4	6	1203.95421983	0	1332.65421983	False	0	False	0	False	10000.0	0
131.0	85	3.3	609.1	543.3	2	Maxwell	(1,)	-1	11	1203.95421983	0	1332.65421983	False	0	False	0	False	2003.95421983	0
131.0	85	3.3	609.1	195.1	3	Maxwell	(1, 2)	2	8	1253.53544107	0	1382.23544107	False	0	False	0	False	2053.53544107	0
131.0	85	3.3	609.1	94.2	3	Maxwell	(1, 3)	3	7	1253.53544107	0	1382.23544107	False	0	False	0	False	10000.0	0
131.0	85	3.3	609.1	504.8	3	Maxwell	(1,)	-1	11	1253.53544107	0	1382.23544107	False	0	False	0	False	2053.53544107	0
131.0	85	3.3	609.1	251.2	4	Maxwell	(1, 2)	2	8	1193.02867262	0	1321.72867262	False	0	False	0	False	1993.02867262	0
131.0	85	3.3	609.1	55.8	4	Maxwell	(1, 4)	4	6	1193.02867262	0	1321.72867262	False	0	False	0	False	10000.0	0
131.0	85	3.3	609.1	564.4	4	Maxwell	(1,)	-1	11	1193.02867262	0	1321.72867262	False	0	False	0	False	1993.02867262	0
132.0	86	3.4	612.5	59.2	1	Maxwell	(1, 2, 1)	4	6	1193.52693772	0	1322.22693772	False	0	False	0	False	10000.0	0
132.0	86	3.4	612.5	254.6	1	Maxwell	(1, 2)	2	8	1193.52693772	0	1322.22693772	False	0	False	0	False	1993.52693772	0
132.0	86	3.4	612.5	59.2	1	Maxwell	(1, 4)	4	6	1193.52693772	0	1322.22693772	False	0	False	0	False	10000.0	0
132.0	86	3.4	612.5	556.5	1	Maxwell	(1,)	-1	11	1193.52693772	0	1322.22693772	False	0	False	0	False	1993.52693772	0
132.0	86	3.4	612.5	49.9	2	Maxwell	(1, 2, 1)	4	6	1203.95421983	0	1332.65421983	False	0	False	0	False	10000.0	0
132.0	86	3.4	612.5	245.9	2	Maxwell	(1, 2)	2	8	1203.95421983	0	1332.65421983	False	0	False	0	False	2003.95421983	0
132.0	86	3.4	612.5	146.6	2	Maxwell	(1, 3)	3	7	1203.95421983	0	1332.65421983	False	0	False	0	False	10000.0	0
132.0	86	3.4	612.5	49.9	2	Maxwell	(1, 4)	4	6	1203.95421983	0	1332.65421983	False	0	False	0	False	10000.0	0
132.0	86	3.4	612.5	546.7	2	Maxwell	(1,)	-1	11	1203.95421983	0	1332.65421983	False	0	False	0	False	2003.95421983	0
132.0	86	3.4	612.5	198.5	3	Maxwell	(1, 2)	2	8	1253.53544107	0	1382.23544107	False	0	False	0	False	2053.53544107	0
132.0	86	3.4	612.5	97.6	3	Maxwell	(1, 3)	3	7	1253.53544107	0	1382.23544107	False	0	False	0	False	10000.0	0
132.0	86	3.4	612.5	508.2	3	Maxwell	(1,)	-1	11	1253.53544107	0	1382.23544107	False	0	False	0	False	2053.53544107	0
132.0	86	3.4	612.5	254.6	4	Maxwell	(1, 2)	2	8	1193.02867262	0	1321.72867262	False	0	False	0	False	1993.02867262	0
132.0	86	3.4	612.5	59.2	4	Maxwell	(1, 4)	4	6	1193.02867262	0	1321.72867262	False	0	False	0	False	10000.0	0
132.0	86	3.4	612.5	567.8	4	Maxwell	(1,)	-1	11	1193.02867262	0	1321.72867262	False	0	False	0	False	1993.02867262	0
133.0	87	7.9	620.4	67.1	1	Maxwell	(1, 2, 1)	4	6	1193.52693772	0	1322.22693772	False	0	False	0	False	10000.0	0
133.0	87	7.9	620.4	262.5	1	Maxwell	(1, 2)	2	8	1193.52693772	0	1322.22693772	False	0	False	0	False	1993.52693772	0
133.0	87	7.9	620.4	67.1	1	Maxwell	(1, 4)	4	6	1193.52693772	0	1322.22693772	False	0	False	0	False	10000.0	0
133.0	87	7.9	620.4	564.4	1	Maxwell	(1,)	-1	11	1193.52693772	0	1322.22693772	False	0	False	0	False	1993.52693772	0
133.0	87	7.9	620.4	57.8	2	Maxwell	(1, 2, 1)	4	6	1203.95421983	0	1332.65421983	False	0	False	0	False	10000.0	0
133.0	87	7.9	620.4	253.8	2	Maxwell	(1, 2)	2	8	1203.95421983	0	1332.65421983	False	0	False	0	False	2003.95421983	0
133.0	87	7.9	620.4	154.5	2	Maxwell	(1, 3)	3	7	1203.95421983	0	1332.65421983	False	0	False	0	False	10000.0	0
133.0	87	7.9	620.4	57.8	2	Maxwell	(1, 4)	4	6	1203.95421983	0	1332.65421983	False	0	False	0	False	10000.0	0
133.0	87	7.9	620.4	554.6	2	Maxwell	(1,)	-1	11	1203.95421983	0	1332.65421983	False	0	False	0	False	2003.95421983	0
133.0	87	7.9	620.4	7.9	3	Maxwell	(1, 2, 1)	4	6	1253.53544107	0	1382.23544107	False	0	False	0	False	10000.0	0
133.0	87	7.9	620.4	206.4	3	Maxwell	(1, 2)	2	8	1253.53544107	0	1382.23544107	False	0	False	0	False	2053.53544107	0
133.0	87	7.9	620.4	105.5	3	Maxwell	(1, 3)	3	7	1253.53544107	0	1382.23544107	False	0	False	0	False	10000.0	0
133.0	87	7.9	620.4	7.9	3	Maxwell	(1, 4)	4	6	1253.53544107	0	1382.23544107	False	0	False	0	False	10000.0	0
133.0	87	7.9	620.4	516.1	3	Maxwell	(1,)	-1	11	1253.53544107	0	1382.23544107	False	0	False	0	False	2053.53544107	0
133.0	87	7.9	620.4	262.5	4	Maxwell	(1, 2)	2	8	1193.02867262	0	1321.72867262	False	0	False	0	False	1993.02867262	0
133.0	87	7.9	620.4	67.1	4	Maxwell	(1, 4)	4	6	1193.02867262	0	1321.72867262	False	0	False	0	False	10000.0	0
133.0	87	7.9	620.4	575.7	4	Maxwell	(1,)	-1	11	1193.02867262	0	1321.72867262	False	0	False	0	False	1993.02867262	0
134.0	88	8.2	628.6	75.3	1	Maxwell	(1, 2, 1)	4	6	1193.52693772	0	1322.22693772	False	0	False	0	False	10000.0	0
134.0	88	8.2	628.6	270.7	1	Maxwell	(1, 2)	2	8	1193.52693772	0	1322.22693772	False	0	False	0	False	1993.52693772	0
134.0	88	8.2	628.6	75.3	1	Maxwell	(1, 4)	4	6	1193.52693772	0	1322.22693772	False	0	False	0	False	10000.0	0
134.0	88	8.2	628.6	572.6	1	Maxwell	(1,)	-1	11	1193.52693772	0	1322.22693772	False	0	False	0	False	1993.52693772	0
134.0	88	8.2	628.6	66.0	2	Maxwell	(1, 2, 1)	4	6	1203.95421983	0	1332.65421983	False	0	False	0	False	10000.0	0
134.0	88	8.2	628.6	262.0	2	Maxwell	(1, 2)	2	8	1203.95421983	0	1332.65421983	False	0	False	0	False	2003.95421983	0
134.0	88	8.2	628.6	162.7	2	Maxwell	(1, 3)	3	7	1203.95421983	0	1332.65421983	False	0	False	0	False	10000.0	0
134.0	88	8.2	628.6	66.0	2	Maxwell	(1, 4)	4	6	1203.95421983	0	1332.65421983	False	0	False	0	False	10000.0	0
134.0	88	8.2	628.6	562.8	2	Maxwell	(1,)	-1	11	1203.95421983	0	1332.65421983	False	0	False	0	False	2003.95421983	0
134.0	88	8.2	628.6	16.1	3	Maxwell	(1, 2, 1)	4	6	1253.53544107	0	1382.23544107	False	0	False	0	False	10000.0	0
134.0	88	8.2	628.6	214.6	3	Maxwell	(1, 2)	2	8	1253.53544107	0	1382.23544107	False	0	False	0	False	2053.53544107	0
134.0	88	8.2	628.6	113.7	3	Maxwell	(1, 3)	3	7	1253.53544107	0	1382.23544107	False	0	False	0	False	10000.0	0
134.0	88	8.2	628.6	16.1	3	Maxwell	(1, 4)	4	6	1253.53544107	0	1382.23544107	False	0	False	0	False	10000.0	0
134.0	88	8.2	628.6	524.3	3	Maxwell	(1,)	-1	11	1253.53544107	0	1382.23544107	False	0	False	0	False	2053.53544107	0
134.0	88	8.2	628.6	270.7	4	Maxwell	(1, 2)	2	8	1193.02867262	0	1321.72867262	False	0	False	0	False	1993.02867262	0
134.0	88	8.2	628.6	75.3	4	Maxwell	(1, 4)	4	6	1193.02867262	0	1321.72867262	False	0	False	0	False	10000.0	0
134.0	88	8.2	628.6	583.9	4	Maxwell	(1,)	-1	11	1193.02867262	0	1321.72867262	False	0	False	0	False	1993.02867262	0
135.0	89	7.5	636.1	82.8	1	Maxwell	(1, 2, 1)	4	6	1193.52693772	0	1322.22693772	False	0	False	0	False	10000.0	0
135.0	89	7.5	636.1	278.2	1	Maxwell	(1, 2)	2	8	1193.52693772	0	1322.22693772	False	0	False	0	False	1993.52693772	0
135.0	89	7.5	636.1	82.8	1	Maxwell	(1, 4)	4	6	1193.52693772	0	1322.22693772	False	0	False	0	False	10000.0	0
135.0	89	7.5	636.1	580.1	1	Maxwell	(1,)	-1	11	1193.52693772	0	1322.22693772	False	0	False	0	False	1993.52693772	0
135.0	89	7.5	636.1	73.5	2	Maxwell	(1, 2, 1)	4	6	1203.95421983	0	1332.65421983	False	0	False	0	False	10000.0	0
135.0	89	7.5	636.1	269.5	2	Maxwell	(1, 2)	2	8	1203.95421983	0	1332.65421983	False	0	False	0	False	2003.95421983	0
135.0	89	7.5	636.1	170.2	2	Maxwell	(1, 3)	3	7	1203.95421983	0	1332.65421983	False	0	False	0	False	10000.0	0
135.0	89	7.5	636.1	73.5	2	Maxwell	(1, 4)	4	6	1203.95421983	0	1332.65421983	False	0	False	0	False	10000.0	0
135.0	89	7.5	636.1	570.3	2	Maxwell	(1,)	-1	11	1203.95421983	0	1332.65421983	False	0	False	0	False	2003.95421983	0
135.0	89	7.5	636.1	23.6	3	Maxwell	(1, 2, 1)	4	6	1253.53544107	0	1382.23544107	False	0	False	0	False	10000.0	0
135.0	89	7.5	636.1	222.1	3	Maxwell	(1, 2)	2	8	1253.53544107	0	1382.23544107	False	0	False	0	False	2053.53544107	0
135.0	89	7.5	636.1	121.2	3	Maxwell	(1, 3)	3	7	1253.53544107	0	1382.23544107	False	0	False	0	False	10000.0	0
135.0	89	7.5	636.1	23.6	3	Maxwell	(1, 4)	4	6	1253.53544107	0	1382.23544107	False	0	False	0	False	10000.0	0
135.0	89	7.5	636.1	531.8	3	Maxwell	(1,)	-1	11	1253.53544107	0	1382.23544107	False	0	False	0	False	2053.53544107	0
135.0	89	7.5	636.1	278.2	4	Maxwell	(1, 2)	2	8	1193.02867262	0	1321.72867262	False	0	False	0	False	1993.02867262	0
135.0	89	7.5	636.1	82.8	4	Maxwell	(1, 4)	4	6	1193.02867262	0	1321.72867262	False	0	False	0	False	10000.0	0
135.0	89	7.5	636.1	591.4	4	Maxwell	(1,)	-1	11	1193.02867262	0	1321.72867262	False	0	False	0	False	1993.02867262	0
136.0	90	9.3	645.4	92.1	1	Maxwell	(1, 2, 1)	4	6	1193.52693772	0	1322.22693772	False	0	False	0	False	10000.0	0
136.0	90	9.3	645.4	287.5	1	Maxwell	(1, 2)	2	8	1193.52693772	0	1322.22693772	False	0	False	0	False	1993.52693772	0
136.0	90	9.3	645.4	92.1	1	Maxwell	(1, 4)	4	6	1193.52693772	0	1322.22693772	False	0	False	0	False	10000.0	0
136.0	90	9.3	645.4	589.4	1	Maxwell	(1,)	-1	11	1193.52693772	0	1322.22693772	False	0	False	0	False	1993.52693772	0
136.0	90	9.3	645.4	82.8	2	Maxwell	(1, 2, 1)	4	6	1203.95421983	0	1332.65421983	False	0	False	0	False	10000.0	0
136.0	90	9.3	645.4	278.8	2	Maxwell	(1, 2)	2	8	1203.95421983	0	1332.65421983	False	0	False	0	False	2003.95421983	0
136.0	90	9.3	645.4	179.5	2	Maxwell	(1, 3)	3	7	1203.95421983	0	1332.65421983	False	0	False	0	False	10000.0	0
136.0	90	9.3	645.4	82.8	2	Maxwell	(1, 4)	4	6	1203.95421983	0	1332.65421983	False	0	False	0	False	10000.0	0
136.0	90	9.3	645.4	579.6	2	Maxwell	(1,)	-1	11	1203.95421983	0	1332.65421983	False	0	False	0	False	2003.95421983	0
136.0	90	9.3	645.4	32.9	3	Maxwell	(1, 2, 1)	4	6	1253.53544107	0	1382.23544107	False	0	False	0	False	10000.0	0
136.0	90	9.3	645.4	231.4	3	Maxwell	(1, 2)	2	8	1253.53544107	0	1382.23544107	False	0	False	0	False	2053.53544107	0
136.0	90	9.3	645.4	130.5	3	Maxwell	(1, 3)	3	7	1253.53544107	0	1382.23544107	False	0	False	0	False	10000.0	0
136.0	90	9.3	645.4	32.9	3	Maxwell	(1, 4)	4	6	1253.53544107	0	1382.23544107	False	0	False	0	False	10000.0	0
136.0	90	9.3	645.4	541.1	3	Maxwell	(1,)	-1	11	1253.53544107	0	1382.23544107	False	0	False	0	False	2053.53544107	0
136.0	90	9.3	645.4	287.5	4	Maxwell	(1, 2)	2	8	1193.02867262	0	1321.72867262	False	0	False	0	False	1993.02867262	0
136.0	90	9.3	645.4	92.1	4	Maxwell	(1, 4)	4	6	1193.02867262	0	1321.72867262	False	0	False	0	False	10000.0	0
136.0	90	9.3	645.4	600.7	4	Maxwell	(1,)	-1	11	1193.02867262	0	1321.72867262	False	0	False	0	False	1993.02867262	0
137.0	91	8.5	653.9	100.6	1	Maxwell	(1, 2, 1)	4	6	1193.52693772	0	1322.22693772	False	0	False	0	False	10000.0	0
137.0	91	8.5	653.9	296.0	1	Maxwell	(1, 2)	2	8	1193.52693772	0	1322.22693772	False	0	False	0	False	1993.52693772	0
137.0	91	8.5	653.9	100.6	1	Maxwell	(1, 4)	4	6	1193.52693772	0	1322.22693772	False	0	False	0	False	10000.0	0
137.0	91	8.5	653.9	597.9	1	Maxwell	(1,)	-1	11	1193.52693772	0	1322.22693772	False	0	False	0	False	1993.52693772	0
137.0	91	8.5	653.9	91.3	2	Maxwell	(1, 2, 1)	4	6	1203.95421983	0	1332.65421983	False	0	False	0	False	10000.0	0
137.0	91	8.5	653.9	287.3	2	Maxwell	(1, 2)	2	8	1203.95421983	0	1332.65421983	False	0	False	0	False	2003.95421983	0
137.0	91	8.5	653.9	188.0	2	Maxwell	(1, 3)	3	7	1203.95421983	0	1332.65421983	False	0	False	0	False	10000.0	0
137.0	91	8.5	653.9	91.3	2	Maxwell	(1, 4)	4	6	1203.95421983	0	1332.65421983	False	0	False	0	False	10000.0	0
137.0	91	8.5	653.9	588.1	2	Maxwell	(1,)	-1	11	1203.95421983	0	1332.65421983	False	0	False	0	False	2003.95421983	0
137.0	91	8.5	653.9	41.4	3	Maxwell	(1, 2, 1)	4	6	1253.53544107	0	1382.23544107	False	0	False	0	False	10000.0	0
137.0	91	8.5	653.9	239.9	3	Maxwell	(1, 2)	2	8	1253.53544107	0	1382.23544107	False	0	False	0	False	2053.53544107	0
137.0	91	8.5	653.9	139.0	3	Maxwell	(1, 3)	3	7	1253.53544107	0	1382.23544107	False	0	False	0	False	10000.0	0
137.0	91	8.5	653.9	41.4	3	Maxwell	(1, 4)	4	6	1253.53544107	0	1382.23544107	False	0	False	0	False	10000.0	0
137.0	91	8.5	653.9	549.6	3	Maxwell	(1,)	-1	11	1253.53544107	0	1382.23544107	False	0	False	0	False	2053.53544107	0
137.0	91	8.5	653.9	296.0	4	Maxwell	(1, 2)	2	8	1193.02867262	0	1321.72867262	False	0	False	0	False	1993.02867262	0
137.0	91	8.5	653.9	100.6	4	Maxwell	(1, 4)	4	6	1193.02867262	0	1321.72867262	False	0	False	0	False	10000.0	0
137.0	91	8.5	653.9	609.2	4	Maxwell	(1,)	-1	11	1193.02867262	0	1321.72867262	False	0	False	0	False	1993.02867262	0
138.0	92	10.0	663.9	110.6	1	Maxwell	(1, 2, 1)	4	6	1193.52693772	0	1322.22693772	False	0	False	0	False	10000.0	0
138.0	92	10.0	663.9	306.0	1	Maxwell	(1, 2)	2	8	1193.52693772	0	1322.22693772	False	0	False	0	False	1993.52693772	0
138.0	92	10.0	663.9	110.6	1	Maxwell	(1, 4)	4	6	1193.52693772	0	1322.22693772	False	0	False	0	False	10000.0	0
138.0	92	10.0	663.9	607.9	1	Maxwell	(1,)	-1	11	1193.52693772	0	1322.22693772	False	0	False	0	False	1993.52693772	0
138.0	92	10.0	663.9	101.3	2	Maxwell	(1, 2, 1)	4	6	1203.95421983	0	1332.65421983	False	0	False	0	False	10000.0	0
138.0	92	10.0	663.9	297.3	2	Maxwell	(1, 2)	2	8	1203.95421983	0	1332.65421983	False	0	False	0	False	2003.95421983	0
138.0	92	10.0	663.9	198.0	2	Maxwell	(1, 3)	3	7	1203.95421983	0	1332.65421983	False	0	False	0	False	10000.0	0
138.0	92	10.0	663.9	101.3	2	Maxwell	(1, 4)	4	6	1203.95421983	0	1332.65421983	False	0	False	0	False	10000.0	0
138.0	92	10.0	663.9	598.1	2	Maxwell	(1,)	-1	11	1203.95421983	0	1332.65421983	False	0	False	0	False	2003.95421983	0
138.0	92	10.0	663.9	51.4	3	Maxwell	(1, 2, 1)	4	6	1253.53544107	0	1382.23544107	False	0	False	0	False	10000.0	0
138.0	92	10.0	663.9	249.9	3	Maxwell	(1, 2)	2	8	1253.53544107	0	1382.23544107	False	0	False	0	False	2053.53544107	0
138.0	92	10.0	663.9	149.0	3	Maxwell	(1, 3)	3	7	1253.53544107	0	1382.23544107	False	0	False	0	False	10000.0	0
138.0	92	10.0	663.9	51.4	3	Maxwell	(1, 4)	4	6	1253.53544107	0	1382.23544107	False	0	False	0	False	10000.0	0
138.0	92	10.0	663.9	559.6	3	Maxwell	(1,)	-1	11	1253.53544107	0	1382.23544107	False	0	False	0	False	2053.53544107	0
138.0	92	10.0	663.9	306.0	4	Maxwell	(1, 2)	2	8	1193.02867262	0	1321.72867262	False	0	False	0	False	1993.02867262	0
138.0	92	10.0	663.9	110.6	4	Maxwell	(1, 4)	4	6	1193.02867262	0	1321.72867262	False	0	False	0	False	10000.0	0
138.0	92	10.0	663.9	619.2	4	Maxwell	(1,)	-1	11	1193.02867262	0	1321.72867262	False	0	False	0	False	1993.02867262	0
139.0	93	10.5	674.4	121.1	1	Maxwell	(1, 2, 1)	4	6	1193.52693772	0	1322.22693772	False	0	False	0	False	10000.0	0
139.0	93	10.5	674.4	316.5	1	Maxwell	(1, 2)	2	8	1193.52693772	0	1322.22693772	False	0	False	0	False	1993.52693772	0
139.0	93	10.5	674.4	121.1	1	Maxwell	(1, 4)	4	6	1193.52693772	0	1322.22693772	False	0	False	0	False	10000.0	0
139.0	93	10.5	674.4	618.4	1	Maxwell	(1,)	-1	11	1193.52693772	0	1322.22693772	False	0	False	0	False	1993.52693772	0
139.0	93	10.5	674.4	111.8	2	Maxwell	(1, 2, 1)	4	6	1203.95421983	0	1332.65421983	False	0	False	0	False	10000.0	0
139.0	93	10.5	674.4	307.8	2	Maxwell	(1, 2)	2	8	1203.95421983	0	1332.65421983	False	0	False	0	False	2003.95421983	0
139.0	93	10.5	674.4	208.5	2	Maxwell	(1, 3)	3	7	1203.95421983	0	1332.65421983	False	0	False	0	False	10000.0	0
139.0	93	10.5	674.4	111.8	2	Maxwell	(1, 4)	4	6	1203.95421983	0	1332.65421983	False	0	False	0	False	10000.0	0
139.0	93	10.5	674.4	608.6	2	Maxwell	(1,)	-1	11	1203.95421983	0	1332.65421983	False	0	False	0	False	2003.95421983	0
139.0	93	10.5	674.4	61.9	3	Maxwell	(1, 2, 1)	4	6	1253.53544107	0	1382.23544107	False	0	False	0	False	10000.0	0
139.0	93	10.5	674.4	260.4	3	Maxwell	(1, 2)	2	8	1253.53544107	0	1382.23544107	False	0	False	0	False	2053.53544107	0
139.0	93	10.5	674.4	159.5	3	Maxwell	(1, 3)	3	7	1253.53544107	0	1382.23544107	False	0	False	0	False	10000.0	0
139.0	93	10.5	674.4	61.9	3	Maxwell	(1, 4)	4	6	1253.53544107	0	1382.23544107	False	0	False	0	False	10000.0	0
139.0	93	10.5	674.4	570.1	3	Maxwell	(1,)	-1	11	1253.53544107	0	1382.23544107	False	0	False	0	False	2053.53544107	0
139.0	93	10.5	674.4	316.5	4	Maxwell	(1, 2)	2	8	1193.02867262	0	1321.72867262	False	0	False	0	False	1993.02867262	0
139.0	93	10.5	674.4	121.1	4	Maxwell	(1, 4)	4	6	1193.02867262	0	1321.72867262	False	0	False	0	False	10000.0	0
139.0	93	10.5	674.4	629.7	4	Maxwell	(1,)	-1	11	1193.02867262	0	1321.72867262	False	0	False	0	False	1993.02867262	0
140.0	94	12.5	686.9	133.6	1	Maxwell	(1, 2, 1)	4	6	1193.52693772	0	1322.22693772	False	0	False	0	False	10000.0	0
140.0	94	12.5	686.9	329.0	1	Maxwell	(1, 2)	2	8	1193.52693772	0	1322.22693772	False	0	False	0	False	1993.52693772	0
140.0	94	12.5	686.9	133.6	1	Maxwell	(1, 4)	4	6	1193.52693772	0	1322.22693772	False	0	False	0	False	10000.0	0
140.0	94	12.5	686.9	630.9	1	Maxwell	(1,)	-1	11	1193.52693772	0	1322.22693772	False	0	False	0	False	1993.52693772	0
140.0	94	12.5	686.9	124.3	2	Maxwell	(1, 2, 1)	4	6	1203.95421983	0	1332.65421983	False	0	False	0	False	10000.0	0
140.0	94	12.5	686.9	320.3	2	Maxwell	(1, 2)	2	8	1203.95421983	0	1332.65421983	False	0	False	0	False	2003.95421983	0
140.0	94	12.5	686.9	221.0	2	Maxwell	(1, 3)	3	7	1203.95421983	0	1332.65421983	False	0	False	0	False	10000.0	0
140.0	94	12.5	686.9	124.3	2	Maxwell	(1, 4)	4	6	1203.95421983	0	1332.65421983	False	0	False	0	False	10000.0	0
140.0	94	12.5	686.9	621.1	2	Maxwell	(1,)	-1	11	1203.95421983	0	1332.65421983	False	0	False	0	False	2003.95421983	0
140.0	94	12.5	686.9	74.4	3	Maxwell	(1, 2, 1)	4	6	1253.53544107	0	1382.23544107	False	0	False	0	False	10000.0	0
140.0	94	12.5	686.9	272.9	3	Maxwell	(1, 2)	2	8	1253.53544107	0	1382.23544107	False	0	False	0	False	2053.53544107	0
140.0	94	12.5	686.9	172.0	3	Maxwell	(1, 3)	3	7	1253.53544107	0	1382.23544107	False	0	False	0	False	10000.0	0
140.0	94	12.5	686.9	74.4	3	Maxwell	(1, 4)	4	6	1253.53544107	0	1382.23544107	False	0	False	0	False	10000.0	0
140.0	94	12.5	686.9	582.6	3	Maxwell	(1,)	-1	11	1253.53544107	0	1382.23544107	False	0	False	0	False	2053.53544107	0
140.0	94	12.5	686.9	329.0	4	Maxwell	(1, 2)	2	8	1193.02867262	0	1321.72867262	False	0	False	0	False	1993.02867262	0
140.0	94	12.5	686.9	133.6	4	Maxwell	(1, 4)	4	6	1193.02867262	0	1321.72867262	False	0	False	0	False	10000.0	0
140.0	94	12.5	686.9	642.2	4	Maxwell	(1,)	-1	11	1193.02867262	0	1321.72867262	False	0	False	0	False	1993.02867262	0
141.0	95	11.4	698.3	145.0	1	Maxwell	(1, 2, 1)	4	6	1193.52693772	0	1322.22693772	False	0	False	0	False	10000.0	0
141.0	95	11.4	698.3	340.4	1	Maxwell	(1, 2)	2	8	1193.52693772	0	1322.22693772	False	0	False	0	False	1993.52693772	0
141.0	95	11.4	698.3	145.0	1	Maxwell	(1, 4)	4	6	1193.52693772	0	1322.22693772	False	0	False	0	False	10000.0	0
141.0	95	11.4	698.3	642.3	1	Maxwell	(1,)	-1	11	1193.52693772	0	1322.22693772	False	0	False	0	False	1993.52693772	0
141.0	95	11.4	698.3	135.7	2	Maxwell	(1, 2, 1)	4	6	1203.95421983	0	1332.65421983	False	0	False	0	False	10000.0	0
141.0	95	11.4	698.3	331.7	2	Maxwell	(1, 2)	2	8	1203.95421983	0	1332.65421983	False	0	False	0	False	2003.95421983	0
141.0	95	11.4	698.3	232.4	2	Maxwell	(1, 3)	3	7	1203.95421983	0	1332.65421983	False	0	False	0	False	10000.0	0
141.0	95	11.4	698.3	135.7	2	Maxwell	(1, 4)	4	6	1203.95421983	0	1332.65421983	False	0	False	0	False	10000.0	0
141.0	95	11.4	698.3	632.5	2	Maxwell	(1,)	-1	11	1203.95421983	0	1332.65421983	False	0	False	0	False	2003.95421983	0
141.0	95	11.4	698.3	85.8	3	Maxwell	(1, 2, 1)	4	6	1253.53544107	0	1382.23544107	False	0	False	0	False	10000.0	0
141.0	95	11.4	698.3	284.3	3	Maxwell	(1, 2)	2	8	1253.53544107	0	1382.23544107	False	0	False	0	False	2053.53544107	0
141.0	95	11.4	698.3	183.4	3	Maxwell	(1, 3)	3	7	1253.53544107	0	1382.23544107	False	0	False	0	False	10000.0	0
141.0	95	11.4	698.3	85.8	3	Maxwell	(1, 4)	4	6	1253.53544107	0	1382.23544107	False	0	False	0	False	10000.0	0
141.0	95	11.4	698.3	594.0	3	Maxwell	(1,)	-1	11	1253.53544107	0	1382.23544107	False	0	False	0	False	2053.53544107	0
141.0	95	11.4	698.3	340.4	4	Maxwell	(1, 2)	2	8	1193.02867262	0	1321.72867262	False	0	False	0	False	1993.02867262	0
141.0	95	11.4	698.3	145.0	4	Maxwell	(1, 4)	4	6	1193.02867262	0	1321.72867262	False	0	False	0	False	10000.0	0
141.0	95	11.4	698.3	653.6	4	Maxwell	(1,)	-1	11	1193.02867262	0	1321.72867262	False	0	False	0	False	1993.02867262	0
142.0	96	6.9	705.2	151.9	1	Maxwell	(1, 2, 1)	4	6	1193.52693772	0	1322.22693772	False	0	False	0	False	10000.0	0
142.0	96	6.9	705.2	347.3	1	Maxwell	(1, 2)	2	8	1193.52693772	0	1322.22693772	False	0	False	0	False	1993.52693772	0
142.0	96	6.9	705.2	151.9	1	Maxwell	(1, 4)	4	6	1193.52693772	0	1322.22693772	False	0	False	0	False	10000.0	0
142.0	96	6.9	705.2	649.2	1	Maxwell	(1,)	-1	11	1193.52693772	0	1322.22693772	False	0	False	0	False	1993.52693772	0
142.0	96	6.9	705.2	142.6	2	Maxwell	(1, 2, 1)	4	6	1203.95421983	0	1332.65421983	False	0	False	0	False	10000.0	0
142.0	96	6.9	705.2	338.6	2	Maxwell	(1, 2)	2	8	1203.95421983	0	1332.65421983	False	0	False	0	False	2003.95421983	0
142.0	96	6.9	705.2	239.3	2	Maxwell	(1, 3)	3	7	1203.95421983	0	1332.65421983	False	0	False	0	False	10000.0	0
142.0	96	6.9	705.2	142.6	2	Maxwell	(1, 4)	4	6	1203.95421983	0	1332.65421983	False	0	False	0	False	10000.0	0
142.0	96	6.9	705.2	639.4	2	Maxwell	(1,)	-1	11	1203.95421983	0	1332.65421983	False	0	False	0	False	2003.95421983	0
142.0	96	6.9	705.2	92.7	3	Maxwell	(1, 2, 1)	4	6	1253.53544107	0	1382.23544107	False	0	False	0	False	10000.0	0
142.0	96	6.9	705.2	291.2	3	Maxwell	(1, 2)	2	8	1253.53544107	0	1382.23544107	False	0	False	0	False	2053.53544107	0
142.0	96	6.9	705.2	190.3	3	Maxwell	(1, 3)	3	7	1253.53544107	0	1382.23544107	False	0	False	0	False	10000.0	0
142.0	96	6.9	705.2	92.7	3	Maxwell	(1, 4)	4	6	1253.53544107	0	1382.23544107	False	0	False	0	False	10000.0	0
142.0	96	6.9	705.2	600.9	3	Maxwell	(1,)	-1	11	1253.53544107	0	1382.23544107	False	0	False	0	False	2053.53544107	0
142.0	96	6.9	705.2	347.3	4	Maxwell	(1, 2)	2	8	1193.02867262	0	1321.72867262	False	0	False	0	False	1993.02867262	0
142.0	96	6.9	705.2	151.9	4	Maxwell	(1, 4)	4	6	1193.02867262	0	1321.72867262	False	0	False	0	False	10000.0	0
142.0	96	6.9	705.2	660.5	4	Maxwell	(1,)	-1	11	1193.02867262	0	1321.72867262	False	0	False	0	False	1993.02867262	0
143.0	97	8.5	713.7	160.4	1	Maxwell	(1, 2, 1)	4	6	1193.52693772	0	1322.22693772	False	0	False	0	False	10000.0	0
143.0	97	8.5	713.7	355.8	1	Maxwell	(1, 2)	2	8	1193.52693772	0	1322.22693772	False	0	False	0	False	1993.52693772	0
143.0	97	8.5	713.7	160.4	1	Maxwell	(1, 4)	4	6	1193.52693772	0	1322.22693772	False	0	False	0	False	10000.0	0
143.0	97	8.5	713.7	657.7	1	Maxwell	(1,)	-1	11	1193.52693772	0	1322.22693772	False	0	False	0	False	1993.52693772	0
143.0	97	8.5	713.7	151.1	2	Maxwell	(1, 2, 1)	4	6	1203.95421983	0	1332.65421983	False	0	False	0	False	10000.0	0
143.0	97	8.5	713.7	347.1	2	Maxwell	(1, 2)	2	8	1203.95421983	0	1332.65421983	False	0	False	0	False	2003.95421983	0
143.0	97	8.5	713.7	247.8	2	Maxwell	(1, 3)	3	7	1203.95421983	0	1332.65421983	False	0	False	0	False	10000.0	0
143.0	97	8.5	713.7	151.1	2	Maxwell	(1, 4)	4	6	1203.95421983	0	1332.65421983	False	0	False	0	False	10000.0	0
143.0	97	8.5	713.7	647.9	2	Maxwell	(1,)	-1	11	1203.95421983	0	1332.65421983	False	0	False	0	False	2003.95421983	0
143.0	97	8.5	713.7	101.2	3	Maxwell	(1, 2, 1)	4	6	1253.53544107	0	1382.23544107	False	0	False	0	False	10000.0	0
143.0	97	8.5	713.7	299.7	3	Maxwell	(1, 2)	2	8	1253.53544107	0	1382.23544107	False	0	False	0	False	2053.53544107	0
143.0	97	8.5	713.7	198.8	3	Maxwell	(1, 3)	3	7	1253.53544107	0	1382.23544107	False	0	False	0	False	10000.0	0
143.0	97	8.5	713.7	101.2	3	Maxwell	(1, 4)	4	6	1253.53544107	0	1382.23544107	False	0	False	0	False	10000.0	0
143.0	97	8.5	713.7	609.4	3	Maxwell	(1,)	-1	11	1253.53544107	0	1382.23544107	False	0	False	0	False	2053.53544107	0
143.0	97	8.5	713.7	355.8	4	Maxwell	(1, 2)	2	8	1193.02867262	0	1321.72867262	False	0	False	0	False	1993.02867262	0
143.0	97	8.5	713.7	160.4	4	Maxwell	(1, 4)	4	6	1193.02867262	0	1321.72867262	False	0	False	0	False	10000.0	0
143.0	97	8.5	713.7	669.0	4	Maxwell	(1,)	-1	11	1193.02867262	0	1321.72867262	False	0	False	0	False	1993.02867262	0
144.0	98	6.3	720.0	166.7	1	Maxwell	(1, 2, 1)	4	6	1193.52693772	0	1322.22693772	False	0	False	0	False	10000.0	0
144.0	98	6.3	720.0	362.1	1	Maxwell	(1, 2)	2	8	1193.52693772	0	1322.22693772	False	0	False	0	False	1993.52693772	0
144.0	98	6.3	720.0	166.7	1	Maxwell	(1, 4)	4	6	1193.52693772	0	1322.22693772	False	0	False	0	False	10000.0	0
144.0	98	6.3	720.0	664.0	1	Maxwell	(1,)	-1	11	1193.52693772	0	1322.22693772	False	0	False	0	False	1993.52693772	0
144.0	98	6.3	720.0	157.4	2	Maxwell	(1, 2, 1)	4	6	1203.95421983	0	1332.65421983	False	0	False	0	False	10000.0	0
144.0	98	6.3	720.0	353.4	2	Maxwell	(1, 2)	2	8	1203.95421983	0	1332.65421983	False	0	False	0	False	2003.95421983	0
144.0	98	6.3	720.0	254.1	2	Maxwell	(1, 3)	3	7	1203.95421983	0	1332.65421983	False	0	False	0	False	10000.0	0
144.0	98	6.3	720.0	157.4	2	Maxwell	(1, 4)	4	6	1203.95421983	0	1332.65421983	False	0	False	0	False	10000.0	0
144.0	98	6.3	720.0	654.2	2	Maxwell	(1,)	-1	11	1203.95421983	0	1332.65421983	False	0	False	0	False	2003.95421983	0
144.0	98	6.3	720.0	107.5	3	Maxwell	(1, 2, 1)	4	6	1253.53544107	0	1382.23544107	False	0	False	0	False	10000.0	0
144.0	98	6.3	720.0	306.0	3	Maxwell	(1, 2)	2	8	1253.53544107	0	1382.23544107	False	0	False	0	False	2053.53544107	0
144.0	98	6.3	720.0	205.1	3	Maxwell	(1, 3)	3	7	1253.53544107	0	1382.23544107	False	0	False	0	False	10000.0	0
144.0	98	6.3	720.0	107.5	3	Maxwell	(1, 4)	4	6	1253.53544107	0	1382.23544107	False	0	False	0	False	10000.0	0
144.0	98	6.3	720.0	615.7	3	Maxwell	(1,)	-1	11	1253.53544107	0	1382.23544107	False	0	False	0	False	2053.53544107	0
144.0	98	6.3	720.0	362.1	4	Maxwell	(1, 2)	2	8	1193.02867262	0	1321.72867262	False	0	False	0	False	1993.02867262	0
144.0	98	6.3	720.0	166.7	4	Maxwell	(1, 4)	4	6	1193.02867262	0	1321.72867262	False	0	False	0	False	10000.0	0
144.0	98	6.3	720.0	675.3	4	Maxwell	(1,)	-1	11	1193.02867262	0	1321.72867262	False	0	False	0	False	1993.02867262	0
145.0	99	6.7	726.7	173.4	1	Maxwell	(1, 2, 1)	4	6	1193.52693772	0	1322.22693772	False	0	False	0	False	10000.0	0
145.0	99	6.7	726.7	368.8	1	Maxwell	(1, 2)	2	8	1193.52693772	0	1322.22693772	False	0	False	0	False	1993.52693772	0
145.0	99	6.7	726.7	173.4	1	Maxwell	(1, 4)	4	6	1193.52693772	0	1322.22693772	False	0	False	0	False	10000.0	0
145.0	99	6.7	726.7	670.7	1	Maxwell	(1,)	-1	11	1193.52693772	0	1322.22693772	False	0	False	0	False	1993.52693772	0
145.0	99	6.7	726.7	164.1	2	Maxwell	(1, 2, 1)	4	6	1203.95421983	0	1332.65421983	False	0	False	0	False	10000.0	0
145.0	99	6.7	726.7	360.1	2	Maxwell	(1, 2)	2	8	1203.95421983	0	1332.65421983	False	0	False	0	False	2003.95421983	0
145.0	99	6.7	726.7	260.8	2	Maxwell	(1, 3)	3	7	1203.95421983	0	1332.65421983	False	0	False	0	False	10000.0	0
145.0	99	6.7	726.7	164.1	2	Maxwell	(1, 4)	4	6	1203.95421983	0	1332.65421983	False	0	False	0	False	10000.0	0
145.0	99	6.7	726.7	660.9	2	Maxwell	(1,)	-1	11	1203.95421983	0	1332.65421983	False	0	False	0	False	2003.95421983	0
145.0	99	6.7	726.7	114.2	3	Maxwell	(1, 2, 1)	4	6	1253.53544107	0	1382.23544107	False	0	False	0	False	10000.0	0
145.0	99	6.7	726.7	312.7	3	Maxwell	(1, 2)	2	8	1253.53544107	0	1382.23544107	False	0	False	0	False	2053.53544107	0
145.0	99	6.7	726.7	211.8	3	Maxwell	(1, 3)	3	7	1253.53544107	0	1382.23544107	False	0	False	0	False	10000.0	0
145.0	99	6.7	726.7	114.2	3	Maxwell	(1, 4)	4	6	1253.53544107	0	1382.23544107	False	0	False	0	False	10000.0	0
145.0	99	6.7	726.7	622.4	3	Maxwell	(1,)	-1	11	1253.53544107	0	1382.23544107	False	0	False	0	False	2053.53544107	0
145.0	99	6.7	726.7	368.8	4	Maxwell	(1, 2)	2	8	1193.02867262	0	1321.72867262	False	0	False	0	False	1993.02867262	0
145.0	99	6.7	726.7	173.4	4	Maxwell	(1, 4)	4	6	1193.02867262	0	1321.72867262	False	0	False	0	False	10000.0	0
145.0	99	6.7	726.7	682.0	4	Maxwell	(1,)	-1	11	1193.02867262	0	1321.72867262	False	0	False	0	False	1993.02867262	0
