Init_flag	Elapsed_time	Temp_cum	DOY	Genotype	Num_plante	Surface_plante	Surface_visible	Surface_sol	GAI_tot	GAI_center	GAI_ind	GAI_prox	Position	Weakest_axis	PAR_weakest_axis
True	1.0	10.3	300	0	1	0.0	0.0	184.331797235	0.0	0.0	0.0	0.0	center	No	1.0
True	1.0	10.3	300	0	2	0.0	0.0	184.331797235	0.0	0.0	0.0	0.0	center	No	1.0
True	1.0	10.3	300	0	3	0.0	0.0	184.331797235	0.0	0.0	0.0	0.0	center	No	1.0
True	1.0	10.3	300	0	4	0.0	0.0	184.331797235	0.0	0.0	0.0	0.0	center	No	1.0
True	2.0	20.7	301	0	1	0.0	0.0	184.331797235	0.0	0.0	0.0	0.0	center	No	1.0
True	2.0	20.7	301	0	2	0.0	0.0	184.331797235	0.0	0.0	0.0	0.0	center	No	1.0
True	2.0	20.7	301	0	3	0.0	0.0	184.331797235	0.0	0.0	0.0	0.0	center	No	1.0
True	2.0	20.7	301	0	4	0.0	0.0	184.331797235	0.0	0.0	0.0	0.0	center	No	1.0
True	3.0	33.3	302	0	1	0.0	0.0	184.331797235	0.0	0.0	0.0	0.0	center	No	1.0
True	3.0	33.3	302	0	2	0.0	0.0	184.331797235	0.0	0.0	0.0	0.0	center	No	1.0
True	3.0	33.3	302	0	3	0.0	0.0	184.331797235	0.0	0.0	0.0	0.0	center	No	1.0
True	3.0	33.3	302	0	4	0.0	0.0	184.331797235	0.0	0.0	0.0	0.0	center	No	1.0
True	4.0	44.7	303	0	1	0.0	0.0	184.331797235	0.0	0.0	0.0	0.0	center	No	1.0
True	4.0	44.7	303	0	2	0.0	0.0	184.331797235	0.0	0.0	0.0	0.0	center	No	1.0
True	4.0	44.7	303	0	3	0.0	0.0	184.331797235	0.0	0.0	0.0	0.0	center	No	1.0
True	4.0	44.7	303	0	4	0.0	0.0	184.331797235	0.0	0.0	0.0	0.0	center	No	1.0
True	5.0	56.0	304	0	1	0.0	0.0	184.331797235	0.0	0.0	0.0	0.0	center	No	1.0
True	5.0	56.0	304	0	2	0.0	0.0	184.331797235	0.0	0.0	0.0	0.0	center	No	1.0
True	5.0	56.0	304	0	3	0.0	0.0	184.331797235	0.0	0.0	0.0	0.0	center	No	1.0
True	5.0	56.0	304	0	4	0.0	0.0	184.331797235	0.0	0.0	0.0	0.0	center	No	1.0
True	6.0	65.8	305	0	1	0.0	0.0	184.331797235	0.0	0.0	0.0	0.0	center	No	1.0
True	6.0	65.8	305	0	2	0.0	0.0	184.331797235	0.0	0.0	0.0	0.0	center	No	1.0
True	6.0	65.8	305	0	3	0.0	0.0	184.331797235	0.0	0.0	0.0	0.0	center	No	1.0
True	6.0	65.8	305	0	4	0.0	0.0	184.331797235	0.0	0.0	0.0	0.0	center	No	1.0
True	7.0	75.8	306	0	1	0.0	0.0	184.331797235	0.0	0.0	0.0	0.0	center	No	1.0
True	7.0	75.8	306	0	2	0.0	0.0	184.331797235	0.0	0.0	0.0	0.0	center	No	1.0
True	7.0	75.8	306	0	3	0.0	0.0	184.331797235	0.0	0.0	0.0	0.0	center	No	1.0
True	7.0	75.8	306	0	4	0.0	0.0	184.331797235	0.0	0.0	0.0	0.0	center	No	1.0
True	8.0	89.5	307	0	1	0.0	0.0	184.331797235	0.0	0.0	0.0	0.0	center	No	1.0
True	8.0	89.5	307	0	2	0.0	0.0	184.331797235	0.0	0.0	0.0	0.0	center	No	1.0
True	8.0	89.5	307	0	3	0.0	0.0	184.331797235	0.0	0.0	0.0	0.0	center	No	1.0
True	8.0	89.5	307	0	4	0.0	0.0	184.331797235	0.0	0.0	0.0	0.0	center	No	1.0
True	9.0	104.3	308	0	1	0.0	0.0	184.331797235	0.0	0.0	0.0	0.0	center	No	1.0
True	9.0	104.3	308	0	2	0.0	0.0	184.331797235	0.0	0.0	0.0	0.0	center	No	1.0
True	9.0	104.3	308	0	3	0.0	0.0	184.331797235	0.0	0.0	0.0	0.0	center	No	1.0
True	9.0	104.3	308	0	4	0.0	0.0	184.331797235	0.0	0.0	0.0	0.0	center	No	1.0
True	10.0	118.8	309	0	1	0.0	0.0	184.331797235	0.0	0.0	0.0	0.0	center	No	1.0
True	10.0	118.8	309	0	2	0.0	0.0	184.331797235	0.0	0.0	0.0	0.0	center	No	1.0
True	10.0	118.8	309	0	3	0.0	0.0	184.331797235	0.0	0.0	0.0	0.0	center	No	1.0
True	10.0	118.8	309	0	4	0.0	0.0	184.331797235	0.0	0.0	0.0	0.0	center	No	1.0
True	11.0	130.0	310	0	1	0.0	0.0	184.331797235	0.0	0.0	0.0	0.0	center	No	1.0
True	11.0	130.0	310	0	2	0.0	0.0	184.331797235	0.0	0.0	0.0	0.0	center	No	1.0
True	11.0	130.0	310	0	3	0.0	0.0	184.331797235	0.0	0.0	0.0	0.0	center	No	1.0
True	11.0	130.0	310	0	4	0.0	0.0	184.331797235	0.0	0.0	0.0	0.0	center	No	1.0
True	12.0	136.1	311	0	1	0.0	0.0	184.331797235	0.0	0.0	0.0	0.0	center	No	1.0
True	12.0	136.1	311	0	2	0.0	0.0	184.331797235	0.0	0.0	0.0	0.0	center	No	1.0
True	12.0	136.1	311	0	3	0.0	0.0	184.331797235	0.0	0.0	0.0	0.0	center	No	1.0
True	12.0	136.1	311	0	4	0.0	0.0	184.331797235	0.0	0.0	0.0	0.0	center	No	1.0
True	13.0	141.2	312	0	1	0.0	0.0	184.331797235	0.0	0.0	0.0	0.0	center	No	1.0
True	13.0	141.2	312	0	2	0.0	0.0	184.331797235	0.0	0.0	0.0	0.0	center	No	1.0
True	13.0	141.2	312	0	3	0.0	0.0	184.331797235	0.0	0.0	0.0	0.0	center	No	1.0
True	13.0	141.2	312	0	4	0.0	0.0	184.331797235	0.0	0.0	0.0	0.0	center	No	1.0
True	14.0	149.3	313	0	1	0.0	0.0	184.331797235	0.0	0.0	0.0	0.0	center	No	1.0
True	14.0	149.3	313	0	2	0.0	0.0	184.331797235	0.0	0.0	0.0	0.0	center	No	1.0
True	14.0	149.3	313	0	3	0.0	0.0	184.331797235	0.0	0.0	0.0	0.0	center	No	1.0
True	14.0	149.3	313	0	4	0.0	0.0	184.331797235	0.0	0.0	0.0	0.0	center	No	1.0
True	15.0	155.5	314	0	1	0.0	0.0	184.331797235	0.0	0.0	0.0	0.0	center	No	1.0
True	15.0	155.5	314	0	2	0.0	0.0	184.331797235	0.0	0.0	0.0	0.0	center	No	1.0
True	15.0	155.5	314	0	3	0.0	0.0	184.331797235	0.0	0.0	0.0	0.0	center	No	1.0
True	15.0	155.5	314	0	4	0.0	0.0	184.331797235	0.0	0.0	0.0	0.0	center	No	1.0
True	16.0	163.5	315	0	1	0.0	0.0	184.331797235	0.0	0.0	0.0	0.0	center	No	1.0
True	16.0	163.5	315	0	2	0.0	0.0	184.331797235	0.0	0.0	0.0	0.0	center	No	1.0
True	16.0	163.5	315	0	3	0.0	0.0	184.331797235	0.0	0.0	0.0	0.0	center	No	1.0
True	16.0	163.5	315	0	4	0.0	0.0	184.331797235	0.0	0.0	0.0	0.0	center	No	1.0
True	17.0	176.3	316	0	1	0.0	0.0	184.331797235	0.0	0.0	0.0	0.0	center	No	1.0
True	17.0	176.3	316	0	2	0.0	0.0	184.331797235	0.0	0.0	0.0	0.0	center	No	1.0
True	17.0	176.3	316	0	3	0.0	0.0	184.331797235	0.0	0.0	0.0	0.0	center	No	1.0
True	17.0	176.3	316	0	4	0.0	0.0	184.331797235	0.0	0.0	0.0	0.0	center	No	1.0
True	18.0	190.2	317	0	1	0.0	0.0	184.331797235	0.0	0.0	0.0	0.0	center	No	1.0
True	18.0	190.2	317	0	2	0.0	0.0	184.331797235	0.0	0.0	0.0	0.0	center	No	1.0
True	18.0	190.2	317	0	3	0.0	0.0	184.331797235	0.0	0.0	0.0	0.0	center	No	1.0
True	18.0	190.2	317	0	4	0.0	0.0	184.331797235	0.0	0.0	0.0	0.0	center	No	1.0
True	19.0	201.7	318	0	1	0.0	0.0	184.331797235	0.0	0.0	0.0	0.0	center	No	1.0
True	19.0	201.7	318	0	2	0.0	0.0	184.331797235	0.0	0.0	0.0	0.0	center	No	1.0
True	19.0	201.7	318	0	3	0.0	0.0	184.331797235	0.0	0.0	0.0	0.0	center	No	1.0
True	19.0	201.7	318	0	4	0.0	0.0	184.331797235	0.0	0.0	0.0	0.0	center	No	1.0
False	0.0	0.0	319	0	1	0.0	0.0	184.331797235	0.0	0.0	0.0	0.0	center	No	1.0
False	0.0	0.0	319	0	2	0.0	0.0	184.331797235	0.0	0.0	0.0	0.0	center	No	1.0
False	0.0	0.0	319	0	3	0.0	0.0	184.331797235	0.0	0.0	0.0	0.0	center	No	1.0
False	0.0	0.0	319	0	4	0.0	0.0	184.331797235	0.0	0.0	0.0	0.0	center	No	1.0
False	1.0	10.3	320	0	1	0.0	0.0	184.331797235	0.0	0.0	0.0	0.0	center	No	1.0
False	1.0	10.3	320	0	2	0.0	0.0	184.331797235	0.0	0.0	0.0	0.0	center	No	1.0
False	1.0	10.3	320	0	3	0.0	0.0	184.331797235	0.0	0.0	0.0	0.0	center	No	1.0
False	1.0	10.3	320	0	4	0.0	0.0	184.331797235	0.0	0.0	0.0	0.0	center	No	1.0
False	2.0	20.7	321	0	1	0.0	0.0	184.331797235	0.0	0.0	0.0	0.0	center	No	1.0
False	2.0	20.7	321	0	2	0.0	0.0	184.331797235	0.0	0.0	0.0	0.0	center	No	1.0
False	2.0	20.7	321	0	3	0.0	0.0	184.331797235	0.0	0.0	0.0	0.0	center	No	1.0
False	2.0	20.7	321	0	4	0.0	0.0	184.331797235	0.0	0.0	0.0	0.0	center	No	1.0
False	3.0	33.3	322	0	1	0.0	0.0	184.331797235	0.0	0.0	0.0	0.0	center	No	1.0
False	3.0	33.3	322	0	2	0.0	0.0	184.331797235	0.0	0.0	0.0	0.0	center	No	1.0
False	3.0	33.3	322	0	3	0.0	0.0	184.331797235	0.0	0.0	0.0	0.0	center	No	1.0
False	3.0	33.3	322	0	4	0.0	0.0	184.331797235	0.0	0.0	0.0	0.0	center	No	1.0
False	4.0	44.7	323	0	1	0.0	0.0	184.331797235	0.0	0.0	0.0	0.0	center	No	1.0
False	4.0	44.7	323	0	2	0.0	0.0	184.331797235	0.0	0.0	0.0	0.0	center	No	1.0
False	4.0	44.7	323	0	3	0.0	0.0	184.331797235	0.0	0.0	0.0	0.0	center	No	1.0
False	4.0	44.7	323	0	4	0.0	0.0	184.331797235	0.0	0.0	0.0	0.0	center	No	1.0
False	5.0	56.0	324	0	1	0.0	0.0	184.331797235	0.0	0.0	0.0	0.0	center	No	1.0
False	5.0	56.0	324	0	2	0.0	0.0	184.331797235	0.0	0.0	0.0	0.0	center	No	1.0
False	5.0	56.0	324	0	3	0.0	0.0	184.331797235	0.0	0.0	0.0	0.0	center	No	1.0
False	5.0	56.0	324	0	4	0.0	0.0	184.331797235	0.0	0.0	0.0	0.0	center	No	1.0
False	6.0	65.8	325	0	1	0.0	0.0	184.331797235	1.23141027118e-05	1.23141027118e-05	0.0	1.27299975171e-05	center	No	1.0
False	6.0	65.8	325	0	2	0.0	0.0	184.331797235	1.23141027118e-05	1.23141027118e-05	0.0	1.27299975171e-05	center	No	1.0
False	6.0	65.8	325	0	3	0.0	0.0	184.331797235	1.23141027118e-05	1.23141027118e-05	0.0	1.27299975171e-05	center	No	1.0
False	6.0	65.8	325	0	4	0.265907670455	0.00226988068421	184.331797235	1.23141027118e-05	1.23141027118e-05	4.92564108473e-05	1.27299975171e-05	center	No	1.0
False	7.0	75.8	326	0	1	0.268326704545	0.00236347426511	184.331797235	6.30886203491e-05	6.30886203491e-05	5.12873915528e-05	6.40896884765e-05	center	No	1.0
False	7.0	75.8	326	0	2	0.0	0.0	184.331797235	6.30886203491e-05	6.30886203491e-05	0.0	6.40896884765e-05	center	No	1.0
False	7.0	75.8	326	0	3	0.0	0.0	184.331797235	6.30886203491e-05	6.30886203491e-05	0.0	6.40896884765e-05	center	No	1.0
False	7.0	75.8	326	0	4	0.386859375	0.00926576450893	184.331797235	6.30886203491e-05	6.30886203491e-05	0.000201067089844	6.40896884765e-05	center	No	1.0
False	8.0	89.5	327	0	1	0.434030539773	0.0132753985997	184.331797235	0.00023997755163	0.00023997755163	0.000288076149613	0.000240323701984	center	No	1.0
False	8.0	89.5	327	0	2	0.313078835227	0.00443600484818	184.331797235	0.00023997755163	0.00023997755163	9.62613052055e-05	0.000240323701984	center	No	1.0
False	8.0	89.5	327	0	3	0.0	0.0	184.331797235	0.00023997755163	0.00023997755163	0.0	0.000240323701984	center	No	1.0
False	8.0	89.5	327	0	4	0.552563210227	0.0265240899402	184.331797235	0.00023997755163	0.00023997755163	0.000575572751702	0.000240323701984	center	No	1.0
False	9.0	104.3	328	0	1	0.6130390625	0.0350325972946	184.331797235	0.000593316906994	0.000593316906994	0.000760207361292	0.000590493647174	center	No	1.0
False	9.0	104.3	328	0	2	0.492087357955	0.0191973197183	184.331797235	0.000593316906994	0.000593316906994	0.000416581837888	0.000590493647174	center	No	1.0
False	9.0	104.3	328	0	3	0.0	0.0	184.331797235	0.000593316906994	0.000593316906994	0.0	0.000590493647174	center	No	1.0
False	9.0	104.3	328	0	4	0.731571732955	0.0551372547833	184.331797235	0.000593316906994	0.000593316906994	0.0011964784288	0.000590493647174	center	No	1.0
False	10.0	118.8	329	0	1	0.788419034091	0.0663899921069	184.331797235	0.00110291484039	0.00110291484039	0.00144066282872	0.00109450670559	center	No	1.0
False	10.0	118.8	329	0	2	0.667467329545	0.0437006391618	184.331797235	0.00110291484039	0.00110291484039	0.000948303869812	0.00109450670559	center	No	1.0
False	10.0	118.8	329	0	3	0.0	0.0	184.331797235	0.00110291484039	0.00110291484039	0.0	0.00109450670559	center	No	1.0
False	10.0	118.8	329	0	4	0.906951704545	0.093211643457	184.331797235	0.00110291484039	0.00110291484039	0.00202269266302	0.00109450670559	center	No	1.0
False	11.0	130.0	330	0	1	0.923884943182	0.0974139007004	184.331797235	0.00162333825995	0.00162333825995	0.0021138816452	0.00160966841534	center	No	1.0
False	11.0	130.0	330	0	2	0.802933238636	0.0694303654015	184.331797235	0.00162333825995	0.00162333825995	0.00150663892921	0.00160966841534	center	No	1.0
False	11.0	130.0	330	0	3	0.282840909091	0.00296474211815	184.331797235	0.00162333825995	0.00162333825995	6.43349039639e-05	0.00160966841534	center	No	1.0
False	11.0	130.0	330	0	4	1.04241761364	0.129423850757	184.331797235	0.00162333825995	0.00162333825995	0.00280849756143	0.00160966841534	center	No	1.0
False	12.0	136.1	331	0	1	0.997665482955	0.116805025308	184.331797235	0.00196090674241	0.00196090674241	0.00253466904919	0.00194437114513	center	No	1.0
False	12.0	136.1	331	0	2	0.876713778409	0.0859380514062	184.331797235	0.00196090674241	0.00196090674241	0.00186485571551	0.00194437114513	center	No	1.0
False	12.0	136.1	331	0	3	0.356621448864	0.00707364212804	184.331797235	0.00196090674241	0.00196090674241	0.000153498034178	0.00194437114513	center	No	1.0
False	12.0	136.1	331	0	4	1.11619815341	0.151640745197	184.331797235	0.00196090674241	0.00196090674241	0.00329060417077	0.00194437114513	center	No	1.0
False	13.0	141.2	332	0	1	1.05935085227	0.13436729353	184.331797235	0.00227243148744	0.00227243148744	0.00291577026961	0.00225349993302	center	No	1.0
False	13.0	141.2	332	0	2	0.938399147727	0.101089575877	184.331797235	0.00227243148744	0.00227243148744	0.00219364379654	0.00225349993302	center	No	1.0
False	13.0	141.2	332	0	3	0.418306818182	0.0118589684726	184.331797235	0.00227243148744	0.00227243148744	0.000257339615856	0.00225349993302	center	No	1.0
False	13.0	141.2	332	0	4	1.17788352273	0.171565542294	184.331797235	0.00227243148744	0.00227243148744	0.00372297226778	0.00225349993302	center	No	1.0
False	14.0	149.3	333	0	1	1.15732173295	0.164787334449	184.331797235	0.00613753874157	0.00613753874157	0.00357588515754	0.00622677895377	center	No	1.0
False	14.0	149.3	333	0	2	1.03637002841	0.127680788487	184.331797235	0.00613753874157	0.00613753874157	0.00277067311016	0.00622677895377	center	No	1.0
False	14.0	149.3	333	0	3	0.516277698864	0.0219862193512	184.331797235	0.00613753874157	0.00613753874157	0.00047710095992	0.00622677895377	center	No	1.0
False	14.0	149.3	333	0	4	1.27585440341	0.816889204545	184.331797235	0.00613753874157	0.00613753874157	0.0177264957386	0.00622677895377	center	No	1.0
False	15.0	155.5	334	0	1	1.23231178977	0.758832386364	184.331797235	0.0100778692129	0.0100778692129	0.0164666627841	0.0100097259044	center	No	1.0
False	15.0	155.5	334	0	2	1.11136008523	0.150130012446	184.331797235	0.0100778692129	0.0100778692129	0.00325782127009	0.0100097259044	center	No	1.0
False	15.0	155.5	334	0	3	0.591267755682	0.0318333985293	184.331797235	0.0100778692129	0.0100778692129	0.000690784748086	0.0100097259044	center	No	1.0
False	15.0	155.5	334	0	4	1.35084446023	0.91687594697	184.331797235	0.0100778692129	0.0100778692129	0.0198962080492	0.0100097259044	center	No	1.0
False	16.0	163.5	335	0	1	1.63671860795	0.889904786256	184.331797235	0.0147107342044	0.0147107342044	0.0193109338618	0.0145537075662	center	No	1.0
False	16.0	163.5	335	0	2	1.20812144886	0.726578598485	184.331797235	0.0147107342044	0.0147107342044	0.0157667555871	0.0145537075662	center	No	1.0
False	16.0	163.5	335	0	3	0.688029119318	0.0472243429437	184.331797235	0.0147107342044	0.0147107342044	0.00102476824188	0.0145537075662	center	No	1.0
False	16.0	163.5	335	0	4	1.75525127841	1.04794834686	184.331797235	0.0147107342044	0.0147107342044	0.0227404791269	0.0145537075662	center	No	1.0
False	17.0	176.3	336	0	1	2.00044951705	1.10817877933	184.331797235	0.0183665888298	0.0183665888298	0.0240474795115	0.0181648988338	center	No	1.0
False	17.0	176.3	336	0	2	1.36293963068	0.933002840909	184.331797235	0.0183665888298	0.0183665888298	0.0202461616477	0.0181648988338	center	No	1.0
False	17.0	176.3	336	0	3	0.842847301136	0.0781423678901	184.331797235	0.0183665888298	0.0183665888298	0.00169568938322	0.0181648988338	center	No	1.0
False	17.0	176.3	336	0	4	2.1189821875	1.26622233994	184.331797235	0.0183665888298	0.0183665888298	0.0274770247767	0.0181648988338	center	No	1.0
False	18.0	190.2	337	0	1	2.39543855114	1.35714048416	184.331797235	0.0225473351347	0.0225473351347	0.0294499485064	0.0222971381102	center	No	1.0
False	18.0	190.2	337	0	2	1.93500366477	1.16337730665	184.331797235	0.0225473351347	0.0225473351347	0.0252452875543	0.0222971381102	center	No	1.0
False	18.0	190.2	337	0	3	1.01097017045	0.120488972645	184.331797235	0.0225473351347	0.0225473351347	0.00261461070641	0.0222971381102	center	No	1.0
False	18.0	190.2	337	0	4	2.51397122159	1.51518404477	184.331797235	0.0225473351347	0.0225473351347	0.0328794937715	0.0222971381102	center	No	1.0
False	19.0	201.7	338	0	1	2.72222803977	1.57250540553	184.331797235	0.0261964912307	0.0261964912307	0.0341233672999	0.0259055486405	center	No	1.0
False	19.0	201.7	338	0	2	2.26179315341	1.36336429639	184.331797235	0.0261964912307	0.0261964912307	0.0295850052317	0.0259055486405	center	No	1.0
False	19.0	201.7	338	0	3	1.15006463068	0.162427641743	184.331797235	0.0261964912307	0.0261964912307	0.00352467982582	0.0259055486405	center	No	1.0
False	19.0	201.7	338	0	4	2.84076071023	1.73054896613	184.331797235	0.0261964912307	0.0261964912307	0.0375529125651	0.0259055486405	center	No	1.0
False	20.0	208.9	339	0	1	2.92682667614	1.71167050996	184.331797235	0.0316796629256	0.0316796629256	0.0371432500661	0.0315045339446	center	No	1.0
False	20.0	208.9	339	0	2	2.46639178977	1.49290147842	184.331797235	0.0316796629256	0.0316796629256	0.0323959620817	0.0315045339446	center	No	1.0
False	20.0	208.9	339	0	3	1.23714985795	0.765283143939	184.331797235	0.0316796629256	0.0316796629256	0.0166066442235	0.0315045339446	center	No	1.0
False	20.0	208.9	339	0	4	3.04535934659	1.86971407057	184.331797235	0.0316796629256	0.0316796629256	0.0405727953313	0.0315045339446	center	No	1.0
False	21.0	214.0	340	0	1	3.07175071023	1.81226221712	184.331797235	0.0337259865001	0.0337259865001	0.0393260901115	0.0335472508519	center	No	1.0
False	21.0	214.0	340	0	2	2.61131582386	1.58667340721	184.331797235	0.0337259865001	0.0337259865001	0.0344308129364	0.0335472508519	center	No	1.0
False	21.0	214.0	340	0	3	1.29883522727	0.84753030303	184.331797235	0.0337259865001	0.0337259865001	0.0183914075758	0.0335472508519	center	No	1.0
False	21.0	214.0	340	0	4	3.19028338068	1.97030577773	184.331797235	0.0337259865001	0.0337259865001	0.0427556353766	0.0335472508519	center	No	1.0
False	22.0	218.4	341	0	1	3.19678321023	1.90039085972	184.331797235	0.0356721995811	0.0356721995811	0.041238481656	0.0354953868014	center	No	1.0
False	22.0	218.4	341	0	2	2.73634832386	1.66891831945	184.331797235	0.0356721995811	0.0356721995811	0.0362155275321	0.0354953868014	center	No	1.0
False	22.0	218.4	341	0	3	1.35205397727	0.918488636364	184.331797235	0.0356721995811	0.0356721995811	0.0199312034091	0.0354953868014	center	No	1.0
False	22.0	218.4	341	0	4	3.26693519886	2.08772284457	184.331797235	0.0356721995811	0.0356721995811	0.0453035857272	0.0354953868014	center	No	1.0
False	23.0	224.9	342	0	1	3.37302369318	2.16013178514	184.331797235	0.0389887123727	0.0389887123727	0.0468748597376	0.0387670877802	center	No	1.0
False	23.0	224.9	342	0	2	2.92105542614	1.79269392351	184.331797235	0.0389887123727	0.0389887123727	0.0389014581401	0.0387670877802	center	No	1.0
False	23.0	224.9	342	0	3	1.71383607955	1.02467155234	184.331797235	0.0389887123727	0.0389887123727	0.0222353726859	0.0387670877802	center	No	1.0
False	23.0	224.9	342	0	4	3.37302369318	2.20936216255	184.331797235	0.0389887123727	0.0389887123727	0.0479431589273	0.0387670877802	center	No	1.0
False	24.0	230.7	343	0	1	3.46768727273	2.22791364162	184.331797235	0.0404705323373	0.0404705323373	0.0483457260231	0.040236816787	center	No	1.0
False	24.0	230.7	343	0	2	3.08587099432	1.90543303618	184.331797235	0.0404705323373	0.0404705323373	0.0413478968851	0.040236816787	center	No	1.0
False	24.0	230.7	343	0	3	1.87865164773	1.12171257412	184.331797235	0.0404705323373	0.0404705323373	0.0243411628583	0.040236816787	center	No	1.0
False	24.0	230.7	343	0	4	3.46768727273	2.20494670888	184.331797235	0.0404705323373	0.0404705323373	0.0478473435827	0.040236816787	center	No	1.0
False	25.0	237.4	344	0	1	3.57704002841	2.22250256085	184.331797235	0.0422526922109	0.0422526922109	0.0482283055705	0.0420176455052	center	No	1.0
False	25.0	237.4	344	0	2	3.23755684659	2.12957791813	184.331797235	0.0422526922109	0.0422526922109	0.0462118408234	0.0420176455052	center	No	1.0
False	25.0	237.4	344	0	3	2.06904204545	1.23650378784	184.331797235	0.0422526922109	0.0422526922109	0.0268321321961	0.0420176455052	center	No	1.0
False	25.0	237.4	344	0	4	3.57704002841	2.19993042643	184.331797235	0.0422526922109	0.0422526922109	0.0477384902535	0.0420176455052	center	No	1.0
False	26.0	242.4	345	0	1	3.6586465625	2.21852334449	184.331797235	0.0430222808089	0.0430222808089	0.0481419565754	0.0428009580986	center	No	1.0
False	26.0	242.4	345	0	2	3.31916338068	2.1915558362	184.331797235	0.0430222808089	0.0430222808089	0.0475567616454	0.0428009580986	center	No	1.0
False	26.0	242.4	345	0	3	2.21112443182	1.32404932631	184.331797235	0.0430222808089	0.0430222808089	0.0287318703808	0.0428009580986	center	No	1.0
False	26.0	242.4	345	0	4	3.6586465625	2.19624583567	184.331797235	0.0430222808089	0.0430222808089	0.0476585346341	0.0428009580986	center	No	1.0
False	27.0	246.0	346	0	1	3.71740326705	2.21568948231	184.331797235	0.0433260674075	0.0433260674075	0.0480804617662	0.0431212602222	center	No	1.0
False	27.0	246.0	346	0	2	3.37792008523	2.18898097821	184.331797235	0.0433260674075	0.0433260674075	0.0475008872271	0.0431212602222	center	No	1.0
False	27.0	246.0	346	0	3	2.31342375	1.3880773079	184.331797235	0.0433260674075	0.0433260674075	0.0301212775815	0.0431212602222	center	No	1.0
False	27.0	246.0	346	0	4	3.71740326705	2.19362410393	184.331797235	0.0433260674075	0.0433260674075	0.0476016430554	0.0431212602222	center	No	1.0
False	28.0	248.9	347	0	1	3.76473505682	2.21342562894	184.331797235	0.0435743804274	0.0435743804274	0.0480313361481	0.0433830223625	center	No	1.0
False	28.0	248.9	347	0	2	3.425251875	2.18692576711	184.331797235	0.0435743804274	0.0435743804274	0.0474562891462	0.0433830223625	center	No	1.0
False	28.0	248.9	347	0	3	2.39583153409	1.44026132812	184.331797235	0.0435743804274	0.0435743804274	0.0312536708203	0.0433830223625	center	No	1.0
False	28.0	248.9	347	0	4	3.76473505682	2.19153113342	184.331797235	0.0435743804274	0.0435743804274	0.0475562255952	0.0433830223625	center	No	1.0
False	29.0	253.0	348	0	1	3.83165241477	2.21025390668	184.331797235	0.0443244603965	0.0443244603965	0.0479625097749	0.0441656287144	center	No	1.0
False	29.0	253.0	348	0	2	3.49216923295	2.18404902183	184.331797235	0.0443244603965	0.0443244603965	0.0473938637738	0.0441656287144	center	No	1.0
False	29.0	253.0	348	0	3	2.51233909091	1.51496128334	184.331797235	0.0443244603965	0.0443244603965	0.0328746598486	0.0441656287144	center	No	1.0
False	29.0	253.0	348	0	4	3.83165241477	2.26114323451	184.331797235	0.0443244603965	0.0443244603965	0.049066808189	0.0441656287144	center	No	1.0
False	30.0	254.8	349	0	1	3.86103076705	2.20887213651	184.331797235	0.0446249026587	0.0446249026587	0.0479325253623	0.0444793893371	center	No	1.0
False	30.0	254.8	349	0	2	3.52154758523	2.18279675376	184.331797235	0.0446249026587	0.0446249026587	0.0473666895567	0.0444793893371	center	No	1.0
False	30.0	254.8	349	0	3	2.56348875	1.54809776029	184.331797235	0.0446249026587	0.0446249026587	0.0335937213983	0.0444793893371	center	No	1.0
False	30.0	254.8	349	0	4	3.86103076705	2.28602185796	184.331797235	0.0446249026587	0.0446249026587	0.0496066743177	0.0444793893371	center	No	1.0
False	31.0	254.9	350	0	1	5.23505239774	2.25840458926	184.331797235	0.0452472279114	0.0452472279114	0.049007379587	0.0450991975318	center	No	1.0
False	31.0	254.9	350	0	2	3.52317971591	2.18272737463	184.331797235	0.0452472279114	0.0452472279114	0.0473651840294	0.0450991975318	center	No	1.0
False	31.0	254.9	350	0	3	2.56633039773	1.54994478313	184.331797235	0.0452472279114	0.0452472279114	0.0336338017939	0.0450991975318	center	No	1.0
False	31.0	254.9	350	0	4	5.37709192423	2.3494260938	184.331797235	0.0452472279114	0.0452472279114	0.0509825462354	0.0450991975318	center	No	1.0
False	32.0	254.9	351	0	1	4.68091584549	2.20879558752	184.331797235	0.0446363503782	0.0446363503782	0.0479308642491	0.0444914000966	center	No	1.0
False	32.0	254.9	351	0	2	3.52317971591	2.18272737463	184.331797235	0.0446363503782	0.0446363503782	0.0473651840294	0.0444914000966	center	No	1.0
False	32.0	254.9	351	0	3	2.56633039773	1.54994478313	184.331797235	0.0446363503782	0.0446363503782	0.0336338017939	0.0444914000966	center	No	1.0
False	32.0	254.9	351	0	4	4.75265278295	2.28643094195	184.331797235	0.0446363503782	0.0446363503782	0.0496155514403	0.0444914000966	center	No	1.0
False	33.0	254.9	352	0	1	4.68091584549	2.20879558752	184.331797235	0.0446363503782	0.0446363503782	0.0479308642491	0.0444914000966	center	No	1.0
False	33.0	254.9	352	0	2	3.52317971591	2.18272737463	184.331797235	0.0446363503782	0.0446363503782	0.0473651840294	0.0444914000966	center	No	1.0
False	33.0	254.9	352	0	3	2.56633039773	1.54994478313	184.331797235	0.0446363503782	0.0446363503782	0.0336338017939	0.0444914000966	center	No	1.0
False	33.0	254.9	352	0	4	4.75265278295	2.28643094195	184.331797235	0.0446363503782	0.0446363503782	0.0496155514403	0.0444914000966	center	No	1.0
False	34.0	254.9	353	0	1	4.68091584549	2.20879558752	184.331797235	0.0446363503782	0.0446363503782	0.0479308642491	0.0444914000966	center	No	1.0
False	34.0	254.9	353	0	2	3.52317971591	2.18272737463	184.331797235	0.0446363503782	0.0446363503782	0.0473651840294	0.0444914000966	center	No	1.0
False	34.0	254.9	353	0	3	2.56633039773	1.54994478313	184.331797235	0.0446363503782	0.0446363503782	0.0336338017939	0.0444914000966	center	No	1.0
False	34.0	254.9	353	0	4	4.75265278295	2.28643094195	184.331797235	0.0446363503782	0.0446363503782	0.0496155514403	0.0444914000966	center	No	1.0
False	35.0	254.9	354	0	1	4.68091584549	2.20879558752	184.331797235	0.0446363503782	0.0446363503782	0.0479308642491	0.0444914000966	center	No	1.0
False	35.0	254.9	354	0	2	3.52317971591	2.18272737463	184.331797235	0.0446363503782	0.0446363503782	0.0473651840294	0.0444914000966	center	No	1.0
False	35.0	254.9	354	0	3	2.56633039773	1.54994478313	184.331797235	0.0446363503782	0.0446363503782	0.0336338017939	0.0444914000966	center	No	1.0
False	35.0	254.9	354	0	4	4.75265278295	2.28643094195	184.331797235	0.0446363503782	0.0446363503782	0.0496155514403	0.0444914000966	center	No	1.0
False	36.0	254.9	355	0	1	4.68091584549	2.20879558752	184.331797235	0.0446363503782	0.0446363503782	0.0479308642491	0.0444914000966	center	No	1.0
False	36.0	254.9	355	0	2	3.52317971591	2.18272737463	184.331797235	0.0446363503782	0.0446363503782	0.0473651840294	0.0444914000966	center	No	1.0
False	36.0	254.9	355	0	3	2.56633039773	1.54994478313	184.331797235	0.0446363503782	0.0446363503782	0.0336338017939	0.0444914000966	center	No	1.0
False	36.0	254.9	355	0	4	4.75265278295	2.28643094195	184.331797235	0.0446363503782	0.0446363503782	0.0496155514403	0.0444914000966	center	No	1.0
False	37.0	254.9	356	0	1	4.68091584549	2.20879558752	184.331797235	0.0446363503782	0.0446363503782	0.0479308642491	0.0444914000966	center	No	1.0
False	37.0	254.9	356	0	2	3.52317971591	2.18272737463	184.331797235	0.0446363503782	0.0446363503782	0.0473651840294	0.0444914000966	center	No	1.0
False	37.0	254.9	356	0	3	2.56633039773	1.54994478313	184.331797235	0.0446363503782	0.0446363503782	0.0336338017939	0.0444914000966	center	No	1.0
False	37.0	254.9	356	0	4	4.75265278295	2.28643094195	184.331797235	0.0446363503782	0.0446363503782	0.0496155514403	0.0444914000966	center	No	1.0
False	38.0	254.9	357	0	1	4.68091584549	2.20879558752	184.331797235	0.0446363503782	0.0446363503782	0.0479308642491	0.0444914000966	center	No	1.0
False	38.0	254.9	357	0	2	3.52317971591	2.18272737463	184.331797235	0.0446363503782	0.0446363503782	0.0473651840294	0.0444914000966	center	No	1.0
False	38.0	254.9	357	0	3	2.56633039773	1.54994478313	184.331797235	0.0446363503782	0.0446363503782	0.0336338017939	0.0444914000966	center	No	1.0
False	38.0	254.9	357	0	4	4.75265278295	2.28643094195	184.331797235	0.0446363503782	0.0446363503782	0.0496155514403	0.0444914000966	center	No	1.0
False	39.0	254.9	358	0	1	4.68091584549	2.20879558752	184.331797235	0.0446363503782	0.0446363503782	0.0479308642491	0.0444914000966	center	No	1.0
False	39.0	254.9	358	0	2	3.52317971591	2.18272737463	184.331797235	0.0446363503782	0.0446363503782	0.0473651840294	0.0444914000966	center	No	1.0
False	39.0	254.9	358	0	3	2.56633039773	1.54994478313	184.331797235	0.0446363503782	0.0446363503782	0.0336338017939	0.0444914000966	center	No	1.0
False	39.0	254.9	358	0	4	4.75265278295	2.28643094195	184.331797235	0.0446363503782	0.0446363503782	0.0496155514403	0.0444914000966	center	No	1.0
False	40.0	256.9	359	0	1	4.74815450527	2.26278068213	184.331797235	0.0451685731877	0.0451685731877	0.0491023408023	0.0450185982942	center	No	1.0
False	40.0	256.9	359	0	2	3.55582232955	2.18134402086	184.331797235	0.0451685731877	0.0451685731877	0.0473351652526	0.0450185982942	center	No	1.0
False	40.0	256.9	359	0	3	2.62316335227	1.58702024689	184.331797235	0.0451685731877	0.0451685731877	0.0344383393576	0.0450185982942	center	No	1.0
False	40.0	256.9	359	0	4	4.81898510114	2.29485932435	184.331797235	0.0451685731877	0.0451685731877	0.0497984473385	0.0450185982942	center	No	1.0
False	41.0	257.7	360	0	1	4.77504996918	2.28944713709	184.331797235	0.0454100968229	0.0454100968229	0.049681002875	0.0452566585713	center	No	1.0
False	41.0	257.7	360	0	2	3.568879375	2.1807929348	184.331797235	0.0454100968229	0.0454100968229	0.0473232066852	0.0452566585713	center	No	1.0
False	41.0	257.7	360	0	3	2.64589653409	1.60192243609	184.331797235	0.0454100968229	0.0454100968229	0.0347617168632	0.0452566585713	center	No	1.0
False	41.0	257.7	360	0	4	4.84551802841	2.29836225198	184.331797235	0.0454100968229	0.0454100968229	0.049874460868	0.0452566585713	center	No	1.0
False	42.0	257.7	361	0	1	4.77504996918	2.28944713709	184.331797235	0.0454100968229	0.0454100968229	0.049681002875	0.0452566585713	center	No	1.0
False	42.0	257.7	361	0	2	3.568879375	2.1807929348	184.331797235	0.0454100968229	0.0454100968229	0.0473232066852	0.0452566585713	center	No	1.0
False	42.0	257.7	361	0	3	2.64589653409	1.60192243609	184.331797235	0.0454100968229	0.0454100968229	0.0347617168632	0.0452566585713	center	No	1.0
False	42.0	257.7	361	0	4	4.84551802841	2.29836225198	184.331797235	0.0454100968229	0.0454100968229	0.049874460868	0.0452566585713	center	No	1.0
False	43.0	257.7	362	0	1	4.77504996918	2.28944713709	184.331797235	0.0454100968229	0.0454100968229	0.049681002875	0.0452566585713	center	No	1.0
False	43.0	257.7	362	0	2	3.568879375	2.1807929348	184.331797235	0.0454100968229	0.0454100968229	0.0473232066852	0.0452566585713	center	No	1.0
False	43.0	257.7	362	0	3	2.64589653409	1.60192243609	184.331797235	0.0454100968229	0.0454100968229	0.0347617168632	0.0452566585713	center	No	1.0
False	43.0	257.7	362	0	4	4.84551802841	2.29836225198	184.331797235	0.0454100968229	0.0454100968229	0.049874460868	0.0452566585713	center	No	1.0
False	44.0	257.7	363	0	1	4.77504996918	2.28944713709	184.331797235	0.0454100968229	0.0454100968229	0.049681002875	0.0452566585713	center	No	1.0
False	44.0	257.7	363	0	2	3.568879375	2.1807929348	184.331797235	0.0454100968229	0.0454100968229	0.0473232066852	0.0452566585713	center	No	1.0
False	44.0	257.7	363	0	3	2.64589653409	1.60192243609	184.331797235	0.0454100968229	0.0454100968229	0.0347617168632	0.0452566585713	center	No	1.0
False	44.0	257.7	363	0	4	4.84551802841	2.29836225198	184.331797235	0.0454100968229	0.0454100968229	0.049874460868	0.0452566585713	center	No	1.0
False	45.0	258.3	364	0	1	4.79522156711	2.3007248486	184.331797235	0.0455443407387	0.0455443407387	0.0499257292147	0.0453908914134	center	No	1.0
False	45.0	258.3	364	0	2	3.57867215909	2.18038046606	184.331797235	0.0455443407387	0.0455443407387	0.0473142561135	0.0453908914134	center	No	1.0
False	45.0	258.3	364	0	3	2.66294642045	1.61312607938	184.331797235	0.0455443407387	0.0455443407387	0.0350048359225	0.0453908914134	center	No	1.0
False	45.0	258.3	364	0	4	4.86541772386	2.3010387882	184.331797235	0.0455443407387	0.0455443407387	0.049932541704	0.0453908914134	center	No	1.0
False	46.0	262.6	365	0	1	4.93978468564	2.32021393959	184.331797235	0.046184185903	0.046184185903	0.0503486424891	0.0460491267308	center	No	1.0
False	46.0	262.6	365	0	2	3.64885377841	2.17744565543	184.331797235	0.046184185903	0.046184185903	0.0472505707227	0.0460491267308	center	No	1.0
False	46.0	262.6	365	0	3	2.78513727273	1.69409614098	184.331797235	0.046184185903	0.046184185903	0.0367618862593	0.0460491267308	center	No	1.0
False	46.0	262.6	365	0	4	5.00803220795	2.32145825533	184.331797235	0.046184185903	0.046184185903	0.0503756441407	0.0460491267308	center	No	1.0
False	47.0	266.6	1	0	1	5.0742620052	2.34034159621	184.331797235	0.0468067816451	0.0468067816451	0.0507854126378	0.0466888569298	center	No	1.0
False	47.0	266.6	1	0	2	3.71413900568	2.17474902808	184.331797235	0.0468067816451	0.0468067816451	0.0471920539093	0.0466888569298	center	No	1.0
False	47.0	266.6	1	0	3	2.89880318182	1.77048432612	184.331797235	0.0468067816451	0.0468067816451	0.0384195098768	0.0466888569298	center	No	1.0
False	47.0	266.6	1	0	4	5.14069684432	2.34240323301	184.331797235	0.0468067816451	0.0468067816451	0.0508301501563	0.0466888569298	center	No	1.0
False	48.0	266.6	2	0	1	5.0742620052	2.34034159621	184.331797235	0.047034760102	0.047034760102	0.0507854126378	0.0469111442946	center	No	1.0
False	48.0	266.6	2	0	2	5.02946192386	2.21677270678	184.331797235	0.047034760102	0.047034760102	0.0481039677372	0.0469111442946	center	No	1.0
False	48.0	266.6	2	0	3	2.89880318182	1.77048432612	184.331797235	0.047034760102	0.047034760102	0.0384195098768	0.0469111442946	center	No	1.0
False	48.0	266.6	2	0	4	5.14069684432	2.34240323301	184.331797235	0.047034760102	0.047034760102	0.0508301501563	0.0469111442946	center	No	1.0
False	49.0	266.6	3	0	1	5.0742620052	2.34034159621	184.331797235	0.0468067816451	0.0468067816451	0.0507854126378	0.0466888569298	center	No	1.0
False	49.0	266.6	3	0	2	4.51944617386	2.17474902808	184.331797235	0.0468067816451	0.0468067816451	0.0471920539093	0.0466888569298	center	No	1.0
False	49.0	266.6	3	0	3	2.89880318182	1.77048432612	184.331797235	0.0468067816451	0.0468067816451	0.0384195098768	0.0466888569298	center	No	1.0
False	49.0	266.6	3	0	4	5.14069684432	2.34240323301	184.331797235	0.0468067816451	0.0468067816451	0.0508301501563	0.0466888569298	center	No	1.0
False	50.0	266.6	4	0	1	5.0742620052	2.34034159621	184.331797235	0.0468067816451	0.0468067816451	0.0507854126378	0.0466888569298	center	No	1.0
False	50.0	266.6	4	0	2	4.51944617386	2.17474902808	184.331797235	0.0468067816451	0.0468067816451	0.0471920539093	0.0466888569298	center	No	1.0
False	50.0	266.6	4	0	3	2.89880318182	1.77048432612	184.331797235	0.0468067816451	0.0468067816451	0.0384195098768	0.0466888569298	center	No	1.0
False	50.0	266.6	4	0	4	5.14069684432	2.34240323301	184.331797235	0.0468067816451	0.0468067816451	0.0508301501563	0.0466888569298	center	No	1.0
False	51.0	268.8	5	0	1	5.14822453096	2.3522327832	184.331797235	0.0473876643517	0.0473876643517	0.0510434513955	0.0472735031185	center	No	1.0
False	51.0	268.8	5	0	2	4.59356447708	2.21516010803	184.331797235	0.0473876643517	0.0473876643517	0.0480689743443	0.0472735031185	center	No	1.0
False	51.0	268.8	5	0	3	2.96131943182	1.81293627901	184.331797235	0.0473876643517	0.0473876643517	0.0393407172544	0.0472735031185	center	No	1.0
False	51.0	268.8	5	0	4	5.21366239432	2.35472416647	184.331797235	0.0473876643517	0.0473876643517	0.0510975144124	0.0472735031185	center	No	1.0
False	52.0	268.8	6	0	1	5.14822453096	2.3522327832	184.331797235	0.0473876643517	0.0473876643517	0.0510434513955	0.0472735031185	center	No	1.0
False	52.0	268.8	6	0	2	4.59356447708	2.21516010803	184.331797235	0.0473876643517	0.0473876643517	0.0480689743443	0.0472735031185	center	No	1.0
False	52.0	268.8	6	0	3	2.96131943182	1.81293627901	184.331797235	0.0473876643517	0.0473876643517	0.0393407172544	0.0472735031185	center	No	1.0
False	52.0	268.8	6	0	4	5.21366239432	2.35472416647	184.331797235	0.0473876643517	0.0473876643517	0.0510975144124	0.0472735031185	center	No	1.0
False	53.0	268.8	7	0	1	5.14822453096	2.3522327832	184.331797235	0.0473876643517	0.0473876643517	0.0510434513955	0.0472735031185	center	No	1.0
False	53.0	268.8	7	0	2	4.59356447708	2.21516010803	184.331797235	0.0473876643517	0.0473876643517	0.0480689743443	0.0472735031185	center	No	1.0
False	53.0	268.8	7	0	3	2.96131943182	1.81293627901	184.331797235	0.0473876643517	0.0473876643517	0.0393407172544	0.0472735031185	center	No	1.0
False	53.0	268.8	7	0	4	5.21366239432	2.35472416647	184.331797235	0.0473876643517	0.0473876643517	0.0510975144124	0.0472735031185	center	No	1.0
False	54.0	269.7	8	0	1	5.17848192786	2.35726528658	184.331797235	0.0477011190768	0.0477011190768	0.0511526567188	0.0475866644697	center	No	1.0
False	54.0	269.7	8	0	2	4.62388560113	2.24524662351	184.331797235	0.0477011190768	0.0477011190768	0.0487218517302	0.0475866644697	center	No	1.0
False	54.0	269.7	8	0	3	2.98689426136	1.83039267018	184.331797235	0.0477011190768	0.0477011190768	0.0397195209428	0.0475866644697	center	No	1.0
False	54.0	269.7	8	0	4	5.2435119375	2.35992842929	184.331797235	0.0477011190768	0.0477011190768	0.0512104469156	0.0475866644697	center	No	1.0
False	55.0	270.1	9	0	1	5.19192965981	2.35953325294	184.331797235	0.0478408680806	0.0478408680806	0.0512018715889	0.047726283344	center	No	1.0
False	55.0	270.1	9	0	2	4.63736165626	2.25862018113	184.331797235	0.0478408680806	0.0478408680806	0.0490120579305	0.047726283344	center	No	1.0
False	55.0	270.1	9	0	3	2.99826085227	1.83816778139	184.331797235	0.0478408680806	0.0478408680806	0.0398882408562	0.047726283344	center	No	1.0
False	55.0	270.1	9	0	4	5.25677840114	2.36227197911	184.331797235	0.0478408680806	0.0478408680806	0.0512613019466	0.047726283344	center	No	1.0
False	56.0	271.9	10	0	1	5.25244445362	2.36997744942	184.331797235	0.0482155897382	0.0482155897382	0.0514285106524	0.0481068486293	center	No	1.0
False	56.0	271.9	10	0	2	4.69800390435	2.27135522915	184.331797235	0.0482155897382	0.0482155897382	0.0492884084726	0.0481068486293	center	No	1.0
False	56.0	271.9	10	0	3	3.04941051136	1.87328307412	184.331797235	0.0482155897382	0.0482155897382	0.0406502427084	0.0481068486293	center	No	1.0
False	56.0	271.9	10	0	4	5.3164774875	2.37305055849	184.331797235	0.0482155897382	0.0482155897382	0.0514951971193	0.0481068486293	center	No	1.0
False	57.0	272.3	11	0	1	5.26589218557	2.37235134815	184.331797235	0.0482926942559	0.0482926942559	0.0514800242549	0.0481854245273	center	No	1.0
False	57.0	272.3	11	0	2	4.71147995948	2.27291552929	184.331797235	0.0482926942559	0.0482926942559	0.0493222669857	0.0481854245273	center	No	1.0
False	57.0	272.3	11	0	3	3.06077710227	1.88111475967	184.331797235	0.0482926942559	0.0482926942559	0.0408201902848	0.0481854245273	center	No	1.0
False	57.0	272.3	11	0	4	5.32974395114	2.3754974884	184.331797235	0.0482926942559	0.0482926942559	0.0515482954984	0.0481854245273	center	No	1.0
False	58.0	272.3	12	0	1	5.26589218557	2.37235134815	184.331797235	0.0482926942559	0.0482926942559	0.0514800242549	0.0481854245273	center	No	1.0
False	58.0	272.3	12	0	2	4.71147995948	2.27291552929	184.331797235	0.0482926942559	0.0482926942559	0.0493222669857	0.0481854245273	center	No	1.0
False	58.0	272.3	12	0	3	3.06077710227	1.88111475967	184.331797235	0.0482926942559	0.0482926942559	0.0408201902848	0.0481854245273	center	No	1.0
False	58.0	272.3	12	0	4	5.32974395114	2.3754974884	184.331797235	0.0482926942559	0.0482926942559	0.0515482954984	0.0481854245273	center	No	1.0
False	59.0	272.3	13	0	1	5.26589218557	2.37235134815	184.331797235	0.0482926942559	0.0482926942559	0.0514800242549	0.0481854245273	center	No	1.0
False	59.0	272.3	13	0	2	4.71147995948	2.27291552929	184.331797235	0.0482926942559	0.0482926942559	0.0493222669857	0.0481854245273	center	No	1.0
False	59.0	272.3	13	0	3	3.06077710227	1.88111475967	184.331797235	0.0482926942559	0.0482926942559	0.0408201902848	0.0481854245273	center	No	1.0
False	59.0	272.3	13	0	4	5.32974395114	2.3754974884	184.331797235	0.0482926942559	0.0482926942559	0.0515482954984	0.0481854245273	center	No	1.0
False	60.0	272.3	14	0	1	5.26589218557	2.37235134815	184.331797235	0.0482926942559	0.0482926942559	0.0514800242549	0.0481854245273	center	No	1.0
False	60.0	272.3	14	0	2	4.71147995948	2.27291552929	184.331797235	0.0482926942559	0.0482926942559	0.0493222669857	0.0481854245273	center	No	1.0
False	60.0	272.3	14	0	3	3.06077710227	1.88111475967	184.331797235	0.0482926942559	0.0482926942559	0.0408201902848	0.0481854245273	center	No	1.0
False	60.0	272.3	14	0	4	5.32974395114	2.3754974884	184.331797235	0.0482926942559	0.0482926942559	0.0515482954984	0.0481854245273	center	No	1.0
False	61.0	272.3	15	0	1	5.26589218557	2.37235134815	184.331797235	0.0482926942559	0.0482926942559	0.0514800242549	0.0481854245273	center	No	1.0
False	61.0	272.3	15	0	2	4.71147995948	2.27291552929	184.331797235	0.0482926942559	0.0482926942559	0.0493222669857	0.0481854245273	center	No	1.0
False	61.0	272.3	15	0	3	3.06077710227	1.88111475967	184.331797235	0.0482926942559	0.0482926942559	0.0408201902848	0.0481854245273	center	No	1.0
False	61.0	272.3	15	0	4	5.32974395114	2.3754974884	184.331797235	0.0482926942559	0.0482926942559	0.0515482954984	0.0481854245273	center	No	1.0
False	62.0	272.3	16	0	1	5.26589218557	2.37235134815	184.331797235	0.0482926942559	0.0482926942559	0.0514800242549	0.0481854245273	center	No	1.0
False	62.0	272.3	16	0	2	4.71147995948	2.27291552929	184.331797235	0.0482926942559	0.0482926942559	0.0493222669857	0.0481854245273	center	No	1.0
False	62.0	272.3	16	0	3	3.06077710227	1.88111475967	184.331797235	0.0482926942559	0.0482926942559	0.0408201902848	0.0481854245273	center	No	1.0
False	62.0	272.3	16	0	4	5.32974395114	2.3754974884	184.331797235	0.0482926942559	0.0482926942559	0.0515482954984	0.0481854245273	center	No	1.0
False	63.0	273.2	17	0	1	5.29614958247	2.37776304125	184.331797235	0.0484675218069	0.0484675218069	0.0515974579952	0.0483635542333	center	No	1.0
False	63.0	273.2	17	0	2	4.74180108352	2.27649689474	184.331797235	0.0484675218069	0.0484675218069	0.0493999826159	0.0483635542333	center	No	1.0
False	63.0	273.2	17	0	3	3.08635193182	1.89877366123	184.331797235	0.0484675218069	0.0484675218069	0.0412033884486	0.0483635542333	center	No	1.0
False	63.0	273.2	17	0	4	5.35959349432	2.38107180497	184.331797235	0.0484675218069	0.0484675218069	0.0516692581679	0.0483635542333	center	No	1.0
False	64.0	275.9	18	0	1	5.38692177317	3.08543678881	184.331797235	0.0564989185037	0.0564989185037	0.0669539783171	0.0563277382449	center	No	1.0
False	64.0	275.9	18	0	2	4.83276445566	2.28782826288	184.331797235	0.0564989185037	0.0564989185037	0.0496458733046	0.0563277382449	center	No	1.0
False	64.0	275.9	18	0	3	3.16307642045	1.9520628105	184.331797235	0.0564989185037	0.0564989185037	0.0423597629878	0.0563277382449	center	No	1.0
False	64.0	275.9	18	0	4	5.44914212386	3.08921932744	184.331797235	0.0564989185037	0.0564989185037	0.0670360594053	0.0563277382449	center	No	1.0
False	65.0	277.8	19	0	1	5.45079849997	3.12869170335	184.331797235	0.0573882926532	0.0573882926532	0.0678926099626	0.0572281384746	center	No	1.0
False	65.0	277.8	19	0	2	4.89677571753	2.29633024988	184.331797235	0.0573882926532	0.0573882926532	0.0498303664223	0.0572281384746	center	No	1.0
False	65.0	277.8	19	0	3	3.209810625	2.020670207	184.331797235	0.0573882926532	0.0573882926532	0.043848543492	0.0572281384746	center	No	1.0
False	65.0	277.8	19	0	4	5.51215782614	3.13279496478	184.331797235	0.0573882926532	0.0573882926532	0.0679816507358	0.0572281384746	center	No	1.0
False	66.0	277.9	20	0	1	5.45416043295	3.13097388667	184.331797235	0.0574292754847	0.0574292754847	0.0679421333406	0.0572694284059	center	No	1.0
False	66.0	277.9	20	0	2	4.90014473131	2.29678980666	184.331797235	0.0574292754847	0.0574292754847	0.0498403388045	0.0572694284059	center	No	1.0
False	66.0	277.9	20	0	3	3.21144275568	2.02318413245	184.331797235	0.0574292754847	0.0574292754847	0.0439030956742	0.0572694284059	center	No	1.0
False	66.0	277.9	20	0	4	5.51547444205	3.13509373822	184.331797235	0.0574292754847	0.0574292754847	0.0680315341194	0.0572694284059	center	No	1.0
False	67.0	277.9	21	0	1	5.45416043295	3.13097388667	184.331797235	0.0574292754847	0.0574292754847	0.0679421333406	0.0572694284059	center	No	1.0
False	67.0	277.9	21	0	2	4.90014473131	2.29678980666	184.331797235	0.0574292754847	0.0574292754847	0.0498403388045	0.0572694284059	center	No	1.0
False	67.0	277.9	21	0	3	3.21144275568	2.02318413245	184.331797235	0.0574292754847	0.0574292754847	0.0439030956742	0.0572694284059	center	No	1.0
False	67.0	277.9	21	0	4	5.51547444205	3.13509373822	184.331797235	0.0574292754847	0.0574292754847	0.0680315341194	0.0572694284059	center	No	1.0
False	68.0	279.2	22	0	1	5.49786556181	3.16069331049	184.331797235	0.0579635056922	0.0579635056922	0.0685870448376	0.0578076442911	center	No	1.0
False	68.0	279.2	22	0	2	4.94394191049	2.30287400723	184.331797235	0.0579635056922	0.0579635056922	0.049972365957	0.0578076442911	center	No	1.0
False	68.0	279.2	22	0	3	3.23266045455	2.05592366627	184.331797235	0.0579635056922	0.0579635056922	0.0446135435582	0.0578076442911	center	No	1.0
False	68.0	279.2	22	0	4	5.55859044886	3.16502619428	184.331797235	0.0579635056922	0.0579635056922	0.0686810684159	0.0578076442911	center	No	1.0
False	69.0	279.2	23	0	1	5.49786556181	3.16069331049	184.331797235	0.0579635056922	0.0579635056922	0.0685870448376	0.0578076442911	center	No	1.0
False	69.0	279.2	23	0	2	4.94394191049	2.30287400723	184.331797235	0.0579635056922	0.0579635056922	0.049972365957	0.0578076442911	center	No	1.0
False	69.0	279.2	23	0	3	3.23266045455	2.05592366627	184.331797235	0.0579635056922	0.0579635056922	0.0446135435582	0.0578076442911	center	No	1.0
False	69.0	279.2	23	0	4	5.55859044886	3.16502619428	184.331797235	0.0579635056922	0.0579635056922	0.0686810684159	0.0578076442911	center	No	1.0
False	70.0	279.2	24	0	1	5.49786556181	3.16069331049	184.331797235	0.0579635056922	0.0579635056922	0.0685870448376	0.0578076442911	center	No	1.0
False	70.0	279.2	24	0	2	4.94394191049	2.30287400723	184.331797235	0.0579635056922	0.0579635056922	0.049972365957	0.0578076442911	center	No	1.0
False	70.0	279.2	24	0	3	3.23266045455	2.05592366627	184.331797235	0.0579635056922	0.0579635056922	0.0446135435582	0.0578076442911	center	No	1.0
False	70.0	279.2	24	0	4	5.55859044886	3.16502619428	184.331797235	0.0579635056922	0.0579635056922	0.0686810684159	0.0578076442911	center	No	1.0
False	71.0	280.8	25	0	1	5.55165648963	3.19740118862	184.331797235	0.0586247251609	0.0586247251609	0.0693836057931	0.0584737523314	center	No	1.0
False	71.0	280.8	25	0	2	4.99784613101	2.31064259783	184.331797235	0.0586247251609	0.0586247251609	0.050140944373	0.0584737523314	center	No	1.0
False	71.0	280.8	25	0	3	3.25877454545	2.09636762764	184.331797235	0.0586247251609	0.0586247251609	0.0454911775198	0.0584737523314	center	No	1.0
False	71.0	280.8	25	0	4	5.61165630341	3.20198953722	184.331797235	0.0586247251609	0.0586247251609	0.0694831729577	0.0584737523314	center	No	1.0
False	72.0	291.1	26	0	1	5.8979355875	3.43714554878	184.331797235	0.0621175169454	0.0621175169454	0.0745860584085	0.0619583432339	center	No	1.0
False	72.0	291.1	26	0	2	5.34485455063	2.36805844552	184.331797235	0.0621175169454	0.0621175169454	0.0513868682679	0.0619583432339	center	No	1.0
False	72.0	291.1	26	0	3	3.42688400568	2.20182883739	184.331797235	0.0621175169454	0.0621175169454	0.0477796857715	0.0619583432339	center	No	1.0
False	72.0	291.1	26	0	4	5.95326774205	3.44320070663	184.331797235	0.0621175169454	0.0621175169454	0.0747174553338	0.0619583432339	center	No	1.0
False	73.0	302.2	27	0	1	6.27111014928	3.70217248247	184.331797235	0.0695985461181	0.0695985461181	0.0803371428696	0.0692921170318	center	No	1.0
False	73.0	302.2	27	0	2	5.71881508051	3.22392847566	184.331797235	0.0695985461181	0.0695985461181	0.0699592479218	0.0692921170318	center	No	1.0
False	73.0	302.2	27	0	3	3.60805051136	2.19366022596	184.331797235	0.0695985461181	0.0695985461181	0.0476024269034	0.0692921170318	center	No	1.0
False	73.0	302.2	27	0	4	6.32141210795	3.7094639068	184.331797235	0.0695985461181	0.0695985461181	0.0804953667776	0.0692921170318	center	No	1.0
False	74.0	312.5	28	0	1	6.61738924714	3.95427990916	184.331797235	0.0736281386659	0.0736281386659	0.0858078740289	0.0732587347587	center	No	1.0
False	74.0	312.5	28	0	2	6.06582350013	3.46902607752	184.331797235	0.0736281386659	0.0736281386659	0.0752778658823	0.0732587347587	center	No	1.0
False	74.0	312.5	28	0	3	3.77615997159	2.18630228404	184.331797235	0.0736281386659	0.0736281386659	0.0474427595636	0.0732587347587	center	No	1.0
False	74.0	312.5	28	0	4	6.66302354659	3.96239885663	184.331797235	0.0736281386659	0.0736281386659	0.0859840551889	0.0732587347587	center	No	1.0
False	75.0	317.4	29	0	1	6.72499938974	4.15798369315	184.331797235	0.0770181990384	0.0770181990384	0.0902282461413	0.0766343772709	center	No	1.0
False	75.0	317.4	29	0	2	6.23090517548	3.5877317851	184.331797235	0.0770181990384	0.0770181990384	0.0778537797366	0.0766343772709	center	No	1.0
False	75.0	317.4	29	0	3	3.856134375	2.28479926114	184.331797235	0.0770181990384	0.0770181990384	0.0495801439667	0.0766343772709	center	No	1.0
False	75.0	317.4	29	0	4	6.76841315227	4.16638830916	184.331797235	0.0770181990384	0.0770181990384	0.0904106263088	0.0766343772709	center	No	1.0
False	76.0	320.8	30	0	1	6.78381266818	4.27898060882	184.331797235	0.0791952458823	0.0791952458823	0.0928538792113	0.0788054599408	center	No	1.0
False	76.0	320.8	30	0	2	6.34545164409	3.67089691442	184.331797235	0.0791952458823	0.0791952458823	0.0796584630429	0.0788054599408	center	No	1.0
False	76.0	320.8	30	0	3	5.4740905501	2.36078196226	184.331797235	0.0791952458823	0.0791952458823	0.0512289685811	0.0788054599408	center	No	1.0
False	76.0	320.8	30	0	4	6.82568565	4.28754252046	184.331797235	0.0791952458823	0.0791952458823	0.093039672694	0.0788054599408	center	No	1.0
False	77.0	327.0	31	0	1	6.89106041123	4.50129124234	184.331797235	0.0822691589349	0.0822691589349	0.0976780199588	0.0818260616654	center	No	1.0
False	77.0	327.0	31	0	2	6.55433049862	3.82423386625	184.331797235	0.0822691589349	0.0822691589349	0.0829858748977	0.0818260616654	center	No	1.0
False	77.0	327.0	31	0	3	5.06283490227	2.3292431409	184.331797235	0.0822691589349	0.0822691589349	0.0505445761575	0.0818260616654	center	No	1.0
False	77.0	327.0	31	0	4	6.93012373409	4.510053674	184.331797235	0.0822691589349	0.0822691589349	0.0978681647257	0.0818260616654	center	No	1.0
False	78.0	335.5	32	0	1	7.03809360733	4.80957608979	184.331797235	0.0884276766363	0.0884276766363	0.104367801148	0.0878984923671	center	No	1.0
False	78.0	335.5	32	0	2	6.8276396247	4.29439279847	184.331797235	0.0884276766363	0.0884276766363	0.0931883237267	0.0878984923671	center	No	1.0
False	78.0	335.5	32	0	3	5.34474725455	2.37763144033	184.331797235	0.0884276766363	0.0884276766363	0.0515946022552	0.0878984923671	center	No	1.0
False	78.0	335.5	32	0	4	7.07330497841	4.81843223111	184.331797235	0.0884276766363	0.0884276766363	0.104559979415	0.0878984923671	center	No	1.0
False	79.0	347.7	33	0	1	7.24912948881	5.26956866653	184.331797235	0.100788348389	0.100788348389	0.114349640064	0.100374593448	center	No	1.0
False	79.0	347.7	33	0	2	7.03953936301	4.73584390918	184.331797235	0.100788348389	0.100788348389	0.102767812829	0.100374593448	center	No	1.0
False	79.0	347.7	33	0	3	5.74937439545	3.29547469311	184.331797235	0.100788348389	0.100788348389	0.0715118008406	0.100374593448	center	No	1.0
False	79.0	347.7	33	0	4	7.27881217614	5.27761013003	184.331797235	0.100788348389	0.100788348389	0.114524139822	0.100374593448	center	No	1.0
False	80.0	357.9	34	0	1	7.42556932414	5.47245141036	184.331797235	0.106329797737	0.106329797737	0.118752195605	0.105901930224	center	No	1.0
False	80.0	357.9	34	0	2	7.2167014393	5.11138612101	184.331797235	0.106329797737	0.106329797737	0.110917078826	0.105901930224	center	No	1.0
False	80.0	357.9	34	0	3	6.08766921818	3.53664972233	184.331797235	0.106329797737	0.106329797737	0.0767452989745	0.105901930224	center	No	1.0
False	80.0	357.9	34	0	4	7.45062966932	5.47947546276	184.331797235	0.106329797737	0.106329797737	0.118904617542	0.105901930224	center	No	1.0
False	81.0	366.6	35	0	1	9.80999394281	5.61752993223	184.331797235	0.110914169622	0.110914169622	0.121900399529	0.110475141421	center	No	1.0
False	81.0	366.6	35	0	2	7.36781026908	5.45671071923	184.331797235	0.110914169622	0.110914169622	0.118410622607	0.110475141421	center	No	1.0
False	81.0	366.6	35	0	3	6.37621480227	3.74673071729	184.331797235	0.110914169622	0.110914169622	0.0813040565652	0.110475141421	center	No	1.0
False	81.0	366.6	35	0	4	9.83111170204	5.62403685643	184.331797235	0.110914169622	0.110914169622	0.122041599785	0.110475141421	center	No	1.0
False	82.0	375.6	36	0	1	10.2226930752	6.59478082623	184.331797235	0.123506671971	0.123506671971	0.143106743929	0.122998879953	center	No	1.0
False	82.0	375.6	36	0	2	9.69619646829	5.58563386156	184.331797235	0.123506671971	0.123506671971	0.121208254796	0.122998879953	center	No	1.0
False	82.0	375.6	36	0	3	6.67471023409	3.96829233812	184.331797235	0.123506671971	0.123506671971	0.0861119437373	0.122998879953	center	No	1.0
False	82.0	375.6	36	0	4	10.2397322973	6.61749978895	184.331797235	0.123506671971	0.123506671971	0.14359974542	0.122998879953	center	No	1.0
False	83.0	382.7	37	0	1	10.5482668352	6.785050134	184.331797235	0.127375684841	0.127375684841	0.147235587908	0.126906615624	center	No	1.0
False	83.0	382.7	37	0	2	10.0256201503	5.64441774324	184.331797235	0.127375684841	0.127375684841	0.122483865028	0.126906615624	center	No	1.0
False	83.0	382.7	37	0	3	6.81389425341	4.24644195366	184.331797235	0.127375684841	0.127375684841	0.0921477903945	0.126906615624	center	No	1.0
False	83.0	382.7	37	0	4	10.5620885446	6.80347907982	184.331797235	0.127375684841	0.127375684841	0.147635496032	0.126906615624	center	No	1.0
False	84.0	389.5	38	0	1	10.8600839575	6.97123292753	184.331797235	0.136102415788	0.136102415788	0.151275754527	0.135537115031	center	No	1.0
False	84.0	389.5	38	0	2	10.3411245218	6.6408750857	184.331797235	0.136102415788	0.136102415788	0.14410698936	0.135537115031	center	No	1.0
False	84.0	389.5	38	0	3	6.92843924886	4.49034177227	184.331797235	0.136102415788	0.136102415788	0.0974404164584	0.135537115031	center	No	1.0
False	84.0	389.5	38	0	4	10.8708241054	6.98555312478	184.331797235	0.136102415788	0.136102415788	0.151586502808	0.135537115031	center	No	1.0
False	85.0	391.5	39	0	1	10.9517948758	7.02672864334	184.331797235	0.137383385147	0.137383385147	0.15248001156	0.136822172952	center	No	1.0
False	85.0	391.5	39	0	2	10.4339199252	6.69501219531	184.331797235	0.137383385147	0.137383385147	0.145281764638	0.136822172952	center	No	1.0
False	85.0	391.5	39	0	3	6.96212895341	4.56254507069	184.331797235	0.137383385147	0.137383385147	0.0990072280341	0.136822172952	center	No	1.0
False	85.0	391.5	39	0	4	10.9616286822	7.03984038512	184.331797235	0.137383385147	0.137383385147	0.152764536357	0.136822172952	center	No	1.0
False	86.0	393.6	40	0	1	11.0480913401	7.08535923404	184.331797235	0.138735568181	0.138735568181	0.153752295379	0.138178615034	center	No	1.0
False	86.0	393.6	40	0	2	10.5313550987	6.7522277817	184.331797235	0.138735568181	0.138735568181	0.146523342863	0.138178615034	center	No	1.0
False	86.0	393.6	40	0	3	6.99750314318	4.63858750997	184.331797235	0.138735568181	0.138735568181	0.100657348966	0.138178615034	center	No	1.0
False	86.0	393.6	40	0	4	11.0569734877	7.09720209759	184.331797235	0.138735568181	0.138735568181	0.154009285518	0.138178615034	center	No	1.0
False	87.0	393.8	41	0	1	11.0572624319	7.09096233804	184.331797235	0.138864730328	0.138864730328	0.153873882735	0.138308180991	center	No	1.0
False	87.0	393.8	41	0	2	10.5406346391	6.75769673949	184.331797235	0.138864730328	0.138864730328	0.146642019247	0.138308180991	center	No	1.0
False	87.0	393.8	41	0	3	7.00087211364	4.64584188037	184.331797235	0.138864730328	0.138864730328	0.100814768804	0.138308180991	center	No	1.0
False	87.0	393.8	41	0	4	11.0660539454	7.10268435603	184.331797235	0.138864730328	0.138864730328	0.154128250526	0.138308180991	center	No	1.0
False	88.0	396.7	42	0	1	11.1902432634	7.69657545363	184.331797235	0.146430377465	0.146430377465	0.167015687344	0.145821208583	center	No	1.0
False	88.0	396.7	42	0	2	10.675187974	6.83738465026	184.331797235	0.146430377465	0.146430377465	0.148371246911	0.145821208583	center	No	1.0
False	88.0	396.7	42	0	3	7.04972218523	4.75126933287	184.331797235	0.146430377465	0.146430377465	0.103102544523	0.145821208583	center	No	1.0
False	88.0	396.7	42	0	4	11.1977205816	7.70654521121	184.331797235	0.146430377465	0.146430377465	0.167232031083	0.145821208583	center	No	1.0
False	89.0	400.8	43	0	1	11.378250646	7.84796352543	184.331797235	0.149490162229	0.149490162229	0.170300808502	0.148885227903	center	No	1.0
False	89.0	400.8	43	0	2	10.8654185509	6.95128560659	184.331797235	0.149490162229	0.149490162229	0.150842897663	0.148885227903	center	No	1.0
False	89.0	400.8	43	0	3	7.11878607955	4.90108519123	184.331797235	0.149490162229	0.149490162229	0.10635354865	0.148885227903	center	No	1.0
False	89.0	400.8	43	0	4	11.3838699639	7.85545594931	184.331797235	0.149490162229	0.149490162229	0.1704633941	0.148885227903	center	No	1.0
False	90.0	405.5	44	0	1	11.593771304	8.02274642653	184.331797235	0.153026831212	0.153026831212	0.174093597456	0.152426642663	center	No	1.0
False	90.0	405.5	44	0	2	11.0834877488	7.08364015895	184.331797235	0.153026831212	0.153026831212	0.153714991449	0.152426642663	center	No	1.0
False	90.0	405.5	44	0	3	7.19795688523	5.07392525703	184.331797235	0.153026831212	0.153026831212	0.110104178078	0.152426642663	center	No	1.0
False	90.0	405.5	44	0	4	11.5972607192	8.02739898006	184.331797235	0.153026831212	0.153026831212	0.174194557867	0.152426642663	center	No	1.0
False	91.0	409.7	45	0	1	11.7863642325	8.18005651034	184.331797235	0.156250763094	0.156250763094	0.177507226274	0.155656410569	center	No	1.0
False	91.0	409.7	45	0	2	11.2783580959	7.20352782005	184.331797235	0.156250763094	0.156250763094	0.156316553695	0.155656410569	center	No	1.0
False	91.0	409.7	45	0	3	7.26870526477	5.23622834274	184.331797235	0.156250763094	0.156250763094	0.113626155037	0.155656410569	center	No	1.0
False	91.0	409.7	45	0	4	11.7879503303	8.1821713074	184.331797235	0.156250763094	0.156250763094	0.177553117371	0.155656410569	center	No	1.0
False	92.0	414.0	46	0	1	11.9697042884	8.51865011663	184.331797235	0.164472275296	0.164472275296	0.184854707531	0.163791334098	center	No	1.0
False	92.0	414.0	46	0	2	11.4778682132	7.87297253131	184.331797235	0.164472275296	0.164472275296	0.170843503929	0.163791334098	center	No	1.0
False	92.0	414.0	46	0	3	7.34113812955	5.40719733615	184.331797235	0.164472275296	0.164472275296	0.117336182194	0.163791334098	center	No	1.0
False	92.0	414.0	46	0	4	11.9697042884	8.51865011663	184.331797235	0.164472275296	0.164472275296	0.184854707531	0.163791334098	center	No	1.0
False	93.0	416.1	47	0	1	12.0296749042	8.64498947854	184.331797235	0.166992719319	0.166992719319	0.187596271684	0.166319425573	center	No	1.0
False	93.0	416.1	47	0	2	11.5753033868	7.95298839327	184.331797235	0.166992719319	0.166992719319	0.172579848134	0.166319425573	center	No	1.0
False	93.0	416.1	47	0	3	9.36193521367	5.53910072682	184.331797235	0.166992719319	0.166992719319	0.120198485772	0.166319425573	center	No	1.0
False	93.0	416.1	47	0	4	12.0296749042	8.64498947854	184.331797235	0.166992719319	0.166992719319	0.187596271684	0.166319425573	center	No	1.0
False	94.0	416.1	48	0	1	12.0296749042	8.64498947854	184.331797235	0.166992719319	0.166992719319	0.187596271684	0.166319425573	center	No	1.0
False	94.0	416.1	48	0	2	11.5753033868	7.95298839327	184.331797235	0.166992719319	0.166992719319	0.172579848134	0.166319425573	center	No	1.0
False	94.0	416.1	48	0	3	9.36193521367	5.53910072682	184.331797235	0.166992719319	0.166992719319	0.120198485772	0.166319425573	center	No	1.0
False	94.0	416.1	48	0	4	12.0296749042	8.64498947854	184.331797235	0.166992719319	0.166992719319	0.187596271684	0.166319425573	center	No	1.0
False	95.0	416.1	49	0	1	12.0296749042	8.64498947854	184.331797235	0.166992719319	0.166992719319	0.187596271684	0.166319425573	center	No	1.0
False	95.0	416.1	49	0	2	11.5753033868	7.95298839327	184.331797235	0.166992719319	0.166992719319	0.172579848134	0.166319425573	center	No	1.0
False	95.0	416.1	49	0	3	9.36193521367	5.53910072682	184.331797235	0.166992719319	0.166992719319	0.120198485772	0.166319425573	center	No	1.0
False	95.0	416.1	49	0	4	12.0296749042	8.64498947854	184.331797235	0.166992719319	0.166992719319	0.187596271684	0.166319425573	center	No	1.0
False	96.0	416.1	50	0	1	12.0296749042	8.64498947854	184.331797235	0.166992719319	0.166992719319	0.187596271684	0.166319425573	center	No	1.0
False	96.0	416.1	50	0	2	11.5753033868	7.95298839327	184.331797235	0.166992719319	0.166992719319	0.172579848134	0.166319425573	center	No	1.0
False	96.0	416.1	50	0	3	9.36193521367	5.53910072682	184.331797235	0.166992719319	0.166992719319	0.120198485772	0.166319425573	center	No	1.0
False	96.0	416.1	50	0	4	12.0296749042	8.64498947854	184.331797235	0.166992719319	0.166992719319	0.187596271684	0.166319425573	center	No	1.0
False	97.0	416.1	51	0	1	12.0296749042	8.64498947854	184.331797235	0.166992719319	0.166992719319	0.187596271684	0.166319425573	center	No	1.0
False	97.0	416.1	51	0	2	11.5753033868	7.95298839327	184.331797235	0.166992719319	0.166992719319	0.172579848134	0.166319425573	center	No	1.0
False	97.0	416.1	51	0	3	9.36193521367	5.53910072682	184.331797235	0.166992719319	0.166992719319	0.120198485772	0.166319425573	center	No	1.0
False	97.0	416.1	51	0	4	12.0296749042	8.64498947854	184.331797235	0.166992719319	0.166992719319	0.187596271684	0.166319425573	center	No	1.0
False	98.0	416.1	52	0	1	12.0296749042	8.64498947854	184.331797235	0.166992719319	0.166992719319	0.187596271684	0.166319425573	center	No	1.0
False	98.0	416.1	52	0	2	11.5753033868	7.95298839327	184.331797235	0.166992719319	0.166992719319	0.172579848134	0.166319425573	center	No	1.0
False	98.0	416.1	52	0	3	9.36193521367	5.53910072682	184.331797235	0.166992719319	0.166992719319	0.120198485772	0.166319425573	center	No	1.0
False	98.0	416.1	52	0	4	12.0296749042	8.64498947854	184.331797235	0.166992719319	0.166992719319	0.187596271684	0.166319425573	center	No	1.0
False	99.0	418.7	53	0	1	12.103924238	8.80177614557	184.331797235	0.169327749114	0.169327749114	0.190998542359	0.168627803722	center	No	1.0
False	99.0	418.7	53	0	2	11.6959374112	8.05242215559	184.331797235	0.169327749114	0.169327749114	0.174737560776	0.168627803722	center	No	1.0
False	99.0	418.7	53	0	3	9.48097974049	5.55651386917	184.331797235	0.169327749114	0.169327749114	0.120576350961	0.168627803722	center	No	1.0
False	99.0	418.7	53	0	4	12.103924238	8.80177614557	184.331797235	0.169327749114	0.169327749114	0.190998542359	0.168627803722	center	No	1.0
False	100.0	424.6	54	0	1	12.2724131109	9.15906538334	184.331797235	0.174669870123	0.174669870123	0.198751718818	0.173909935823	center	No	1.0
False	100.0	424.6	54	0	2	11.9696838511	8.2795644173	184.331797235	0.174669870123	0.174669870123	0.179666547855	0.173909935823	center	No	1.0
False	100.0	424.6	54	0	3	9.75111924365	5.59951589856	184.331797235	0.174669870123	0.174669870123	0.121509494999	0.173909935823	center	No	1.0
False	100.0	424.6	54	0	4	12.2724131109	9.15906538334	184.331797235	0.174669870123	0.174669870123	0.198751718818	0.173909935823	center	No	1.0
False	101.0	432.6	55	0	1	12.5008725996	9.64686049919	184.331797235	0.183021893529	0.183021893529	0.209336872832	0.182156435674	center	No	1.0
False	101.0	432.6	55	0	2	12.208862349	8.77747663139	184.331797235	0.183021893529	0.183021893529	0.190471242901	0.182156435674	center	No	1.0
False	101.0	432.6	55	0	3	10.1174100954	5.66555693779	184.331797235	0.183021893529	0.183021893529	0.12294258555	0.182156435674	center	No	1.0
False	101.0	432.6	55	0	4	12.5008725996	9.64686049919	184.331797235	0.183021893529	0.183021893529	0.209336872832	0.182156435674	center	No	1.0
False	102.0	442.3	56	0	1	12.7778797296	10.2434614377	184.331797235	0.198580015827	0.198580015827	0.222283113197	0.197833058398	center	No	1.0
False	102.0	442.3	56	0	2	12.4904423946	9.37511270743	184.331797235	0.198580015827	0.198580015827	0.203439945751	0.197833058398	center	No	1.0
False	102.0	442.3	56	0	3	10.5615377531	6.74257562959	184.331797235	0.198580015827	0.198580015827	0.146313891162	0.197833058398	center	No	1.0
False	102.0	442.3	56	0	4	12.7778797296	10.2434614377	184.331797235	0.198580015827	0.198580015827	0.222283113197	0.197833058398	center	No	1.0
False	103.0	450.4	57	0	1	13.0091949619	10.6712102671	184.331797235	0.207140484414	0.207140484414	0.231565262797	0.206331754912	center	No	1.0
False	103.0	450.4	57	0	2	12.7255762471	9.87849391204	184.331797235	0.207140484414	0.207140484414	0.214363317891	0.206331754912	center	No	1.0
False	103.0	450.4	57	0	3	10.9324072405	6.96166332586	184.331797235	0.207140484414	0.207140484414	0.151068094171	0.206331754912	center	No	1.0
False	103.0	450.4	57	0	4	13.0091949619	10.6712102671	184.331797235	0.207140484414	0.207140484414	0.231565262797	0.206331754912	center	No	1.0
False	104.0	457.5	58	0	1	13.2119527582	10.7875500271	184.331797235	0.21485314856	0.21485314856	0.234089835588	0.214155172315	center	No	1.0
False	104.0	457.5	58	0	2	12.931681229	10.3228208595	184.331797235	0.21485314856	0.21485314856	0.224005212651	0.214155172315	center	No	1.0
False	104.0	457.5	58	0	3	11.2574903714	7.70634610195	184.331797235	0.21485314856	0.21485314856	0.167227710412	0.214155172315	center	No	1.0
False	104.0	457.5	58	0	4	13.2119527582	10.7875500271	184.331797235	0.21485314856	0.21485314856	0.234089835588	0.214155172315	center	No	1.0
False	105.0	465.9	59	0	1	18.2398925213	11.3089853189	184.331797235	0.224483491054	0.224483491054	0.24540498142	0.223746611697	center	No	1.0
False	105.0	465.9	59	0	2	13.1755237427	10.7454240324	184.331797235	0.224483491054	0.224483491054	0.233175701502	0.223746611697	center	No	1.0
False	105.0	465.9	59	0	3	11.6420957658	8.01605068551	184.331797235	0.224483491054	0.224483491054	0.173948299876	0.223746611697	center	No	1.0
False	105.0	465.9	59	0	4	18.2398925213	11.3089853189	184.331797235	0.224483491054	0.224483491054	0.24540498142	0.223746611697	center	No	1.0
False	106.0	472.3	60	0	1	17.6955934753	11.2872004318	184.331797235	0.227572182198	0.227572182198	0.24493224937	0.226846069261	center	No	1.0
False	106.0	472.3	60	0	2	17.6513710332	11.1194616756	184.331797235	0.227572182198	0.227572182198	0.241292318362	0.226846069261	center	No	1.0
False	106.0	472.3	60	0	3	11.9351284471	8.25492680595	184.331797235	0.227572182198	0.227572182198	0.179131911689	0.226846069261	center	No	1.0
False	106.0	472.3	60	0	4	17.6955934753	11.2872004318	184.331797235	0.227572182198	0.227572182198	0.24493224937	0.226846069261	center	No	1.0
False	107.0	481.4	61	0	1	18.369079175	11.5076871799	184.331797235	0.234633054398	0.234633054398	0.249716811805	0.234006958711	center	No	1.0
False	107.0	481.4	61	0	2	18.4160985748	11.3493718306	184.331797235	0.234633054398	0.234633054398	0.246281368723	0.234006958711	center	No	1.0
False	107.0	481.4	61	0	3	12.2574531183	8.88558641738	184.331797235	0.234633054398	0.234633054398	0.192817225257	0.234006958711	center	No	1.0
False	107.0	481.4	61	0	4	18.369079175	11.5076871799	184.331797235	0.234633054398	0.234633054398	0.249716811805	0.234006958711	center	No	1.0
False	108.0	493.8	62	0	1	19.2867959525	14.2162832817	184.331797235	0.276355457612	0.276355457612	0.308493347214	0.275410154285	center	No	1.0
False	108.0	493.8	62	0	2	19.4581448953	12.8625082749	184.331797235	0.276355457612	0.276355457612	0.279116429566	0.275410154285	center	No	1.0
False	108.0	493.8	62	0	3	12.6163277703	9.646023339	184.331797235	0.276355457612	0.276355457612	0.209318706456	0.275410154285	center	No	1.0
False	108.0	493.8	62	0	4	19.2867959525	14.2162832817	184.331797235	0.276355457612	0.276355457612	0.308493347214	0.275410154285	center	No	1.0
False	109.0	502.1	63	0	1	19.9010741181	14.7439083226	184.331797235	0.290191056969	0.290191056969	0.3199428106	0.289181085672	center	No	1.0
False	109.0	502.1	63	0	2	20.1556436421	13.8433172744	184.331797235	0.290191056969	0.290191056969	0.300399984855	0.289181085672	center	No	1.0
False	109.0	502.1	63	0	3	12.8565422551	10.1603051531	184.331797235	0.290191056969	0.290191056969	0.220478621823	0.289181085672	center	No	1.0
False	109.0	502.1	63	0	4	19.9010741181	14.7439083226	184.331797235	0.290191056969	0.290191056969	0.3199428106	0.289181085672	center	No	1.0
False	110.0	508.1	64	0	1	20.3451306233	15.129002251	184.331797235	0.298234428722	0.298234428722	0.328299348846	0.297223448578	center	No	1.0
False	110.0	508.1	64	0	2	20.6598596037	14.1937678215	184.331797235	0.298234428722	0.298234428722	0.308004761727	0.297223448578	center	No	1.0
False	110.0	508.1	64	0	3	13.0301912803	10.5223159203	184.331797235	0.298234428722	0.298234428722	0.22833425547	0.297223448578	center	No	1.0
False	110.0	508.1	64	0	4	20.3451306233	15.129002251	184.331797235	0.298234428722	0.298234428722	0.328299348846	0.297223448578	center	No	1.0
False	111.0	514.9	65	0	1	20.8483946626	15.5691734314	184.331797235	0.312538830243	0.312538830243	0.337851063461	0.311345082408	center	No	1.0
False	111.0	514.9	65	0	2	21.2313043601	15.6777104725	184.331797235	0.312538830243	0.312538830243	0.340206317253	0.311345082408	center	No	1.0
False	111.0	514.9	65	0	3	13.2269935088	10.7947869491	184.331797235	0.312538830243	0.312538830243	0.234246876796	0.311345082408	center	No	1.0
False	111.0	514.9	65	0	4	20.8483946626	15.5691734314	184.331797235	0.312538830243	0.312538830243	0.337851063461	0.311345082408	center	No	1.0
False	112.0	520.2	66	0	1	21.1292705748	16.2009168449	184.331797235	0.323737861138	0.323737861138	0.351559895535	0.322513559849	center	No	1.0
False	112.0	520.2	66	0	2	21.6766951261	16.0905716509	184.331797235	0.323737861138	0.323737861138	0.349165404824	0.322513559849	center	No	1.0
False	112.0	520.2	66	0	3	17.7813406298	11.1827764358	184.331797235	0.323737861138	0.323737861138	0.242666248656	0.322513559849	center	No	1.0
False	112.0	520.2	66	0	4	21.1292705748	16.2009168449	184.331797235	0.323737861138	0.323737861138	0.351559895535	0.322513559849	center	No	1.0
False	113.0	525.0	67	0	1	21.3474400858	16.7268619238	184.331797235	0.334254327409	0.334254327409	0.362972903746	0.332896112521	center	No	1.0
False	113.0	525.0	67	0	2	22.0800678953	16.8599973797	184.331797235	0.334254327409	0.334254327409	0.365861943141	0.332896112521	center	No	1.0
False	113.0	525.0	67	0	3	18.1789202199	11.2999796777	184.331797235	0.334254327409	0.334254327409	0.245209559005	0.332896112521	center	No	1.0
False	113.0	525.0	67	0	4	21.3474400858	16.7268619238	184.331797235	0.334254327409	0.334254327409	0.362972903746	0.332896112521	center	No	1.0
False	114.0	528.6	68	0	1	21.511067219	17.1226171183	184.331797235	0.341424510042	0.341424510042	0.371560791466	0.339985213123	center	No	1.0
False	114.0	528.6	68	0	2	22.2780935378	17.2990244825	184.331797235	0.341424510042	0.341424510042	0.37538883127	0.339985213123	center	No	1.0
False	114.0	528.6	68	0	3	18.4771049125	11.3911348372	184.331797235	0.341424510042	0.341424510042	0.247187625967	0.339985213123	center	No	1.0
False	114.0	528.6	68	0	4	21.511067219	17.1226171183	184.331797235	0.341424510042	0.341424510042	0.371560791466	0.339985213123	center	No	1.0
False	115.0	530.8	69	0	1	21.6110615782	17.3650145346	184.331797235	0.345822636951	0.345822636951	0.376820815402	0.34433399376	center	No	1.0
False	115.0	530.8	69	0	2	22.3991092082	17.5678658428	184.331797235	0.345822636951	0.345822636951	0.381222688789	0.34433399376	center	No	1.0
False	115.0	530.8	69	0	3	18.6593288914	11.4482132816	184.331797235	0.345822636951	0.345822636951	0.248426228211	0.34433399376	center	No	1.0
False	115.0	530.8	69	0	4	21.6110615782	17.3650145346	184.331797235	0.345822636951	0.345822636951	0.376820815402	0.34433399376	center	No	1.0
False	116.0	535.2	70	0	1	21.8110502966	17.8510543089	184.331797235	0.354656098	0.354656098	0.387367878503	0.35306922622	center	No	1.0
False	116.0	535.2	70	0	2	22.641140549	18.1067935049	184.331797235	0.354656098	0.354656098	0.392917419057	0.35306922622	center	No	1.0
False	116.0	535.2	70	0	3	19.023776849	11.565493822	184.331797235	0.354656098	0.354656098	0.250971215937	0.35306922622	center	No	1.0
False	116.0	535.2	70	0	4	21.8110502966	17.8510543089	184.331797235	0.354656098	0.354656098	0.387367878503	0.35306922622	center	No	1.0
False	117.0	540.7	71	0	1	22.0610361946	18.460938292	184.331797235	0.374985405709	0.374985405709	0.400602360936	0.373696220531	center	No	1.0
False	117.0	540.7	71	0	2	22.943679725	18.7827873479	184.331797235	0.374985405709	0.374985405709	0.407586485449	0.373696220531	center	No	1.0
False	117.0	540.7	71	0	3	19.479336796	13.4170698394	184.331797235	0.374985405709	0.374985405709	0.291150415515	0.373696220531	center	No	1.0
False	117.0	540.7	71	0	4	22.0610361946	18.460938292	184.331797235	0.374985405709	0.374985405709	0.400602360936	0.373696220531	center	No	1.0
False	118.0	545.7	72	0	1	22.2882961019	19.0176289457	184.331797235	0.385897178696	0.385897178696	0.412682548121	0.384531824874	center	No	1.0
False	118.0	545.7	72	0	2	23.2187153395	19.3995778741	184.331797235	0.385897178696	0.385897178696	0.420970839868	0.384531824874	center	No	1.0
False	118.0	545.7	72	0	3	19.8934822024	13.6982847316	184.331797235	0.385897178696	0.385897178696	0.297252778676	0.384531824874	center	No	1.0
False	118.0	545.7	72	0	4	22.2882961019	19.0176289457	184.331797235	0.385897178696	0.385897178696	0.412682548121	0.384531824874	center	No	1.0
False	119.0	549.2	73	0	1	22.447378037	19.4014810487	184.331797235	0.393489982813	0.393489982813	0.421012138757	0.392072285408	center	No	1.0
False	119.0	549.2	73	0	2	23.4112402697	19.8326066216	184.331797235	0.393489982813	0.393489982813	0.430367563689	0.392072285408	center	No	1.0
False	119.0	549.2	73	0	3	20.1833839868	13.8971470069	184.331797235	0.393489982813	0.393489982813	0.30156809005	0.392072285408	center	No	1.0
False	119.0	549.2	73	0	4	22.447378037	19.4014810487	184.331797235	0.393489982813	0.393489982813	0.421012138757	0.392072285408	center	No	1.0
False	120.0	553.3	74	0	1	22.6337311609	19.7967482382	184.331797235	0.401812977696	0.401812977696	0.429589436768	0.400340368749	center	No	1.0
False	120.0	553.3	74	0	2	23.6367694736	20.3412046943	184.331797235	0.401812977696	0.401812977696	0.441404141866	0.400340368749	center	No	1.0
False	120.0	553.3	74	0	3	20.5229832201	14.1322071604	184.331797235	0.401812977696	0.401812977696	0.306668895381	0.400340368749	center	No	1.0
False	120.0	553.3	74	0	4	22.6337311609	19.7967482382	184.331797235	0.401812977696	0.401812977696	0.429589436768	0.400340368749	center	No	1.0
False	121.0	562.6	75	0	1	29.3048865082	21.0396103448	184.331797235	0.428929849939	0.428929849939	0.456559544482	0.427618021589	center	No	1.0
False	121.0	562.6	75	0	2	24.1483357166	21.1810641675	184.331797235	0.428929849939	0.428929849939	0.459629092434	0.427618021589	center	No	1.0
False	121.0	562.6	75	0	3	21.2932936759	15.80512527	184.331797235	0.428929849939	0.428929849939	0.342971218359	0.427618021589	center	No	1.0
False	121.0	562.6	75	0	4	29.3048865082	21.0396103448	184.331797235	0.428929849939	0.428929849939	0.456559544482	0.427618021589	center	No	1.0
False	122.0	571.5	76	0	1	30.5192726645	21.4761834212	184.331797235	0.442103992161	0.442103992161	0.46603318024	0.440765752849	center	No	1.0
False	122.0	571.5	76	0	2	32.6958553178	22.1412973191	184.331797235	0.442103992161	0.442103992161	0.480466151824	0.440765752849	center	No	1.0
False	122.0	571.5	76	0	3	22.0304724993	16.4844799722	184.331797235	0.442103992161	0.442103992161	0.357713215397	0.440765752849	center	No	1.0
False	122.0	571.5	76	0	4	29.7968295768	21.3918627273	184.331797235	0.442103992161	0.442103992161	0.464203421183	0.440765752849	center	No	1.0
False	123.0	580.1	77	0	1	31.692724456	21.9245717862	184.331797235	0.458544356477	0.458544356477	0.47576320776	0.457270090028	center	No	1.0
False	123.0	580.1	77	0	2	34.1146786852	23.2246149639	184.331797235	0.458544356477	0.458544356477	0.503974144717	0.457270090028	center	No	1.0
False	123.0	580.1	77	0	3	22.519953016	17.5551592861	184.331797235	0.458544356477	0.458544356477	0.380946956508	0.457270090028	center	No	1.0
False	123.0	580.1	77	0	4	30.8880350099	21.8199593051	184.331797235	0.458544356477	0.458544356477	0.473493116921	0.457270090028	center	No	1.0
False	124.0	585.4	78	0	1	32.4158982345	23.9589206639	184.331797235	0.486035892906	0.486035892906	0.519908578407	0.48464046854	center	No	1.0
False	124.0	585.4	78	0	2	34.9890698302	23.595483271	184.331797235	0.486035892906	0.486035892906	0.512021986981	0.48464046854	center	No	1.0
False	124.0	585.4	78	0	3	22.8055571745	18.1967515102	184.331797235	0.486035892906	0.486035892906	0.394869507772	0.48464046854	center	No	1.0
False	124.0	585.4	78	0	4	31.5605220792	23.840714215	184.331797235	0.486035892906	0.486035892906	0.517343498466	0.48464046854	center	No	1.0
False	125.0	587.9	79	0	1	32.7570179413	24.1700183259	184.331797235	0.490906648741	0.490906648741	0.524489397671	0.489537174216	center	No	1.0
False	125.0	587.9	79	0	2	35.4015184835	23.7743497049	184.331797235	0.490906648741	0.490906648741	0.515903388595	0.489537174216	center	No	1.0
False	125.0	587.9	79	0	3	22.9402761172	18.5002253146	184.331797235	0.490906648741	0.490906648741	0.401454889327	0.489537174216	center	No	1.0
False	125.0	587.9	79	0	4	31.8777329609	24.0451114917	184.331797235	0.490906648741	0.490906648741	0.52177891937	0.489537174216	center	No	1.0
False	126.0	591.8	80	0	1	33.289164684	24.5026607766	184.331797235	0.507727976299	0.507727976299	0.531707738852	0.506169570599	center	No	1.0
False	126.0	591.8	80	0	2	36.0449383826	25.7461025925	184.331797235	0.507727976299	0.507727976299	0.558690426257	0.506169570599	center	No	1.0
False	126.0	591.8	80	0	3	23.1504376678	18.9747144818	184.331797235	0.507727976299	0.507727976299	0.411751304254	0.506169570599	center	No	1.0
False	126.0	591.8	80	0	4	32.3725819363	24.3669325269	184.331797235	0.507727976299	0.507727976299	0.528762435834	0.506169570599	center	No	1.0
False	127.0	596.4	81	0	1	33.9168249445	24.9002249025	184.331797235	0.51758737797	0.51758737797	0.540334880383	0.516056580402	center	No	1.0
False	127.0	596.4	81	0	2	36.8038439047	26.2203869392	184.331797235	0.51758737797	0.51758737797	0.568982396582	0.516056580402	center	No	1.0
False	127.0	596.4	81	0	3	23.3983205224	19.5360445838	184.331797235	0.51758737797	0.51758737797	0.423932167468	0.516056580402	center	No	1.0
False	127.0	596.4	81	0	4	32.9562499587	24.7511551818	184.331797235	0.51758737797	0.51758737797	0.537100067445	0.516056580402	center	No	1.0
False	128.0	599.3	82	0	1	34.3125238045	25.153764984	184.331797235	0.523856600577	0.523856600577	0.545836700152	0.522342588742	center	No	1.0
False	128.0	599.3	82	0	2	37.2822843425	26.522841716	184.331797235	0.523856600577	0.523856600577	0.575545665237	0.522342588742	center	No	1.0
False	128.0	599.3	82	0	3	23.554594496	19.8908590247	184.331797235	0.523856600577	0.523856600577	0.431631640835	0.522342588742	center	No	1.0
False	128.0	599.3	82	0	4	33.3242145815	24.9959629531	184.331797235	0.523856600577	0.523856600577	0.542412396083	0.522342588742	center	No	1.0
False	129.0	602.7	83	0	1	34.7764466057	25.4538766731	184.331797235	0.537772476229	0.537772476229	0.552349123806	0.536114947028	center	No	1.0
False	129.0	602.7	83	0	2	37.843214511	28.0814034769	184.331797235	0.537772476229	0.537772476229	0.609366455449	0.536114947028	center	No	1.0
False	129.0	602.7	83	0	3	23.737812258	20.3077666421	184.331797235	0.537772476229	0.537772476229	0.440678536133	0.536114947028	center	No	1.0
False	129.0	602.7	83	0	4	33.7556213806	25.2855202548	184.331797235	0.537772476229	0.537772476229	0.548695789528	0.536114947028	center	No	1.0
False	130.0	605.8	84	0	1	35.1994350422	26.26479856	184.331797235	0.547759473956	0.547759473956	0.569946128751	0.545951311221	center	No	1.0
False	130.0	605.8	84	0	2	38.3546508411	28.4710639084	184.331797235	0.547759473956	0.547759473956	0.617822086813	0.545951311221	center	No	1.0
False	130.0	605.8	84	0	3	23.904863747	20.6817068161	184.331797235	0.547759473956	0.547759473956	0.44879303791	0.545951311221	center	No	1.0
False	130.0	605.8	84	0	4	34.1489628739	25.5519190023	184.331797235	0.547759473956	0.547759473956	0.55447664235	0.545951311221	center	No	1.0
False	131.0	609.1	85	0	1	35.6497130552	26.5929695572	184.331797235	0.55528508482	0.55528508482	0.57706743939	0.553463821738	center	No	1.0
False	131.0	609.1	85	0	2	38.8990830634	28.888639264	184.331797235	0.55528508482	0.55528508482	0.626883472028	0.553463821738	center	No	1.0
False	131.0	609.1	85	0	3	24.0826927514	21.0370783742	184.331797235	0.55528508482	0.55528508482	0.456504600721	0.553463821738	center	No	1.0
False	131.0	609.1	85	0	4	34.5676812378	25.8380104673	184.331797235	0.55528508482	0.55528508482	0.56068482714	0.553463821738	center	No	1.0
False	132.0	612.5	86	0	1	36.1136358565	26.9337877759	184.331797235	0.562577150629	0.562577150629	0.584463194736	0.560718596874	center	No	1.0
False	132.0	612.5	86	0	2	39.4600132319	29.3218621128	184.331797235	0.562577150629	0.562577150629	0.636284407849	0.560718596874	center	No	1.0
False	132.0	612.5	86	0	3	24.2659105134	21.3097333537	184.331797235	0.562577150629	0.562577150629	0.462421213776	0.560718596874	center	No	1.0
False	132.0	612.5	86	0	4	34.9990880369	26.1354740164	184.331797235	0.562577150629	0.562577150629	0.567139786157	0.560718596874	center	No	1.0
False	133.0	620.4	87	0	1	36.9870402135	27.096428554	184.331797235	0.581008273502	0.581008273502	0.587992499622	0.579288327524	center	No	1.0
False	133.0	620.4	87	0	2	40.7633509764	30.9128300686	184.331797235	0.581008273502	0.581008273502	0.670808412489	0.579288327524	center	No	1.0
False	133.0	620.4	87	0	3	32.9765002949	22.8916616956	184.331797235	0.581008273502	0.581008273502	0.496749058796	0.579288327524	center	No	1.0
False	133.0	620.4	87	0	4	35.7969405066	26.1973789448	184.331797235	0.581008273502	0.581008273502	0.568483123102	0.579288327524	center	No	1.0
False	134.0	628.6	88	0	1	35.669956604	25.7522854392	184.331797235	0.572481373044	0.572481373044	0.55882459403	0.570929435533	center	No	1.0
False	134.0	628.6	88	0	2	41.8796519307	31.6039993652	184.331797235	0.572481373044	0.572481373044	0.685806786225	0.570929435533	center	No	1.0
False	134.0	628.6	88	0	3	34.3017959126	23.4215610042	184.331797235	0.572481373044	0.572481373044	0.508247873792	0.570929435533	center	No	1.0
False	134.0	628.6	88	0	4	34.4014359507	24.7486745681	184.331797235	0.572481373044	0.572481373044	0.537046238129	0.570929435533	center	No	1.0
False	135.0	636.1	89	0	1	36.3524258635	27.1960763685	184.331797235	0.595486334577	0.595486334577	0.590154857196	0.593753873143	center	No	1.0
False	135.0	636.1	89	0	2	42.7044444688	32.5447296679	184.331797235	0.595486334577	0.595486334577	0.706220633793	0.593753873143	center	No	1.0
False	135.0	636.1	89	0	3	35.5139565386	23.9294300481	184.331797235	0.595486334577	0.595486334577	0.519268632043	0.593753873143	center	No	1.0
False	135.0	636.1	89	0	4	35.0121787349	26.096830197	184.331797235	0.595486334577	0.595486334577	0.566301215274	0.593753873143	center	No	1.0
False	136.0	645.4	90	0	1	37.1986877454	28.7901992996	184.331797235	0.632923045833	0.632923045833	0.6247473248	0.631879034459	center	No	1.0
False	136.0	645.4	90	0	2	41.663937216	32.6967779907	184.331797235	0.632923045833	0.632923045833	0.709520082398	0.631879034459	center	No	1.0
False	136.0	645.4	90	0	3	37.0170357149	27.6084999041	184.331797235	0.632923045833	0.632923045833	0.599104447919	0.631879034459	center	No	1.0
False	136.0	645.4	90	0	4	35.7694997874	27.5723653555	184.331797235	0.632923045833	0.632923045833	0.598320328215	0.631879034459	center	No	1.0
False	137.0	653.9	91	0	1	37.9721529063	29.800548157	184.331797235	0.658772533813	0.658772533813	0.646671895006	0.657601894303	center	No	1.0
False	137.0	653.9	91	0	2	42.5987020925	34.5236022442	184.331797235	0.658772533813	0.658772533813	0.749162168699	0.657601894303	center	No	1.0
False	137.0	653.9	91	0	3	38.3908177577	28.6342471867	184.331797235	0.658772533813	0.658772533813	0.621363163951	0.657601894303	center	No	1.0
False	137.0	653.9	91	0	4	36.4616749428	28.4743275391	184.331797235	0.658772533813	0.658772533813	0.617892907598	0.657601894303	center	No	1.0
False	138.0	663.9	92	0	1	51.0101792574	30.790965954	184.331797235	0.685013130421	0.685013130421	0.668163961202	0.683922368445	center	No	1.0
False	138.0	663.9	92	0	2	43.6984254766	35.9266182187	184.331797235	0.685013130421	0.685013130421	0.779607615345	0.683922368445	center	No	1.0
False	138.0	663.9	92	0	3	40.0070319256	30.4245314809	184.331797235	0.685013130421	0.685013130421	0.660212333137	0.683922368445	center	No	1.0
False	138.0	663.9	92	0	4	47.4975676115	29.1275858064	184.331797235	0.685013130421	0.685013130421	0.632068611999	0.683922368445	center	No	1.0
False	139.0	674.4	93	0	1	53.4687416072	31.4287620826	184.331797235	0.707505436943	0.707505436943	0.682004137192	0.706506328521	center	No	1.0
False	139.0	674.4	93	0	2	59.0353304854	37.3878172211	184.331797235	0.707505436943	0.707505436943	0.811315633699	0.706506328521	center	No	1.0
False	139.0	674.4	93	0	3	41.6447804672	32.0322698118	184.331797235	0.707505436943	0.707505436943	0.695100254915	0.706506328521	center	No	1.0
False	139.0	674.4	93	0	4	49.5817031116	29.5668996298	184.331797235	0.707505436943	0.707505436943	0.641601721966	0.706506328521	center	No	1.0
False	140.0	686.9	94	0	1	56.3956015475	35.8483705514	184.331797235	0.781245073864	0.781245073864	0.777909640965	0.779829117078	center	No	1.0
False	140.0	686.9	94	0	2	62.7338632943	40.3000404883	184.331797235	0.781245073864	0.781245073864	0.874510878596	0.779829117078	center	No	1.0
False	140.0	686.9	94	0	3	42.9914534637	34.1209707456	184.331797235	0.781245073864	0.781245073864	0.740425065179	0.779829117078	center	No	1.0
False	140.0	686.9	94	0	4	52.0628168021	33.7389267611	184.331797235	0.781245073864	0.781245073864	0.732134710716	0.779829117078	center	No	1.0
False	141.0	698.3	95	0	1	56.302527813	37.1580654201	184.331797235	0.810577813934	0.810577813934	0.806330019615	0.808702627927	center	No	1.0
False	141.0	698.3	95	0	2	63.3445552161	42.9587455044	184.331797235	0.810577813934	0.810577813934	0.932204777446	0.808702627927	center	No	1.0
False	141.0	698.3	95	0	3	42.1563692365	34.4863289806	184.331797235	0.810577813934	0.810577813934	0.748353338879	0.808702627927	center	No	1.0
False	141.0	698.3	95	0	4	51.5632224879	34.8121253361	184.331797235	0.810577813934	0.810577813934	0.755423119794	0.808702627927	center	No	1.0
False	142.0	705.2	96	0	1	57.9181545001	39.8899640425	184.331797235	0.84456155166	0.84456155166	0.865612219722	0.842145856323	center	No	1.0
False	142.0	705.2	96	0	2	65.3861453267	44.3736435557	184.331797235	0.84456155166	0.84456155166	0.962908065158	0.842145856323	center	No	1.0
False	142.0	705.2	96	0	3	42.8997327306	35.558980059	184.331797235	0.84456155166	0.84456155166	0.77162986728	0.842145856323	center	No	1.0
False	142.0	705.2	96	0	4	52.9327972451	35.8569610359	184.331797235	0.84456155166	0.84456155166	0.778096054479	0.842145856323	center	No	1.0
False	143.0	713.7	97	0	1	59.7264274569	43.812059356	184.331797235	0.904847034801	0.904847034801	0.950721688025	0.901576223415	center	No	1.0
False	143.0	713.7	97	0	2	67.9011476368	47.6701145603	184.331797235	0.904847034801	0.904847034801	1.03444148596	0.901576223415	center	No	1.0
False	143.0	713.7	97	0	3	43.8154703682	36.0906872199	184.331797235	0.904847034801	0.904847034801	0.783167912672	0.901576223415	center	No	1.0
False	143.0	713.7	97	0	4	54.4570898122	39.2192190115	184.331797235	0.904847034801	0.904847034801	0.85105705255	0.901576223415	center	No	1.0
False	144.0	720.0	98	0	1	60.6282906888	46.147354082	184.331797235	0.943224525825	0.943224525825	1.00139758358	0.939735827985	center	No	1.0
False	144.0	720.0	98	0	2	69.7652081725	49.1700495415	184.331797235	0.943224525825	0.943224525825	1.06699007505	0.939735827985	center	No	1.0
False	144.0	720.0	98	0	3	58.5899906947	37.347861326	184.331797235	0.943224525825	0.943224525825	0.810448590775	0.939735827985	center	No	1.0
False	144.0	720.0	98	0	4	55.1945471735	41.201007092	184.331797235	0.943224525825	0.943224525825	0.894061853895	0.939735827985	center	No	1.0
False	145.0	726.7	99	0	1	61.5874150782	48.6429204505	184.331797235	0.98750179158	0.98750179158	1.05555137378	0.983991344073	center	No	1.0
False	145.0	726.7	99	0	2	71.1207794292	50.6093776665	184.331797235	0.98750179158	0.98750179158	1.09822349536	0.983991344073	center	No	1.0
False	145.0	726.7	99	0	3	60.5268169458	39.4550599493	184.331797235	0.98750179158	0.98750179158	0.856174800899	0.983991344073	center	No	1.0
False	145.0	726.7	99	0	4	55.9788272244	43.3206219485	184.331797235	0.98750179158	0.98750179158	0.940057496282	0.983991344073	center	No	1.0
