Nom de la demande:Gif-sur-Yvette;;;;;;
Pas de temps:Journalier;;;;;;
Date de d√©but:01/09/2008;;;;;;
Date de fin:31/08/2014;;;;;;
Station(s):91272003;;;;;;
;;;;;;
RG:RAYONNEMENT GLOBAL (JOULES/CM2);;;;;;
TM:TEMPERATURE MOYENNE (DEGRES CELSIUS);;;;;;
;;;;;;
NOM_POSTE;year;month;day;RG;TM;PAR
Gif-sur-Yvette;2008;9;1;1045;17.3;21109000
Gif-sur-Yvette;2008;9;2;866;16.5;17493200
Gif-sur-Yvette;2008;9;3;874;13.1;17654800
Gif-sur-Yvette;2008;9;4;1103;13.8;22280600
Gif-sur-Yvette;2008;9;5;558;16.3;11271600
Gif-sur-Yvette;2008;9;6;1713;16.8;34602600
Gif-sur-Yvette;2008;9;7;1166;15.6;23553200
Gif-sur-Yvette;2008;9;8;1762;14.9;35592400
Gif-sur-Yvette;2008;9;9;1304;17.7;26340800
Gif-sur-Yvette;2008;9;10;1441;19.2;29108200
Gif-sur-Yvette;2008;9;11;1356;18.3;27391200
Gif-sur-Yvette;2008;9;12;1520;14.2;30704000
Gif-sur-Yvette;2008;9;13;1242;13.8;25088400
Gif-sur-Yvette;2008;9;14;1943;14.1;39248600
Gif-sur-Yvette;2008;9;15;1313;12.3;26522600
Gif-sur-Yvette;2008;9;16;1709;11.9;34521800
Gif-sur-Yvette;2008;9;17;1646;11.5;33249200
Gif-sur-Yvette;2008;9;18;1490;10.5;30098000
Gif-sur-Yvette;2008;9;19;1765;11.3;35653000
Gif-sur-Yvette;2008;9;20;1821;12.8;36784200
Gif-sur-Yvette;2008;9;21;1752;12.2;35390400
Gif-sur-Yvette;2008;9;22;1282;12.2;25896400
Gif-sur-Yvette;2008;9;23;1067;11.5;21553400
Gif-sur-Yvette;2008;9;24;1203;13.3;24300600
Gif-sur-Yvette;2008;9;25;1126;13.8;22745200
Gif-sur-Yvette;2008;9;26;1664;13.2;33612800
Gif-sur-Yvette;2008;9;27;1651;13.1;33350200
Gif-sur-Yvette;2008;9;28;1564;12.7;31592800
Gif-sur-Yvette;2008;9;29;1190;11.7;24038000
Gif-sur-Yvette;2008;9;30;58;10.3;1171600
Gif-sur-Yvette;2008;10;1;787;13.5;15897400
Gif-sur-Yvette;2008;10;2;1139;9.6;23007800
Gif-sur-Yvette;2008;10;3;677;7.3;13675400
Gif-sur-Yvette;2008;10;4;1230;9.2;24846000
Gif-sur-Yvette;2008;10;5;354;12.6;7150800
Gif-sur-Yvette;2008;10;6;638;14.7;12887600
Gif-sur-Yvette;2008;10;7;643;15.9;12988600
Gif-sur-Yvette;2008;10;8;751;12.3;15170200
Gif-sur-Yvette;2008;10;9;1253;10.5;25310600
Gif-sur-Yvette;2008;10;10;1202;12.4;24280400
Gif-sur-Yvette;2008;10;11;1018;12.4;20563600
Gif-sur-Yvette;2008;10;12;784;14.6;15836800
Gif-sur-Yvette;2008;10;13;1094;17.3;22098800
Gif-sur-Yvette;2008;10;14;838;14.5;16927600
Gif-sur-Yvette;2008;10;15;270;13.2;5454000
Gif-sur-Yvette;2008;10;16;593;10.9;11978600
Gif-sur-Yvette;2008;10;17;969;8.7;19573800
Gif-sur-Yvette;2008;10;18;1008;8.8;20361600
Gif-sur-Yvette;2008;10;19;1132;9.5;22866400
Gif-sur-Yvette;2008;10;20;964;13.9;19472800
Gif-sur-Yvette;2008;10;21;289;10.6;5837800
Gif-sur-Yvette;2008;10;22;767;8.7;15493400
Gif-sur-Yvette;2008;10;23;1067;8.5;21553400
Gif-sur-Yvette;2008;10;24;428;9.5;8645600
Gif-sur-Yvette;2008;10;25;319;10.1;6443800
Gif-sur-Yvette;2008;10;26;425;11.3;8585000
Gif-sur-Yvette;2008;10;27;687;9.7;13877400
Gif-sur-Yvette;2008;10;28;821;5.4;16584200
Gif-sur-Yvette;2008;10;29;641;2.7;12948200
Gif-sur-Yvette;2008;10;30;252;3.4;5090400
Gif-sur-Yvette;2008;10;31;212;5.8;4282400
Gif-sur-Yvette;2008;11;1;149;8.3;3009800
Gif-sur-Yvette;2008;11;2;509;8.5;10281800
Gif-sur-Yvette;2008;11;3;746;10.7;15069200
Gif-sur-Yvette;2008;11;4;655;10.3;13231000
Gif-sur-Yvette;2008;11;5;104;8.6;2100800
Gif-sur-Yvette;2008;11;6;138;8.7;2787600
Gif-sur-Yvette;2008;11;7;192;8.7;3878400
Gif-sur-Yvette;2008;11;8;453;8.4;9150600
Gif-sur-Yvette;2008;11;9;469;10.9;9473800
Gif-sur-Yvette;2008;11;10;166;13.1;3353200
Gif-sur-Yvette;2008;11;11;590;9.9;11918000
Gif-sur-Yvette;2008;11;12;366;7.1;7393200
Gif-sur-Yvette;2008;11;13;482;6.9;9736400
Gif-sur-Yvette;2008;11;14;207;8.4;4181400
Gif-sur-Yvette;2008;11;15;140;10.2;2828000
Gif-sur-Yvette;2008;11;16;155;10.6;3131000
Gif-sur-Yvette;2008;11;17;426;8;8605200
Gif-sur-Yvette;2008;11;18;237;9;4787400
Gif-sur-Yvette;2008;11;19;334;8;6746800
Gif-sur-Yvette;2008;11;20;175;9.5;3535000
Gif-sur-Yvette;2008;11;21;230;8.6;4646000
Gif-sur-Yvette;2008;11;22;397;3.4;8019400
Gif-sur-Yvette;2008;11;23;154;2.3;3110800
Gif-sur-Yvette;2008;11;24;418;3.2;8443600
Gif-sur-Yvette;2008;11;25;405;2.7;8181000
Gif-sur-Yvette;2008;11;26;414;4.4;8362800
Gif-sur-Yvette;2008;11;27;400;2.3;8080000
Gif-sur-Yvette;2008;11;28;203;1;4100600
Gif-sur-Yvette;2008;11;29;382;2.3;7716400
Gif-sur-Yvette;2008;11;30;207;2.3;4181400
Gif-sur-Yvette;2008;12;1;94;3.7;1898800
Gif-sur-Yvette;2008;12;2;493;3.4;9958600
Gif-sur-Yvette;2008;12;3;112;3.7;2262400
Gif-sur-Yvette;2008;12;4;148;4.8;2989600
Gif-sur-Yvette;2008;12;5;112;6.1;2262400
Gif-sur-Yvette;2008;12;6;305;5.7;6161000
Gif-sur-Yvette;2008;12;7;265;2.4;5353000
Gif-sur-Yvette;2008;12;8;215;1.1;4343000
Gif-sur-Yvette;2008;12;9;107;0.6;2161400
Gif-sur-Yvette;2008;12;10;294;1.5;5938800
Gif-sur-Yvette;2008;12;11;397;0.3;8019400
Gif-sur-Yvette;2008;12;12;122;-1.9;2464400
Gif-sur-Yvette;2008;12;13;208;0;4201600
Gif-sur-Yvette;2008;12;14;92;3.5;1858400
Gif-sur-Yvette;2008;12;15;164;1.1;3312800
Gif-sur-Yvette;2008;12;16;96;-0.5;1939200
Gif-sur-Yvette;2008;12;17;102;1.9;2060400
Gif-sur-Yvette;2008;12;18;117;4.7;2363400
Gif-sur-Yvette;2008;12;19;394;7.2;7958800
Gif-sur-Yvette;2008;12;20;161;8.5;3252200
Gif-sur-Yvette;2008;12;21;90;8.8;1818000
Gif-sur-Yvette;2008;12;22;140;8.1;2828000
Gif-sur-Yvette;2008;12;23;328;6.8;6625600
Gif-sur-Yvette;2008;12;24;251;3.8;5070200
Gif-sur-Yvette;2008;12;25;309;5;6241800
Gif-sur-Yvette;2008;12;26;476;1;9615200
Gif-sur-Yvette;2008;12;27;457;-0.9;9231400
Gif-sur-Yvette;2008;12;28;467;-2.2;9433400
Gif-sur-Yvette;2008;12;29;489;-1.8;9877800
Gif-sur-Yvette;2008;12;30;110;-0.3;2222000
Gif-sur-Yvette;2008;12;31;128;0.1;2585600
Gif-sur-Yvette;2009;1;1;90;-0.2;1818000
Gif-sur-Yvette;2009;1;2;427;-1;8625400
Gif-sur-Yvette;2009;1;3;499;-1.3;10079800
Gif-sur-Yvette;2009;1;4;373;-3.5;7534600
Gif-sur-Yvette;2009;1;5;143;-1.8;2888600
Gif-sur-Yvette;2009;1;6;157;-6.3;3171400
Gif-sur-Yvette;2009;1;7;460;-5.5;9292000
Gif-sur-Yvette;2009;1;8;574;-1.8;11594800
Gif-sur-Yvette;2009;1;9;590;-5.4;11918000
Gif-sur-Yvette;2009;1;10;589;-4.9;11897800
Gif-sur-Yvette;2009;1;11;619;-1.8;12503800
Gif-sur-Yvette;2009;1;12;299;1.6;6039800
Gif-sur-Yvette;2009;1;13;221;3.4;4464200
Gif-sur-Yvette;2009;1;14;195;2.8;3939000
Gif-sur-Yvette;2009;1;15;553;2.3;11170600
Gif-sur-Yvette;2009;1;16;218;2.4;4403600
Gif-sur-Yvette;2009;1;17;173;6.4;3494600
Gif-sur-Yvette;2009;1;18;355;6.3;7171000
Gif-sur-Yvette;2009;1;19;457;7.2;9231400
Gif-sur-Yvette;2009;1;20;221;2.8;4464200
Gif-sur-Yvette;2009;1;21;189;1.2;3817800
Gif-sur-Yvette;2009;1;22;84;5.3;1696800
Gif-sur-Yvette;2009;1;23;314;7.5;6342800
Gif-sur-Yvette;2009;1;24;360;3.3;7272000
Gif-sur-Yvette;2009;1;25;341;3.6;6888200
Gif-sur-Yvette;2009;1;26;202;3.5;4080400
Gif-sur-Yvette;2009;1;27;205;2.5;4141000
Gif-sur-Yvette;2009;1;28;304;1.7;6140800
Gif-sur-Yvette;2009;1;29;581;-0.6;11736200
Gif-sur-Yvette;2009;1;30;769;0.9;15533800
Gif-sur-Yvette;2009;1;31;606;0.6;12241200
Gif-sur-Yvette;2009;2;1;742;-1;14988400
Gif-sur-Yvette;2009;2;2;199;0.1;4019800
Gif-sur-Yvette;2009;2;3;881;-1.8;17796200
Gif-sur-Yvette;2009;2;4;289;-0.7;5837800
Gif-sur-Yvette;2009;2;5;444;5.9;8968800
Gif-sur-Yvette;2009;2;6;617;5.8;12463400
Gif-sur-Yvette;2009;2;7;173;1.2;3494600
Gif-sur-Yvette;2009;2;8;661;1.3;13352200
Gif-sur-Yvette;2009;2;9;116;5.7;2343200
Gif-sur-Yvette;2009;2;10;186;4.7;3757200
Gif-sur-Yvette;2009;2;11;640;3;12928000
Gif-sur-Yvette;2009;2;12;568;2;11473600
Gif-sur-Yvette;2009;2;13;245;0.9;4949000
Gif-sur-Yvette;2009;2;14;974;1;19674800
Gif-sur-Yvette;2009;2;15;988;1.4;19957600
Gif-sur-Yvette;2009;2;16;454;5.2;9170800
Gif-sur-Yvette;2009;2;17;553;7.1;11170600
Gif-sur-Yvette;2009;2;18;145;4.7;2929000
Gif-sur-Yvette;2009;2;19;1073;2.9;21674600
Gif-sur-Yvette;2009;2;20;599;6;12099800
Gif-sur-Yvette;2009;2;21;483;5.6;9756600
Gif-sur-Yvette;2009;2;22;313;6.3;6322600
Gif-sur-Yvette;2009;2;23;335;6.4;6767000
Gif-sur-Yvette;2009;2;24;443;5.8;8948600
Gif-sur-Yvette;2009;2;25;1116;5.2;22543200
Gif-sur-Yvette;2009;2;26;386;5.2;7797200
Gif-sur-Yvette;2009;2;27;359;4.5;7251800
Gif-sur-Yvette;2009;2;28;1161;7.4;23452200
Gif-sur-Yvette;2009;3;1;521;7.9;10524200
Gif-sur-Yvette;2009;3;2;960;6.8;19392000
Gif-sur-Yvette;2009;3;3;943;6.1;19048600
Gif-sur-Yvette;2009;3;4;454;4;9170800
Gif-sur-Yvette;2009;3;5;621;1.2;12544200
Gif-sur-Yvette;2009;3;6;1366;3.9;27593200
Gif-sur-Yvette;2009;3;7;635;6;12827000
Gif-sur-Yvette;2009;3;8;580;7.7;11716000
Gif-sur-Yvette;2009;3;9;995;5.5;20099000
Gif-sur-Yvette;2009;3;10;540;7.6;10908000
Gif-sur-Yvette;2009;3;11;1456;7.4;29411200
Gif-sur-Yvette;2009;3;12;433;8.9;8746600
Gif-sur-Yvette;2009;3;13;1033;9;20866600
Gif-sur-Yvette;2009;3;14;579;8.9;11695800
Gif-sur-Yvette;2009;3;15;1664;8.6;33612800
Gif-sur-Yvette;2009;3;16;1663;8.8;33592600
Gif-sur-Yvette;2009;3;17;1624;9.7;32804800
Gif-sur-Yvette;2009;3;18;1743;10.2;35208600
Gif-sur-Yvette;2009;3;19;1774;9.4;35834800
Gif-sur-Yvette;2009;3;20;1827;7.1;36905400
Gif-sur-Yvette;2009;3;21;1840;5.9;37168000
Gif-sur-Yvette;2009;3;22;766;5.3;15473200
Gif-sur-Yvette;2009;3;23;1444;8.1;29168800
Gif-sur-Yvette;2009;3;24;1097;5.3;22159400
Gif-sur-Yvette;2009;3;25;766;6.7;15473200
Gif-sur-Yvette;2009;3;26;487;7.6;9837400
Gif-sur-Yvette;2009;3;27;1067;8;21553400
Gif-sur-Yvette;2009;3;28;1266;6.1;25573200
Gif-sur-Yvette;2009;3;29;1394;5;28158800
Gif-sur-Yvette;2009;3;30;1897;5.9;38319400
Gif-sur-Yvette;2009;3;31;2015;8.3;40703000
Gif-sur-Yvette;2009;4;1;1952;10.4;39430400
Gif-sur-Yvette;2009;4;2;1929;11.8;38965800
Gif-sur-Yvette;2009;4;3;1269;11.7;25633800
Gif-sur-Yvette;2009;4;4;1225;9.7;24745000
Gif-sur-Yvette;2009;4;5;1161;11.4;23452200
Gif-sur-Yvette;2009;4;6;1975;14.3;39895000
Gif-sur-Yvette;2009;4;7;1391;11.5;28098200
Gif-sur-Yvette;2009;4;8;377;9.6;7615400
Gif-sur-Yvette;2009;4;9;1733;14.8;35006600
Gif-sur-Yvette;2009;4;10;1208;14.4;24401600
Gif-sur-Yvette;2009;4;11;1416;13.4;28603200
Gif-sur-Yvette;2009;4;12;1539;13.7;31087800
Gif-sur-Yvette;2009;4;13;1665;12.6;33633000
Gif-sur-Yvette;2009;4;14;1449;15.2;29269800
Gif-sur-Yvette;2009;4;15;1450;14.7;29290000
Gif-sur-Yvette;2009;4;16;928;11.2;18745600
Gif-sur-Yvette;2009;4;17;1472;11;29734400
Gif-sur-Yvette;2009;4;18;614;9.4;12402800
Gif-sur-Yvette;2009;4;19;996;11.2;20119200
Gif-sur-Yvette;2009;4;20;2259;13.2;45631800
Gif-sur-Yvette;2009;4;21;2220;12.6;44844000
Gif-sur-Yvette;2009;4;22;2281;12.6;46076200
Gif-sur-Yvette;2009;4;23;2211;12.4;44662200
Gif-sur-Yvette;2009;4;24;2545;12.6;51409000
Gif-sur-Yvette;2009;4;25;1065;10.2;21513000
Gif-sur-Yvette;2009;4;26;1060;11.1;21412000
Gif-sur-Yvette;2009;4;27;1298;9.9;26219600
Gif-sur-Yvette;2009;4;28;1715;8.4;34643000
Gif-sur-Yvette;2009;4;29;1496;9.4;30219200
Gif-sur-Yvette;2009;4;30;2203;12.1;44500600
Gif-sur-Yvette;2009;5;1;2557;14;51651400
Gif-sur-Yvette;2009;5;2;1727;12.2;34885400
Gif-sur-Yvette;2009;5;3;1085;10.3;21917000
Gif-sur-Yvette;2009;5;4;2160;10.3;43632000
Gif-sur-Yvette;2009;5;5;950;11.7;19190000
Gif-sur-Yvette;2009;5;6;1372;12.3;27714400
Gif-sur-Yvette;2009;5;7;2214;16.4;44722800
Gif-sur-Yvette;2009;5;8;1383;12.9;27936600
Gif-sur-Yvette;2009;5;9;1068;12.5;21573600
Gif-sur-Yvette;2009;5;10;1493;14.6;30158600
Gif-sur-Yvette;2009;5;11;551;13.8;11130200
Gif-sur-Yvette;2009;5;12;1436;14.1;29007200
Gif-sur-Yvette;2009;5;13;1552;16.3;31350400
Gif-sur-Yvette;2009;5;14;614;14.6;12402800
Gif-sur-Yvette;2009;5;15;1414;11.7;28562800
Gif-sur-Yvette;2009;5;16;1000;11.9;20200000
Gif-sur-Yvette;2009;5;17;1042;11.6;21048400
Gif-sur-Yvette;2009;5;18;2360;12.6;47672000
Gif-sur-Yvette;2009;5;19;1973;14;39854600
Gif-sur-Yvette;2009;5;20;2526;16.4;51025200
Gif-sur-Yvette;2009;5;21;1872;16.6;37814400
Gif-sur-Yvette;2009;5;22;2993;14;60458600
Gif-sur-Yvette;2009;5;23;1489;16.3;30077800
Gif-sur-Yvette;2009;5;24;2509;21.7;50681800
Gif-sur-Yvette;2009;5;25;2352;22.5;47510400
Gif-sur-Yvette;2009;5;26;1511;13.5;30522200
Gif-sur-Yvette;2009;5;27;1681;12.2;33956200
Gif-sur-Yvette;2009;5;28;737;14.3;14887400
Gif-sur-Yvette;2009;5;29;2765;16.8;55853000
Gif-sur-Yvette;2009;5;30;3061;17.4;61832200
Gif-sur-Yvette;2009;5;31;2414;17;48762800
Gif-sur-Yvette;2009;6;1;2594;19.4;52398800
Gif-sur-Yvette;2009;6;2;3019;18.8;60983800
Gif-sur-Yvette;2009;6;3;2715;17.3;54843000
Gif-sur-Yvette;2009;6;4;2641;13.6;53348200
Gif-sur-Yvette;2009;6;5;2745;13.5;55449000
Gif-sur-Yvette;2009;6;6;916;11.8;18503200
Gif-sur-Yvette;2009;6;7;1837;12.1;37107400
Gif-sur-Yvette;2009;6;8;795;11.9;16059000
Gif-sur-Yvette;2009;6;9;1613;14;32582600
Gif-sur-Yvette;2009;6;10;828;13.6;16725600
Gif-sur-Yvette;2009;6;11;2133;14.9;43086600
Gif-sur-Yvette;2009;6;12;1820;16.7;36764000
Gif-sur-Yvette;2009;6;13;2593;19.9;52378600
Gif-sur-Yvette;2009;6;14;2447;21.9;49429400
Gif-sur-Yvette;2009;6;15;597;15.6;12059400
Gif-sur-Yvette;2009;6;16;2556;15.9;51631200
Gif-sur-Yvette;2009;6;17;2818;19;56923600
Gif-sur-Yvette;2009;6;18;1173;16.8;23694600
Gif-sur-Yvette;2009;6;19;2124;14.5;42904800
Gif-sur-Yvette;2009;6;20;1484;12.7;29976800
Gif-sur-Yvette;2009;6;21;2304;14.4;46540800
Gif-sur-Yvette;2009;6;22;2436;15.3;49207200
Gif-sur-Yvette;2009;6;23;2900;16.5;58580000
Gif-sur-Yvette;2009;6;24;2815;19.4;56863000
Gif-sur-Yvette;2009;6;25;2209;21.1;44621800
Gif-sur-Yvette;2009;6;26;1777;19;35895400
Gif-sur-Yvette;2009;6;27;2964;19.3;59872800
Gif-sur-Yvette;2009;6;28;2412;21.4;48722400
Gif-sur-Yvette;2009;6;29;2884;23.6;58256800
Gif-sur-Yvette;2009;6;30;2855;23.8;57671000
Gif-sur-Yvette;2009;7;1;2857;23.4;57711400
Gif-sur-Yvette;2009;7;2;2561;24.4;51732200
Gif-sur-Yvette;2009;7;3;2372;21.3;47914400
Gif-sur-Yvette;2009;7;4;2569;22;51893800
Gif-sur-Yvette;2009;7;5;2284;21.2;46136800
Gif-sur-Yvette;2009;7;6;2152;18.4;43470400
Gif-sur-Yvette;2009;7;7;1867;15.6;37713400
Gif-sur-Yvette;2009;7;8;1435;15.1;28987000
Gif-sur-Yvette;2009;7;9;1805;15.2;36461000
Gif-sur-Yvette;2009;7;10;1527;15;30845400
Gif-sur-Yvette;2009;7;11;1336;17.9;26987200
Gif-sur-Yvette;2009;7;12;1636;19.3;33047200
Gif-sur-Yvette;2009;7;13;1984;19;40076800
Gif-sur-Yvette;2009;7;14;2209;19.9;44621800
Gif-sur-Yvette;2009;7;15;2368;19.9;47833600
Gif-sur-Yvette;2009;7;16;2671;22.8;53954200
Gif-sur-Yvette;2009;7;17;1644;16.1;33208800
Gif-sur-Yvette;2009;7;18;1989;16;40177800
Gif-sur-Yvette;2009;7;19;1403;17.2;28340600
Gif-sur-Yvette;2009;7;20;2375;18.7;47975000
Gif-sur-Yvette;2009;7;21;2153;24.4;43490600
Gif-sur-Yvette;2009;7;22;1683;20.9;33996600
Gif-sur-Yvette;2009;7;23;1390;17.9;28078000
Gif-sur-Yvette;2009;7;24;1898;16.5;38339600
Gif-sur-Yvette;2009;7;25;2263;17.3;45712600
Gif-sur-Yvette;2009;7;26;2630;19.9;53126000
Gif-sur-Yvette;2009;7;27;1367;17.7;27613400
Gif-sur-Yvette;2009;7;28;2439;18.8;49267800
Gif-sur-Yvette;2009;7;29;1968;20.6;39753600
Gif-sur-Yvette;2009;7;30;2482;16.9;50136400
Gif-sur-Yvette;2009;7;31;2356;18.8;47591200
Gif-sur-Yvette;2009;8;1;1637;20.7;33067400
Gif-sur-Yvette;2009;8;2;1420;17;28684000
Gif-sur-Yvette;2009;8;3;1769;18;35733800
Gif-sur-Yvette;2009;8;4;2594;20.8;52398800
Gif-sur-Yvette;2009;8;5;2420;23.2;48884000
Gif-sur-Yvette;2009;8;6;2556;23.6;51631200
Gif-sur-Yvette;2009;8;7;1030;19;20806000
Gif-sur-Yvette;2009;8;8;1268;19.1;25613600
Gif-sur-Yvette;2009;8;9;1726;21.1;34865200
Gif-sur-Yvette;2009;8;10;2107;21.9;42561400
Gif-sur-Yvette;2009;8;11;1161;18.8;23452200
Gif-sur-Yvette;2009;8;12;2522;20.9;50944400
Gif-sur-Yvette;2009;8;13;1176;19.6;23755200
Gif-sur-Yvette;2009;8;14;2362;20.8;47712400
Gif-sur-Yvette;2009;8;15;2490;24;50298000
Gif-sur-Yvette;2009;8;16;2371;22.4;47894200
Gif-sur-Yvette;2009;8;17;1820;18.7;36764000
Gif-sur-Yvette;2009;8;18;2262;20;45692400
Gif-sur-Yvette;2009;8;19;2291;26.5;46278200
Gif-sur-Yvette;2009;8;20;1787;24;36097400
Gif-sur-Yvette;2009;8;21;2018;18.9;40763600
Gif-sur-Yvette;2009;8;22;2309;20;46641800
Gif-sur-Yvette;2009;8;23;2369;21.5;47853800
Gif-sur-Yvette;2009;8;24;1007;19.2;20341400
Gif-sur-Yvette;2009;8;25;1601;18.3;32340200
Gif-sur-Yvette;2009;8;26;2010;19.6;40602000
Gif-sur-Yvette;2009;8;27;1302;19.8;26300400
Gif-sur-Yvette;2009;8;28;2051;17.7;41430200
Gif-sur-Yvette;2009;8;29;1790;15.6;36158000
Gif-sur-Yvette;2009;8;30;2020;16.9;40804000
Gif-sur-Yvette;2009;8;31;2189;22.3;44217800
Gif-sur-Yvette;2009;9;1;652;18.3;13170400
Gif-sur-Yvette;2009;9;2;1303;16.3;26320600
Gif-sur-Yvette;2009;9;3;1126;15.6;22745200
Gif-sur-Yvette;2009;9;4;1250;13.3;25250000
Gif-sur-Yvette;2009;9;5;1452;13.5;29330400
Gif-sur-Yvette;2009;9;6;1792;15.4;36198400
Gif-sur-Yvette;2009;9;7;1804;18.2;36440800
Gif-sur-Yvette;2009;9;8;1925;21.1;38885000
Gif-sur-Yvette;2009;9;9;996;19.1;20119200
Gif-sur-Yvette;2009;9;10;1415;17.5;28583000
Gif-sur-Yvette;2009;9;11;1501;15.9;30320200
Gif-sur-Yvette;2009;9;12;1781;15.9;35976200
Gif-sur-Yvette;2009;9;13;1118;14.9;22583600
Gif-sur-Yvette;2009;9;14;1045;14.4;21109000
Gif-sur-Yvette;2009;9;15;870;13.1;17574000
Gif-sur-Yvette;2009;9;16;560;15.3;11312000
Gif-sur-Yvette;2009;9;17;453;15.8;9150600
Gif-sur-Yvette;2009;9;18;1408;18.7;28441600
Gif-sur-Yvette;2009;9;19;1594;18.8;32198800
Gif-sur-Yvette;2009;9;20;1177;17.7;23775400
Gif-sur-Yvette;2009;9;21;1249;16.9;25229800
Gif-sur-Yvette;2009;9;22;1519;16.4;30683800
Gif-sur-Yvette;2009;9;23;1467;14.9;29633400
Gif-sur-Yvette;2009;9;24;669;15.1;13513800
Gif-sur-Yvette;2009;9;25;1657;13.8;33471400
Gif-sur-Yvette;2009;9;26;1563;14;31572600
Gif-sur-Yvette;2009;9;27;1557;15.1;31451400
Gif-sur-Yvette;2009;9;28;1364;14.9;27552800
Gif-sur-Yvette;2009;9;29;1301;15.2;26280200
Gif-sur-Yvette;2009;9;30;809;15;16341800
Gif-sur-Yvette;2009;10;1;850;14.3;17170000
Gif-sur-Yvette;2009;10;2;970;11.5;19594000
Gif-sur-Yvette;2009;10;3;1224;12.3;24724800
Gif-sur-Yvette;2009;10;4;575;14.7;11615000
Gif-sur-Yvette;2009;10;5;303;15.6;6120600
Gif-sur-Yvette;2009;10;6;536;17.9;10827200
Gif-sur-Yvette;2009;10;7;800;19;16160000
Gif-sur-Yvette;2009;10;8;762;16.8;15392400
Gif-sur-Yvette;2009;10;9;397;15.1;8019400
Gif-sur-Yvette;2009;10;10;894;14.7;18058800
Gif-sur-Yvette;2009;10;11;556;13.3;11231200
Gif-sur-Yvette;2009;10;12;1048;12;21169600
Gif-sur-Yvette;2009;10;13;895;10.6;18079000
Gif-sur-Yvette;2009;10;14;1209;9.1;24421800
Gif-sur-Yvette;2009;10;15;1188;5.2;23997600
Gif-sur-Yvette;2009;10;16;518;8.4;10463600
Gif-sur-Yvette;2009;10;17;738;8.6;14907600
Gif-sur-Yvette;2009;10;18;1060;6.4;21412000
Gif-sur-Yvette;2009;10;19;1064;6;21492800
Gif-sur-Yvette;2009;10;20;550;10.3;11110000
Gif-sur-Yvette;2009;10;21;133;11.1;2686600
Gif-sur-Yvette;2009;10;22;914;11.7;18462800
Gif-sur-Yvette;2009;10;23;502;11.1;10140400
Gif-sur-Yvette;2009;10;24;209;14.7;4221800
Gif-sur-Yvette;2009;10;25;533;11.6;10766600
Gif-sur-Yvette;2009;10;26;952;11.1;19230400
Gif-sur-Yvette;2009;10;27;954;10.2;19270800
Gif-sur-Yvette;2009;10;28;868;10.6;17533600
Gif-sur-Yvette;2009;10;29;757;10.6;15291400
Gif-sur-Yvette;2009;10;30;275;7.7;5555000
Gif-sur-Yvette;2009;10;31;591;11.1;11938200
Gif-sur-Yvette;2009;11;1;150;13.4;3030000
Gif-sur-Yvette;2009;11;2;532;8.4;10746400
Gif-sur-Yvette;2009;11;3;133;9.9;2686600
Gif-sur-Yvette;2009;11;4;587;8.5;11857400
Gif-sur-Yvette;2009;11;5;473;8;9554600
Gif-sur-Yvette;2009;11;6;557;7.4;11251400
Gif-sur-Yvette;2009;11;7;414;7.4;8362800
Gif-sur-Yvette;2009;11;8;211;6.1;4262200
Gif-sur-Yvette;2009;11;9;487;5.8;9837400
Gif-sur-Yvette;2009;11;10;318;5.3;6423600
Gif-sur-Yvette;2009;11;11;518;6;10463600
Gif-sur-Yvette;2009;11;12;429;10.5;8665800
Gif-sur-Yvette;2009;11;13;500;14.1;10100000
Gif-sur-Yvette;2009;11;14;381;12.5;7696200
Gif-sur-Yvette;2009;11;15;436;11.2;8807200
Gif-sur-Yvette;2009;11;16;197;13;3979400
Gif-sur-Yvette;2009;11;17;178;10;3595600
Gif-sur-Yvette;2009;11;18;430;10;8686000
Gif-sur-Yvette;2009;11;19;514;9.5;10382800
Gif-sur-Yvette;2009;11;20;423;12.5;8544600
Gif-sur-Yvette;2009;11;21;367;13.6;7413400
Gif-sur-Yvette;2009;11;22;354;10.3;7150800
Gif-sur-Yvette;2009;11;23;149;11.1;3009800
Gif-sur-Yvette;2009;11;24;228;12.6;4605600
Gif-sur-Yvette;2009;11;25;142;9.4;2868400
Gif-sur-Yvette;2009;11;26;335;8.8;6767000
Gif-sur-Yvette;2009;11;27;405;7.9;8181000
Gif-sur-Yvette;2009;11;28;127;8.7;2565400
Gif-sur-Yvette;2009;11;29;183;7.8;3696600
Gif-sur-Yvette;2009;11;30;92;5.2;1858400
Gif-sur-Yvette;2009;12;1;439;5.6;8867800
Gif-sur-Yvette;2009;12;2;87;6.8;1757400
Gif-sur-Yvette;2009;12;3;263;7.4;5312600
Gif-sur-Yvette;2009;12;4;484;4.6;9776800
Gif-sur-Yvette;2009;12;5;260;9.6;5252000
Gif-sur-Yvette;2009;12;6;133;10.2;2686600
Gif-sur-Yvette;2009;12;7;186;6.9;3757200
Gif-sur-Yvette;2009;12;8;194;6.1;3918800
Gif-sur-Yvette;2009;12;9;131;10.8;2646200
Gif-sur-Yvette;2009;12;10;366;8.7;7393200
Gif-sur-Yvette;2009;12;11;374;5.6;7554800
Gif-sur-Yvette;2009;12;12;158;3.5;3191600
Gif-sur-Yvette;2009;12;13;133;0.9;2686600
Gif-sur-Yvette;2009;12;14;423;-1;8544600
Gif-sur-Yvette;2009;12;15;401;-2;8100200
Gif-sur-Yvette;2009;12;16;424;-2.3;8564800
Gif-sur-Yvette;2009;12;17;148;-1.8;2989600
Gif-sur-Yvette;2009;12;18;183;-4.2;3696600
Gif-sur-Yvette;2009;12;19;349;-4;7049800
Gif-sur-Yvette;2009;12;20;133;-1.4;2686600
Gif-sur-Yvette;2009;12;21;204;0;4120800
Gif-sur-Yvette;2009;12;22;145;1;2929000
Gif-sur-Yvette;2009;12;23;177;1;3575400
Gif-sur-Yvette;2009;12;24;186;2;3757200
Gif-sur-Yvette;2009;12;25;380;3.9;7676000
Gif-sur-Yvette;2009;12;26;425;2;8585000
Gif-sur-Yvette;2009;12;27;372;4.2;7514400
Gif-sur-Yvette;2009;12;28;286;3;5777200
Gif-sur-Yvette;2009;12;29;196;8.7;3959200
Gif-sur-Yvette;2009;12;30;229;9.3;4625800
Gif-sur-Yvette;2009;12;31;150;4.5;3030000
Gif-sur-Yvette;2010;1;1;54;-0.4;1090800
Gif-sur-Yvette;2010;1;2;352;-0.5;7110400
Gif-sur-Yvette;2010;1;3;427;-0.5;8625400
Gif-sur-Yvette;2010;1;4;633;-4.6;12786600
Gif-sur-Yvette;2010;1;5;480;-4;9696000
Gif-sur-Yvette;2010;1;6;102;-3.7;2060400
Gif-sur-Yvette;2010;1;7;366;-5.1;7393200
Gif-sur-Yvette;2010;1;8;439;-6.2;8867800
Gif-sur-Yvette;2010;1;9;193;-3;3898600
Gif-sur-Yvette;2010;1;10;95;-1.6;1919000
Gif-sur-Yvette;2010;1;11;281;-1.1;5676200
Gif-sur-Yvette;2010;1;12;215;-1.1;4343000
Gif-sur-Yvette;2010;1;13;256;0.5;5171200
Gif-sur-Yvette;2010;1;14;442;2.2;8928400
Gif-sur-Yvette;2010;1;15;141;1.7;2848200
Gif-sur-Yvette;2010;1;16;71;4;1434200
Gif-sur-Yvette;2010;1;17;406;6.7;8201200
Gif-sur-Yvette;2010;1;18;151;3.2;3050200
Gif-sur-Yvette;2010;1;19;163;0.7;3292600
Gif-sur-Yvette;2010;1;20;175;2.1;3535000
Gif-sur-Yvette;2010;1;21;258;4;5211600
Gif-sur-Yvette;2010;1;22;407;4.8;8221400
Gif-sur-Yvette;2010;1;23;200;3.3;4040000
Gif-sur-Yvette;2010;1;24;116;3.9;2343200
Gif-sur-Yvette;2010;1;25;411;2.9;8302200
Gif-sur-Yvette;2010;1;26;115;-1.2;2323000
Gif-sur-Yvette;2010;1;27;564;-2;11392800
Gif-sur-Yvette;2010;1;28;295;3.1;5959000
Gif-sur-Yvette;2010;1;29;138;3.2;2787600
Gif-sur-Yvette;2010;1;30;699;-0.3;14119800
Gif-sur-Yvette;2010;1;31;710;0.2;14342000
Gif-sur-Yvette;2010;2;1;543;0.7;10968600
Gif-sur-Yvette;2010;2;2;167;3.4;3373400
Gif-sur-Yvette;2010;2;3;347;7.7;7009400
Gif-sur-Yvette;2010;2;4;511;6;10322200
Gif-sur-Yvette;2010;2;5;652;7.4;13170400
Gif-sur-Yvette;2010;2;6;314;5.8;6342800
Gif-sur-Yvette;2010;2;7;240;3.7;4848000
Gif-sur-Yvette;2010;2;8;124;2.2;2504800
Gif-sur-Yvette;2010;2;9;118;-1.7;2383600
Gif-sur-Yvette;2010;2;10;461;-2.7;9312200
Gif-sur-Yvette;2010;2;11;299;-3.2;6039800
Gif-sur-Yvette;2010;2;12;773;-3;15614600
Gif-sur-Yvette;2010;2;13;208;-3.4;4201600
Gif-sur-Yvette;2010;2;14;751;-1.4;15170200
Gif-sur-Yvette;2010;2;15;608;-0.9;12281600
Gif-sur-Yvette;2010;2;16;1047;-1.1;21149400
Gif-sur-Yvette;2010;2;17;222;1.5;4484400
Gif-sur-Yvette;2010;2;18;458;4.1;9251600
Gif-sur-Yvette;2010;2;19;767;3.7;15493400
Gif-sur-Yvette;2010;2;20;539;1.5;10887800
Gif-sur-Yvette;2010;2;21;430;4;8686000
Gif-sur-Yvette;2010;2;22;453;8.9;9150600
Gif-sur-Yvette;2010;2;23;531;9.7;10726200
Gif-sur-Yvette;2010;2;24;622;8.2;12564400
Gif-sur-Yvette;2010;2;25;242;9.1;4888400
Gif-sur-Yvette;2010;2;26;782;7.6;15796400
Gif-sur-Yvette;2010;2;27;839;7.6;16947800
Gif-sur-Yvette;2010;2;28;357;7.4;7211400
Gif-sur-Yvette;2010;3;1;960;5.7;19392000
Gif-sur-Yvette;2010;3;2;1273;6.7;25714600
Gif-sur-Yvette;2010;3;3;1073;5.1;21674600
Gif-sur-Yvette;2010;3;4;1351;3.6;27290200
Gif-sur-Yvette;2010;3;5;1247;1.5;25189400
Gif-sur-Yvette;2010;3;6;1005;1.9;20301000
Gif-sur-Yvette;2010;3;7;1459;-0.5;29471800
Gif-sur-Yvette;2010;3;8;1554;0.6;31390800
Gif-sur-Yvette;2010;3;9;1488;0.2;30057600
Gif-sur-Yvette;2010;3;10;1347;2.1;27209400
Gif-sur-Yvette;2010;3;11;1474;1.3;29774800
Gif-sur-Yvette;2010;3;12;740;2.4;14948000
Gif-sur-Yvette;2010;3;13;499;4.7;10079800
Gif-sur-Yvette;2010;3;14;413;5;8342600
Gif-sur-Yvette;2010;3;15;1474;6.5;29774800
Gif-sur-Yvette;2010;3;16;1591;7.4;32138200
Gif-sur-Yvette;2010;3;17;1436;10.5;29007200
Gif-sur-Yvette;2010;3;18;1139;13.3;23007800
Gif-sur-Yvette;2010;3;19;1034;14.3;20886800
Gif-sur-Yvette;2010;3;20;725;13.4;14645000
Gif-sur-Yvette;2010;3;21;698;9.2;14099600
Gif-sur-Yvette;2010;3;22;1674;9.8;33814800
Gif-sur-Yvette;2010;3;23;1632;10.4;32966400
Gif-sur-Yvette;2010;3;24;1162;13.8;23472400
Gif-sur-Yvette;2010;3;25;822;12.4;16604400
Gif-sur-Yvette;2010;3;26;949;8.8;19169800
Gif-sur-Yvette;2010;3;27;849;8.9;17149800
Gif-sur-Yvette;2010;3;28;461;10;9312200
Gif-sur-Yvette;2010;3;29;1205;12.5;24341000
Gif-sur-Yvette;2010;3;30;779;8.7;15735800
Gif-sur-Yvette;2010;3;31;1408;6.4;28441600
Gif-sur-Yvette;2010;4;1;1852;6.4;37410400
Gif-sur-Yvette;2010;4;2;671;6.7;13554200
Gif-sur-Yvette;2010;4;3;755;7.7;15251000
Gif-sur-Yvette;2010;4;4;1052;7.1;21250400
Gif-sur-Yvette;2010;4;5;1619;7.5;32703800
Gif-sur-Yvette;2010;4;6;2138;11.5;43187600
Gif-sur-Yvette;2010;4;7;1495;11.5;30199000
Gif-sur-Yvette;2010;4;8;1301;9.5;26280200
Gif-sur-Yvette;2010;4;9;2157;10.5;43571400
Gif-sur-Yvette;2010;4;10;2122;10.6;42864400
Gif-sur-Yvette;2010;4;11;1742;7.9;35188400
Gif-sur-Yvette;2010;4;12;1809;7.9;36541800
Gif-sur-Yvette;2010;4;13;1106;9.7;22341200
Gif-sur-Yvette;2010;4;14;1796;9.3;36279200
Gif-sur-Yvette;2010;4;15;1689;10.2;34117800
Gif-sur-Yvette;2010;4;16;2197;9.2;44379400
Gif-sur-Yvette;2010;4;17;2247;10.3;45389400
Gif-sur-Yvette;2010;4;18;2304;13.1;46540800
Gif-sur-Yvette;2010;4;19;2202;13;44480400
Gif-sur-Yvette;2010;4;20;2373;11;47934600
Gif-sur-Yvette;2010;4;21;2072;9.7;41854400
Gif-sur-Yvette;2010;4;22;2284;9.6;46136800
Gif-sur-Yvette;2010;4;23;2422;11;48924400
Gif-sur-Yvette;2010;4;24;2459;15.2;49671800
Gif-sur-Yvette;2010;4;25;1967;16.3;39733400
Gif-sur-Yvette;2010;4;26;2035;11.9;41107000
Gif-sur-Yvette;2010;4;27;2388;13.5;48237600
Gif-sur-Yvette;2010;4;28;2457;17.5;49631400
Gif-sur-Yvette;2010;4;29;1964;19.5;39672800
Gif-sur-Yvette;2010;4;30;1758;13.2;35511600
Gif-sur-Yvette;2010;5;1;1185;12.4;23937000
Gif-sur-Yvette;2010;5;2;1894;10.5;38258800
Gif-sur-Yvette;2010;5;3;601;6.8;12140200
Gif-sur-Yvette;2010;5;4;1764;7.9;35632800
Gif-sur-Yvette;2010;5;5;2004;8;40480800
Gif-sur-Yvette;2010;5;6;1996;9;40319200
Gif-sur-Yvette;2010;5;7;1152;7.7;23270400
Gif-sur-Yvette;2010;5;8;1752;10.6;35390400
Gif-sur-Yvette;2010;5;9;1992;12.3;40238400
Gif-sur-Yvette;2010;5;10;927;10.5;18725400
Gif-sur-Yvette;2010;5;11;301;5.9;6080200
Gif-sur-Yvette;2010;5;12;1004;6.8;20280800
Gif-sur-Yvette;2010;5;13;946;7.2;19109200
Gif-sur-Yvette;2010;5;14;740;8.2;14948000
Gif-sur-Yvette;2010;5;15;2150;10.6;43430000
Gif-sur-Yvette;2010;5;16;2256;11.6;45571200
Gif-sur-Yvette;2010;5;17;2303;12.6;46520600
Gif-sur-Yvette;2010;5;18;2258;12.5;45611600
Gif-sur-Yvette;2010;5;19;2810;12.7;56762000
Gif-sur-Yvette;2010;5;20;2836;14.5;57287200
Gif-sur-Yvette;2010;5;21;2751;16.6;55570200
Gif-sur-Yvette;2010;5;22;2725;16.9;55045000
Gif-sur-Yvette;2010;5;23;2819;18.7;56943800
Gif-sur-Yvette;2010;5;24;2926;21.6;59105200
Gif-sur-Yvette;2010;5;25;2282;20.8;46096400
Gif-sur-Yvette;2010;5;26;1404;16.4;28360800
Gif-sur-Yvette;2010;5;27;822;14.4;16604400
Gif-sur-Yvette;2010;5;28;2611;14;52742200
Gif-sur-Yvette;2010;5;29;1263;13.7;25512600
Gif-sur-Yvette;2010;5;30;830;13.9;16766000
Gif-sur-Yvette;2010;5;31;1472;13.2;29734400
Gif-sur-Yvette;2010;6;1;1059;13;21391800
Gif-sur-Yvette;2010;6;2;2222;15.4;44884400
Gif-sur-Yvette;2010;6;3;2966;17.6;59913200
Gif-sur-Yvette;2010;6;4;2895;20.9;58479000
Gif-sur-Yvette;2010;6;5;2787;22.9;56297400
Gif-sur-Yvette;2010;6;6;1396;18.8;28199200
Gif-sur-Yvette;2010;6;7;2511;16.6;50722200
Gif-sur-Yvette;2010;6;8;1629;17.7;32905800
Gif-sur-Yvette;2010;6;9;761;16.1;15372200
Gif-sur-Yvette;2010;6;10;1177;18;23775400
Gif-sur-Yvette;2010;6;11;2697;19.5;54479400
Gif-sur-Yvette;2010;6;12;1485;16.3;29997000
Gif-sur-Yvette;2010;6;13;2023;14.7;40864600
Gif-sur-Yvette;2010;6;14;1358;15.2;27431600
Gif-sur-Yvette;2010;6;15;1847;15.6;37309400
Gif-sur-Yvette;2010;6;16;2702;15.9;54580400
Gif-sur-Yvette;2010;6;17;1040;15.4;21008000
Gif-sur-Yvette;2010;6;18;2193;15.5;44298600
Gif-sur-Yvette;2010;6;19;1801;12.1;36380200
Gif-sur-Yvette;2010;6;20;1237;11.3;24987400
Gif-sur-Yvette;2010;6;21;1685;13;34037000
Gif-sur-Yvette;2010;6;22;3008;16.5;60761600
Gif-sur-Yvette;2010;6;23;2855;19;57671000
Gif-sur-Yvette;2010;6;24;2957;20.1;59731400
Gif-sur-Yvette;2010;6;25;2922;20.3;59024400
Gif-sur-Yvette;2010;6;26;2864;22.3;57852800
Gif-sur-Yvette;2010;6;27;2739;23.9;55327800
Gif-sur-Yvette;2010;6;28;2675;23;54035000
Gif-sur-Yvette;2010;6;29;2742;21.2;55388400
Gif-sur-Yvette;2010;6;30;2943;22.9;59448600
Gif-sur-Yvette;2010;7;1;2632;25.3;53166400
Gif-sur-Yvette;2010;7;2;2213;25.4;44702600
Gif-sur-Yvette;2010;7;3;833;18.7;16826600
Gif-sur-Yvette;2010;7;4;3059;19.6;61791800
Gif-sur-Yvette;2010;7;5;1995;18.4;40299000
Gif-sur-Yvette;2010;7;6;2775;18.1;56055000
Gif-sur-Yvette;2010;7;7;2958;22;59751600
Gif-sur-Yvette;2010;7;8;2966;25.2;59913200
Gif-sur-Yvette;2010;7;9;2188;25.8;44197600
Gif-sur-Yvette;2010;7;10;1472;22.8;29734400
Gif-sur-Yvette;2010;7;11;2808;24.7;56721600
Gif-sur-Yvette;2010;7;12;1532;21.7;30946400
Gif-sur-Yvette;2010;7;13;2170;21.8;43834000
Gif-sur-Yvette;2010;7;14;987;18.2;19937400
Gif-sur-Yvette;2010;7;15;2422;18.5;48924400
Gif-sur-Yvette;2010;7;16;1581;18.6;31936200
Gif-sur-Yvette;2010;7;17;2266;17.1;45773200
Gif-sur-Yvette;2010;7;18;2934;18.1;59266800
Gif-sur-Yvette;2010;7;19;2861;21.5;57792200
Gif-sur-Yvette;2010;7;20;2551;24;51530200
Gif-sur-Yvette;2010;7;21;1336;18.8;26987200
Gif-sur-Yvette;2010;7;22;2275;19;45955000
Gif-sur-Yvette;2010;7;23;1601;16.7;32340200
Gif-sur-Yvette;2010;7;24;1934;17.7;39066800
Gif-sur-Yvette;2010;7;25;1421;18.3;28704200
Gif-sur-Yvette;2010;7;26;1437;19.1;29027400
Gif-sur-Yvette;2010;7;27;1398;21;28239600
Gif-sur-Yvette;2010;7;28;2367;20.7;47813400
Gif-sur-Yvette;2010;7;29;1425;17;28785000
Gif-sur-Yvette;2010;7;30;2416;19;48803200
Gif-sur-Yvette;2010;7;31;1800;22.1;36360000
Gif-sur-Yvette;2010;8;1;1901;18.4;38400200
Gif-sur-Yvette;2010;8;2;1638;17.6;33087600
Gif-sur-Yvette;2010;8;3;2483;17.7;50156600
Gif-sur-Yvette;2010;8;4;1463;17.7;29552600
Gif-sur-Yvette;2010;8;5;1895;16.2;38279000
Gif-sur-Yvette;2010;8;6;2140;16.9;43228000
Gif-sur-Yvette;2010;8;7;1673;18.9;33794600
Gif-sur-Yvette;2010;8;8;1760;17.9;35552000
Gif-sur-Yvette;2010;8;9;1720;20.1;34744000
Gif-sur-Yvette;2010;8;10;1554;19.1;31390800
Gif-sur-Yvette;2010;8;11;965;18.4;19493000
Gif-sur-Yvette;2010;8;12;1676;16.6;33855200
Gif-sur-Yvette;2010;8;13;1273;15.4;25714600
Gif-sur-Yvette;2010;8;14;1727;16;34885400
Gif-sur-Yvette;2010;8;15;445;14.5;8989000
Gif-sur-Yvette;2010;8;16;612;15.6;12362400
Gif-sur-Yvette;2010;8;17;886;16.2;17897200
Gif-sur-Yvette;2010;8;18;1741;16.3;35168200
Gif-sur-Yvette;2010;8;19;2248;18.2;45409600
Gif-sur-Yvette;2010;8;20;2218;22.5;44803600
Gif-sur-Yvette;2010;8;21;2386;23.1;48197200
Gif-sur-Yvette;2010;8;22;1691;22.9;34158200
Gif-sur-Yvette;2010;8;23;1046;20.2;21129200
Gif-sur-Yvette;2010;8;24;1800;16.5;36360000
Gif-sur-Yvette;2010;8;25;1261;18.1;25472200
Gif-sur-Yvette;2010;8;26;870;21.3;17574000
Gif-sur-Yvette;2010;8;27;1593;19.1;32178600
Gif-sur-Yvette;2010;8;28;1720;15;34744000
Gif-sur-Yvette;2010;8;29;1389;14.7;28057800
Gif-sur-Yvette;2010;8;30;1696;13.3;34259200
Gif-sur-Yvette;2010;8;31;2099;14;42399800
Gif-sur-Yvette;2010;9;1;2150;16.1;43430000
Gif-sur-Yvette;2010;9;2;1954;17;39470800
Gif-sur-Yvette;2010;9;3;2060;16.8;41612000
Gif-sur-Yvette;2010;9;4;1832;16.4;37006400
Gif-sur-Yvette;2010;9;5;1921;17.8;38804200
Gif-sur-Yvette;2010;9;6;677;16.7;13675400
Gif-sur-Yvette;2010;9;7;1320;16.9;26664000
Gif-sur-Yvette;2010;9;8;541;14.5;10928200
Gif-sur-Yvette;2010;9;9;1595;15.4;32219000
Gif-sur-Yvette;2010;9;10;1802;16.4;36400400
Gif-sur-Yvette;2010;9;11;1782;18.3;35996400
Gif-sur-Yvette;2010;9;12;1157;15.9;23371400
Gif-sur-Yvette;2010;9;13;1602;15.4;32360400
Gif-sur-Yvette;2010;9;14;1649;17.6;33309800
Gif-sur-Yvette;2010;9;15;1395;15.1;28179000
Gif-sur-Yvette;2010;9;16;1426;13.8;28805200
Gif-sur-Yvette;2010;9;17;1518;12.5;30663600
Gif-sur-Yvette;2010;9;18;1365;10.9;27573000
Gif-sur-Yvette;2010;9;19;1785;13;36057000
Gif-sur-Yvette;2010;9;20;1801;15.3;36380200
Gif-sur-Yvette;2010;9;21;1767;15.6;35693400
Gif-sur-Yvette;2010;9;22;1719;18.1;34723800
Gif-sur-Yvette;2010;9;23;937;17.9;18927400
Gif-sur-Yvette;2010;9;24;785;13.5;15857000
Gif-sur-Yvette;2010;9;25;980;10.6;19796000
Gif-sur-Yvette;2010;9;26;767;9.3;15493400
Gif-sur-Yvette;2010;9;27;577;10.1;11655400
Gif-sur-Yvette;2010;9;28;506;12.5;10221200
Gif-sur-Yvette;2010;9;29;1009;15.1;20381800
Gif-sur-Yvette;2010;9;30;924;13.4;18664800
Gif-sur-Yvette;2010;10;1;696;12.5;14059200
Gif-sur-Yvette;2010;10;2;582;17;11756400
Gif-sur-Yvette;2010;10;3;1058;18.3;21371600
Gif-sur-Yvette;2010;10;4;376;15.8;7595200
Gif-sur-Yvette;2010;10;5;252;14.2;5090400
Gif-sur-Yvette;2010;10;6;458;15.2;9251600
Gif-sur-Yvette;2010;10;7;971;16.4;19614200
Gif-sur-Yvette;2010;10;8;1168;16.9;23593600
Gif-sur-Yvette;2010;10;9;1183;17.6;23896600
Gif-sur-Yvette;2010;10;10;1221;14.6;24664200
Gif-sur-Yvette;2010;10;11;1298;13.6;26219600
Gif-sur-Yvette;2010;10;12;1227;10.8;24785400
Gif-sur-Yvette;2010;10;13;1181;8.6;23856200
Gif-sur-Yvette;2010;10;14;1142;9.4;23068400
Gif-sur-Yvette;2010;10;15;344;10.3;6948800
Gif-sur-Yvette;2010;10;16;813;9.4;16422600
Gif-sur-Yvette;2010;10;17;442;5.6;8928400
Gif-sur-Yvette;2010;10;18;1064;7.7;21492800
Gif-sur-Yvette;2010;10;19;525;9.8;10605000
Gif-sur-Yvette;2010;10;20;926;6.6;18705200
Gif-sur-Yvette;2010;10;21;1061;4.4;21432200
Gif-sur-Yvette;2010;10;22;670;5.2;13534000
Gif-sur-Yvette;2010;10;23;286;6.8;5777200
Gif-sur-Yvette;2010;10;24;497;6.8;10039400
Gif-sur-Yvette;2010;10;25;823;5.8;16624600
Gif-sur-Yvette;2010;10;26;848;6.3;17129600
Gif-sur-Yvette;2010;10;27;789;9.5;15937800
Gif-sur-Yvette;2010;10;28;502;9.7;10140400
Gif-sur-Yvette;2010;10;29;443;12.2;8948600
Gif-sur-Yvette;2010;10;30;615;11.1;12423000
Gif-sur-Yvette;2010;10;31;676;11.2;13655200
Gif-sur-Yvette;2010;11;1;654;9.8;13210800
Gif-sur-Yvette;2010;11;2;270;9.5;5454000
Gif-sur-Yvette;2010;11;3;269;13.5;5433800
Gif-sur-Yvette;2010;11;4;334;14.3;6746800
Gif-sur-Yvette;2010;11;5;659;14;13311800
Gif-sur-Yvette;2010;11;6;128;10.9;2585600
Gif-sur-Yvette;2010;11;7;192;6.3;3878400
Gif-sur-Yvette;2010;11;8;114;4.7;2302800
Gif-sur-Yvette;2010;11;9;205;7.8;4141000
Gif-sur-Yvette;2010;11;10;439;6.3;8867800
Gif-sur-Yvette;2010;11;11;99;7.4;1999800
Gif-sur-Yvette;2010;11;12;222;12.4;4484400
Gif-sur-Yvette;2010;11;13;128;13.7;2585600
Gif-sur-Yvette;2010;11;14;128;11.5;2585600
Gif-sur-Yvette;2010;11;15;349;7.5;7049800
Gif-sur-Yvette;2010;11;16;605;6.3;12221000
Gif-sur-Yvette;2010;11;17;213;4.1;4302600
Gif-sur-Yvette;2010;11;18;120;6.1;2424000
Gif-sur-Yvette;2010;11;19;210;5.5;4242000
Gif-sur-Yvette;2010;11;20;490;6.7;9898000
Gif-sur-Yvette;2010;11;21;195;5.4;3939000
Gif-sur-Yvette;2010;11;22;63;3.6;1272600
Gif-sur-Yvette;2010;11;23;252;3.1;5090400
Gif-sur-Yvette;2010;11;24;528;4.2;10665600
Gif-sur-Yvette;2010;11;25;362;2;7312400
Gif-sur-Yvette;2010;11;26;365;0;7373000
Gif-sur-Yvette;2010;11;27;424;-0.6;8564800
Gif-sur-Yvette;2010;11;28;85;-0.5;1717000
Gif-sur-Yvette;2010;11;29;359;-2.3;7251800
Gif-sur-Yvette;2010;11;30;270;-3.5;5454000
Gif-sur-Yvette;2010;12;1;101;-2.9;2040200
Gif-sur-Yvette;2010;12;2;207;-2.8;4181400
Gif-sur-Yvette;2010;12;3;256;-2;5171200
Gif-sur-Yvette;2010;12;4;160;-1;3232000
Gif-sur-Yvette;2010;12;5;198;1.7;3999600
Gif-sur-Yvette;2010;12;6;131;1;2646200
Gif-sur-Yvette;2010;12;7;82;0.3;1656400
Gif-sur-Yvette;2010;12;8;67;-0.2;1353400
Gif-sur-Yvette;2010;12;9;580;-1;11716000
Gif-sur-Yvette;2010;12;10;211;1.3;4262200
Gif-sur-Yvette;2010;12;11;102;4.1;2060400
Gif-sur-Yvette;2010;12;12;302;4.2;6100400
Gif-sur-Yvette;2010;12;13;443;-1.4;8948600
Gif-sur-Yvette;2010;12;14;417;-1.7;8423400
Gif-sur-Yvette;2010;12;15;283;-1.1;5716600
Gif-sur-Yvette;2010;12;16;76;2;1535200
Gif-sur-Yvette;2010;12;17;493;-0.8;9958600
Gif-sur-Yvette;2010;12;18;128;-0.8;2585600
Gif-sur-Yvette;2010;12;19;86;1.3;1737200
Gif-sur-Yvette;2010;12;20;86;0.1;1737200
Gif-sur-Yvette;2010;12;21;277;2.5;5595400
Gif-sur-Yvette;2010;12;22;192;0.9;3878400
Gif-sur-Yvette;2010;12;23;90;-0.3;1818000
Gif-sur-Yvette;2010;12;24;140;-0.9;2828000
Gif-sur-Yvette;2010;12;25;456;-2.8;9211200
Gif-sur-Yvette;2010;12;26;474;-2.1;9574800
Gif-sur-Yvette;2010;12;27;262;-1.9;5292400
Gif-sur-Yvette;2010;12;28;135;0.6;2727000
Gif-sur-Yvette;2010;12;29;167;3;3373400
Gif-sur-Yvette;2010;12;30;244;2.3;4928800
Gif-sur-Yvette;2010;12;31;83;0.2;1676600
Gif-sur-Yvette;2011;1;1;137;0.1;2767400
Gif-sur-Yvette;2011;1;2;191;1.6;3858200
Gif-sur-Yvette;2011;1;3;260;0.3;5252000
Gif-sur-Yvette;2011;1;4;151;-0.8;3050200
Gif-sur-Yvette;2011;1;5;222;1.1;4484400
Gif-sur-Yvette;2011;1;6;72;9.9;1454400
Gif-sur-Yvette;2011;1;7;141;10.8;2848200
Gif-sur-Yvette;2011;1;8;198;10.5;3999600
Gif-sur-Yvette;2011;1;9;443;5.1;8948600
Gif-sur-Yvette;2011;1;10;471;3.2;9514200
Gif-sur-Yvette;2011;1;11;253;5.9;5110600
Gif-sur-Yvette;2011;1;12;83;8;1676600
Gif-sur-Yvette;2011;1;13;188;11.9;3797600
Gif-sur-Yvette;2011;1;14;234;10;4726800
Gif-sur-Yvette;2011;1;15;454;8.3;9170800
Gif-sur-Yvette;2011;1;16;552;8.3;11150400
Gif-sur-Yvette;2011;1;17;161;6.5;3252200
Gif-sur-Yvette;2011;1;18;134;6.7;2706800
Gif-sur-Yvette;2011;1;19;512;2.5;10342400
Gif-sur-Yvette;2011;1;20;285;2.4;5757000
Gif-sur-Yvette;2011;1;21;493;-0.2;9958600
Gif-sur-Yvette;2011;1;22;145;2.7;2929000
Gif-sur-Yvette;2011;1;23;393;4.1;7938600
Gif-sur-Yvette;2011;1;24;145;4.5;2929000
Gif-sur-Yvette;2011;1;25;255;4.2;5151000
Gif-sur-Yvette;2011;1;26;131;3.7;2646200
Gif-sur-Yvette;2011;1;27;94;2.4;1898800
Gif-sur-Yvette;2011;1;28;96;0;1939200
Gif-sur-Yvette;2011;1;29;332;-1.1;6706400
Gif-sur-Yvette;2011;1;30;716;-1.9;14463200
Gif-sur-Yvette;2011;1;31;571;-3.5;11534200
Gif-sur-Yvette;2011;2;1;147;-3.2;2969400
Gif-sur-Yvette;2011;2;2;379;0.8;7655800
Gif-sur-Yvette;2011;2;3;307;4.8;6201400
Gif-sur-Yvette;2011;2;4;266;7.4;5373200
Gif-sur-Yvette;2011;2;5;231;9.4;4666200
Gif-sur-Yvette;2011;2;6;479;7.5;9675800
Gif-sur-Yvette;2011;2;7;869;6.4;17553800
Gif-sur-Yvette;2011;2;8;278;8;5615600
Gif-sur-Yvette;2011;2;9;307;6;6201400
Gif-sur-Yvette;2011;2;10;339;8.4;6847800
Gif-sur-Yvette;2011;2;11;844;12;17048800
Gif-sur-Yvette;2011;2;12;276;7.7;5575200
Gif-sur-Yvette;2011;2;13;378;5.8;7635600
Gif-sur-Yvette;2011;2;14;494;6.5;9978800
Gif-sur-Yvette;2011;2;15;235;4.8;4747000
Gif-sur-Yvette;2011;2;16;453;5.2;9150600
Gif-sur-Yvette;2011;2;17;805;4.3;16261000
Gif-sur-Yvette;2011;2;18;206;2.2;4161200
Gif-sur-Yvette;2011;2;19;153;3.8;3090600
Gif-sur-Yvette;2011;2;20;199;5.5;4019800
Gif-sur-Yvette;2011;2;21;410;5;8282000
Gif-sur-Yvette;2011;2;22;756;3.8;15271200
Gif-sur-Yvette;2011;2;23;311;3.3;6282200
Gif-sur-Yvette;2011;2;24;406;9;8201200
Gif-sur-Yvette;2011;2;25;454;8.6;9170800
Gif-sur-Yvette;2011;2;26;345;8.1;6969000
Gif-sur-Yvette;2011;2;27;725;5.1;14645000
Gif-sur-Yvette;2011;2;28;273;3;5514600
Gif-sur-Yvette;2011;3;1;923;4.1;18644600
Gif-sur-Yvette;2011;3;2;1181;4.7;23856200
Gif-sur-Yvette;2011;3;3;1224;3.6;24724800
Gif-sur-Yvette;2011;3;4;1238;4;25007600
Gif-sur-Yvette;2011;3;5;1269;3.1;25633800
Gif-sur-Yvette;2011;3;6;1402;3.6;28320400
Gif-sur-Yvette;2011;3;7;1430;4.2;28886000
Gif-sur-Yvette;2011;3;8;1384;7.6;27956800
Gif-sur-Yvette;2011;3;9;960;8.4;19392000
Gif-sur-Yvette;2011;3;10;872;7.2;17614400
Gif-sur-Yvette;2011;3;11;703;9.2;14200600
Gif-sur-Yvette;2011;3;12;819;8.5;16543800
Gif-sur-Yvette;2011;3;13;386;9.5;7797200
Gif-sur-Yvette;2011;3;14;1155;10.5;23331000
Gif-sur-Yvette;2011;3;15;1348;13.2;27229600
Gif-sur-Yvette;2011;3;16;1432;11.8;28926400
Gif-sur-Yvette;2011;3;17;361;6.9;7292200
Gif-sur-Yvette;2011;3;18;638;8.5;12887600
Gif-sur-Yvette;2011;3;19;357;6.5;7211400
Gif-sur-Yvette;2011;3;20;1501;6.7;30320200
Gif-sur-Yvette;2011;3;21;1777;7.7;35895400
Gif-sur-Yvette;2011;3;22;1781;9.8;35976200
Gif-sur-Yvette;2011;3;23;1727;11.2;34885400
Gif-sur-Yvette;2011;3;24;1737;12.4;35087400
Gif-sur-Yvette;2011;3;25;1566;13.2;31633200
Gif-sur-Yvette;2011;3;26;1160;12.6;23432000
Gif-sur-Yvette;2011;3;27;916;11.5;18503200
Gif-sur-Yvette;2011;3;28;1741;11.3;35168200
Gif-sur-Yvette;2011;3;29;925;10.6;18685000
Gif-sur-Yvette;2011;3;30;487;10.1;9837400
Gif-sur-Yvette;2011;3;31;561;13;11332200
Gif-sur-Yvette;2011;4;1;582;12.3;11756400
Gif-sur-Yvette;2011;4;2;1655;15.6;33431000
Gif-sur-Yvette;2011;4;3;369;10.3;7453800
Gif-sur-Yvette;2011;4;4;1147;9.6;23169400
Gif-sur-Yvette;2011;4;5;1629;11.7;32905800
Gif-sur-Yvette;2011;4;6;2075;16.7;41915000
Gif-sur-Yvette;2011;4;7;2055;16.9;41511000
Gif-sur-Yvette;2011;4;8;1801;14.3;36380200
Gif-sur-Yvette;2011;4;9;2133;14.9;43086600
Gif-sur-Yvette;2011;4;10;2170;17;43834000
Gif-sur-Yvette;2011;4;11;1948;14.5;39349600
Gif-sur-Yvette;2011;4;12;1831;8.7;36986200
Gif-sur-Yvette;2011;4;13;1537;8.4;31047400
Gif-sur-Yvette;2011;4;14;1714;10.7;34622800
Gif-sur-Yvette;2011;4;15;1116;10.8;22543200
Gif-sur-Yvette;2011;4;16;1867;10.8;37713400
Gif-sur-Yvette;2011;4;17;2243;11.7;45308600
Gif-sur-Yvette;2011;4;18;2268;14.8;45813600
Gif-sur-Yvette;2011;4;19;2246;17.1;45369200
Gif-sur-Yvette;2011;4;20;2265;17.7;45753000
Gif-sur-Yvette;2011;4;21;2253;16.6;45510600
Gif-sur-Yvette;2011;4;22;2263;17.3;45712600
Gif-sur-Yvette;2011;4;23;1726;17.8;34865200
Gif-sur-Yvette;2011;4;24;2120;17.7;42824000
Gif-sur-Yvette;2011;4;25;2235;17;45147000
Gif-sur-Yvette;2011;4;26;2368;14.8;47833600
Gif-sur-Yvette;2011;4;27;2099;12.5;42399800
Gif-sur-Yvette;2011;4;28;408;9.2;8241600
Gif-sur-Yvette;2011;4;29;1066;11.8;21533200
Gif-sur-Yvette;2011;4;30;2202;14.1;44480400
Gif-sur-Yvette;2011;5;1;2130;16.4;43026000
Gif-sur-Yvette;2011;5;2;648;13.9;13089600
Gif-sur-Yvette;2011;5;3;2187;10.6;44177400
Gif-sur-Yvette;2011;5;4;2483;12.2;50156600
Gif-sur-Yvette;2011;5;5;2590;14.1;52318000
Gif-sur-Yvette;2011;5;6;2344;18;47348800
Gif-sur-Yvette;2011;5;7;2412;20.5;48722400
Gif-sur-Yvette;2011;5;8;1980;18.5;39996000
Gif-sur-Yvette;2011;5;9;2314;17.2;46742800
Gif-sur-Yvette;2011;5;10;1713;17.7;34602600
Gif-sur-Yvette;2011;5;11;2390;15.6;48278000
Gif-sur-Yvette;2011;5;12;2606;12.7;52641200
Gif-sur-Yvette;2011;5;13;2756;13.6;55671200
Gif-sur-Yvette;2011;5;14;2059;12.2;41591800
Gif-sur-Yvette;2011;5;15;1745;11.6;35249000
Gif-sur-Yvette;2011;5;16;1852;12.9;37410400
Gif-sur-Yvette;2011;5;17;2619;14.8;52903800
Gif-sur-Yvette;2011;5;18;2569;17.1;51893800
Gif-sur-Yvette;2011;5;19;2341;16.1;47288200
Gif-sur-Yvette;2011;5;20;2156;15.7;43551200
Gif-sur-Yvette;2011;5;21;2436;17;49207200
Gif-sur-Yvette;2011;5;22;2329;16.3;47045800
Gif-sur-Yvette;2011;5;23;2806;17.5;56681200
Gif-sur-Yvette;2011;5;24;2424;13.8;48964800
Gif-sur-Yvette;2011;5;25;2852;16;57610400
Gif-sur-Yvette;2011;5;26;1747;14.6;35289400
Gif-sur-Yvette;2011;5;27;1692;12.1;34178400
Gif-sur-Yvette;2011;5;28;2673;13.8;53994600
Gif-sur-Yvette;2011;5;29;2795;17.4;56459000
Gif-sur-Yvette;2011;5;30;2277;19.3;45995400
Gif-sur-Yvette;2011;5;31;1959;12.4;39571800
Gif-sur-Yvette;2011;6;1;3002;14.1;60640400
Gif-sur-Yvette;2011;6;2;2925;17.7;59085000
Gif-sur-Yvette;2011;6;3;2407;21;48621400
Gif-sur-Yvette;2011;6;4;2294;21.7;46338800
Gif-sur-Yvette;2011;6;5;1934;19.7;39066800
Gif-sur-Yvette;2011;6;6;712;15.4;14382400
Gif-sur-Yvette;2011;6;7;796;14.2;16079200
Gif-sur-Yvette;2011;6;8;2090;14.2;42218000
Gif-sur-Yvette;2011;6;9;1501;13.6;30320200
Gif-sur-Yvette;2011;6;10;1386;12.9;27997200
Gif-sur-Yvette;2011;6;11;2195;12.7;44339000
Gif-sur-Yvette;2011;6;12;1810;13.8;36562000
Gif-sur-Yvette;2011;6;13;1549;17.1;31289800
Gif-sur-Yvette;2011;6;14;1447;18.3;29229400
Gif-sur-Yvette;2011;6;15;1897;18.7;38319400
Gif-sur-Yvette;2011;6;16;2137;17;43167400
Gif-sur-Yvette;2011;6;17;1001;14.8;20220200
Gif-sur-Yvette;2011;6;18;2072;13.4;41854400
Gif-sur-Yvette;2011;6;19;1370;14.1;27674000
Gif-sur-Yvette;2011;6;20;1118;16.7;22583600
Gif-sur-Yvette;2011;6;21;907;17.5;18321400
Gif-sur-Yvette;2011;6;22;1670;16.2;33734000
Gif-sur-Yvette;2011;6;23;1956;14.4;39511200
Gif-sur-Yvette;2011;6;24;2334;14.5;47146800
Gif-sur-Yvette;2011;6;25;2229;19.1;45025800
Gif-sur-Yvette;2011;6;26;2970;23.1;59994000
Gif-sur-Yvette;2011;6;27;2657;26.6;53671400
Gif-sur-Yvette;2011;6;28;2222;24.1;44884400
Gif-sur-Yvette;2011;6;29;2120;16.7;42824000
Gif-sur-Yvette;2011;6;30;2538;15.2;51267600
Gif-sur-Yvette;2011;7;1;2408;15.5;48641600
Gif-sur-Yvette;2011;7;2;2841;15.8;57388200
Gif-sur-Yvette;2011;7;3;3079;16.6;62195800
Gif-sur-Yvette;2011;7;4;2935;19;59287000
Gif-sur-Yvette;2011;7;5;2665;21.4;53833000
Gif-sur-Yvette;2011;7;6;2092;17.9;42258400
Gif-sur-Yvette;2011;7;7;1618;16.8;32683600
Gif-sur-Yvette;2011;7;8;1742;17.6;35188400
Gif-sur-Yvette;2011;7;9;1428;17;28845600
Gif-sur-Yvette;2011;7;10;1384;17.7;27956800
Gif-sur-Yvette;2011;7;11;2509;19.8;50681800
Gif-sur-Yvette;2011;7;12;1428;18.3;28845600
Gif-sur-Yvette;2011;7;13;1119;15.3;22603800
Gif-sur-Yvette;2011;7;14;1863;15.5;37632600
Gif-sur-Yvette;2011;7;15;2584;19;52196800
Gif-sur-Yvette;2011;7;16;687;16.9;13877400
Gif-sur-Yvette;2011;7;17;1344;14.8;27148800
Gif-sur-Yvette;2011;7;18;1329;15.1;26845800
Gif-sur-Yvette;2011;7;19;604;13.4;12200800
Gif-sur-Yvette;2011;7;20;913;14.6;18442600
Gif-sur-Yvette;2011;7;21;1028;15.6;20765600
Gif-sur-Yvette;2011;7;22;2176;16.3;43955200
Gif-sur-Yvette;2011;7;23;1727;13.8;34885400
Gif-sur-Yvette;2011;7;24;1996;15.8;40319200
Gif-sur-Yvette;2011;7;25;1767;17.8;35693400
Gif-sur-Yvette;2011;7;26;1579;17.2;31895800
Gif-sur-Yvette;2011;7;27;952;16;19230400
Gif-sur-Yvette;2011;7;28;1485;16.9;29997000
Gif-sur-Yvette;2011;7;29;1122;16.8;22664400
Gif-sur-Yvette;2011;7;30;2340;16.7;47268000
Gif-sur-Yvette;2011;7;31;2623;17.7;52984600
Gif-sur-Yvette;2011;8;1;2582;20.1;52156400
Gif-sur-Yvette;2011;8;2;1771;21.3;35774200
Gif-sur-Yvette;2011;8;3;1547;20.8;31249400
Gif-sur-Yvette;2011;8;4;1184;18.7;23916800
Gif-sur-Yvette;2011;8;5;1593;19.5;32178600
Gif-sur-Yvette;2011;8;6;1010;17.1;20402000
Gif-sur-Yvette;2011;8;7;1960;15.6;39592000
Gif-sur-Yvette;2011;8;8;1560;15.2;31512000
Gif-sur-Yvette;2011;8;9;2073;15;41874600
Gif-sur-Yvette;2011;8;10;2466;16.5;49813200
Gif-sur-Yvette;2011;8;11;2005;19.4;40501000
Gif-sur-Yvette;2011;8;12;1580;19.5;31916000
Gif-sur-Yvette;2011;8;13;1014;18.6;20482800
Gif-sur-Yvette;2011;8;14;1369;18.3;27653800
Gif-sur-Yvette;2011;8;15;2369;17.4;47853800
Gif-sur-Yvette;2011;8;16;2106;20;42541200
Gif-sur-Yvette;2011;8;17;1425;20.2;28785000
Gif-sur-Yvette;2011;8;18;925;20.3;18685000
Gif-sur-Yvette;2011;8;19;1928;19.7;38945600
Gif-sur-Yvette;2011;8;20;2283;22.3;46116600
Gif-sur-Yvette;2011;8;21;1921;25.6;38804200
Gif-sur-Yvette;2011;8;22;1606;21.1;32441200
Gif-sur-Yvette;2011;8;23;1553;20.6;31370600
Gif-sur-Yvette;2011;8;24;1786;18.2;36077200
Gif-sur-Yvette;2011;8;25;1705;19.9;34441000
Gif-sur-Yvette;2011;8;26;456;15.2;9211200
Gif-sur-Yvette;2011;8;27;1484;14.3;29976800
Gif-sur-Yvette;2011;8;28;1438;14.7;29047600
Gif-sur-Yvette;2011;8;29;1784;14.2;36036800
Gif-sur-Yvette;2011;8;30;2012;14.2;40642400
Gif-sur-Yvette;2011;8;31;1822;16.2;36804400
Gif-sur-Yvette;2011;9;1;1521;19.3;30724200
Gif-sur-Yvette;2011;9;2;2103;22.1;42480600
Gif-sur-Yvette;2011;9;3;1715;22.1;34643000
Gif-sur-Yvette;2011;9;4;1079;17.2;21795800
Gif-sur-Yvette;2011;9;5;1680;15.6;33936000
Gif-sur-Yvette;2011;9;6;1102;16.7;22260400
Gif-sur-Yvette;2011;9;7;1424;15.1;28764800
Gif-sur-Yvette;2011;9;8;705;16;14241000
Gif-sur-Yvette;2011;9;9;775;20.4;15655000
Gif-sur-Yvette;2011;9;10;1734;22.3;35026800
Gif-sur-Yvette;2011;9;11;632;16;12766400
Gif-sur-Yvette;2011;9;12;766;18.1;15473200
Gif-sur-Yvette;2011;9;13;1388;16.8;28037600
Gif-sur-Yvette;2011;9;14;1592;13.3;32158400
Gif-sur-Yvette;2011;9;15;1758;14.9;35511600
Gif-sur-Yvette;2011;9;16;1064;16.8;21492800
Gif-sur-Yvette;2011;9;17;774;14.7;15634800
Gif-sur-Yvette;2011;9;18;1386;12;27997200
Gif-sur-Yvette;2011;9;19;1368;14.3;27633600
Gif-sur-Yvette;2011;9;20;899;15.1;18159800
Gif-sur-Yvette;2011;9;21;875;16.1;17675000
Gif-sur-Yvette;2011;9;22;1351;14.7;27290200
Gif-sur-Yvette;2011;9;23;1572;13.9;31754400
Gif-sur-Yvette;2011;9;24;1460;15.2;29492000
Gif-sur-Yvette;2011;9;25;1471;18.8;29714200
Gif-sur-Yvette;2011;9;26;1409;19.4;28461800
Gif-sur-Yvette;2011;9;27;1229;19;24825800
Gif-sur-Yvette;2011;9;28;1517;20.3;30643400
Gif-sur-Yvette;2011;9;29;1478;19.7;29855600
Gif-sur-Yvette;2011;9;30;1444;20.5;29168800
Gif-sur-Yvette;2011;10;1;1445;20;29189000
Gif-sur-Yvette;2011;10;2;1434;19.2;28966800
Gif-sur-Yvette;2011;10;3;1426;20.4;28805200
Gif-sur-Yvette;2011;10;4;591;17.2;11938200
Gif-sur-Yvette;2011;10;5;512;16.6;10342400
Gif-sur-Yvette;2011;10;6;443;14;8948600
Gif-sur-Yvette;2011;10;7;829;11;16745800
Gif-sur-Yvette;2011;10;8;462;10.9;9332400
Gif-sur-Yvette;2011;10;9;261;14.8;5272200
Gif-sur-Yvette;2011;10;10;463;15.5;9352600
Gif-sur-Yvette;2011;10;11;422;15.2;8524400
Gif-sur-Yvette;2011;10;12;442;14.5;8928400
Gif-sur-Yvette;2011;10;13;656;14.6;13251200
Gif-sur-Yvette;2011;10;14;1206;11.5;24361200
Gif-sur-Yvette;2011;10;15;1188;9.5;23997600
Gif-sur-Yvette;2011;10;16;1156;10;23351200
Gif-sur-Yvette;2011;10;17;925;12.2;18685000
Gif-sur-Yvette;2011;10;18;314;10.7;6342800
Gif-sur-Yvette;2011;10;19;917;7.9;18523400
Gif-sur-Yvette;2011;10;20;959;6.4;19371800
Gif-sur-Yvette;2011;10;21;1032;5.9;20846400
Gif-sur-Yvette;2011;10;22;722;5.8;14584400
Gif-sur-Yvette;2011;10;23;1017;10.8;20543400
Gif-sur-Yvette;2011;10;24;906;12.4;18301200
Gif-sur-Yvette;2011;10;25;845;11.9;17069000
Gif-sur-Yvette;2011;10;26;818;10.8;16523600
Gif-sur-Yvette;2011;10;27;555;12;11211000
Gif-sur-Yvette;2011;10;28;369;13.7;7453800
Gif-sur-Yvette;2011;10;29;319;14.1;6443800
Gif-sur-Yvette;2011;10;30;446;12.6;9009200
Gif-sur-Yvette;2011;10;31;867;12.2;17513400
Gif-sur-Yvette;2011;11;1;225;10.7;4545000
Gif-sur-Yvette;2011;11;2;564;12.5;11392800
Gif-sur-Yvette;2011;11;3;215;15;4343000
Gif-sur-Yvette;2011;11;4;676;13.4;13655200
Gif-sur-Yvette;2011;11;5;402;13.5;8120400
Gif-sur-Yvette;2011;11;6;497;12.9;10039400
Gif-sur-Yvette;2011;11;7;80;9.8;1616000
Gif-sur-Yvette;2011;11;8;136;9.2;2747200
Gif-sur-Yvette;2011;11;9;512;11.6;10342400
Gif-sur-Yvette;2011;11;10;558;9.1;11271600
Gif-sur-Yvette;2011;11;11;146;8.2;2949200
Gif-sur-Yvette;2011;11;12;534;10.7;10786800
Gif-sur-Yvette;2011;11;13;693;9.2;13998600
Gif-sur-Yvette;2011;11;14;637;7.3;12867400
Gif-sur-Yvette;2011;11;15;496;4;10019200
Gif-sur-Yvette;2011;11;16;215;2.7;4343000
Gif-sur-Yvette;2011;11;17;282;9.2;5696400
Gif-sur-Yvette;2011;11;18;489;8.8;9877800
Gif-sur-Yvette;2011;11;19;600;7.5;12120000
Gif-sur-Yvette;2011;11;20;595;6.9;12019000
Gif-sur-Yvette;2011;11;21;337;9;6807400
Gif-sur-Yvette;2011;11;22;540;8.8;10908000
Gif-sur-Yvette;2011;11;23;266;9.5;5373200
Gif-sur-Yvette;2011;11;24;113;8.2;2282600
Gif-sur-Yvette;2011;11;25;167;6.6;3373400
Gif-sur-Yvette;2011;11;26;257;5.2;5191400
Gif-sur-Yvette;2011;11;27;222;9.1;4484400
Gif-sur-Yvette;2011;11;28;121;6.9;2444200
Gif-sur-Yvette;2011;11;29;124;7.3;2504800
Gif-sur-Yvette;2011;11;30;465;7.2;9393000
Gif-sur-Yvette;2011;12;1;97;10.6;1959400
Gif-sur-Yvette;2011;12;2;436;8.2;8807200
Gif-sur-Yvette;2011;12;3;63;9;1272600
Gif-sur-Yvette;2011;12;4;122;10.9;2464400
Gif-sur-Yvette;2011;12;5;480;6;9696000
Gif-sur-Yvette;2011;12;6;335;6;6767000
Gif-sur-Yvette;2011;12;7;229;8.4;4625800
Gif-sur-Yvette;2011;12;8;160;7.8;3232000
Gif-sur-Yvette;2011;12;9;100;8;2020000
Gif-sur-Yvette;2011;12;10;458;4.6;9251600
Gif-sur-Yvette;2011;12;11;197;4.2;3979400
Gif-sur-Yvette;2011;12;12;445;7;8989000
Gif-sur-Yvette;2011;12;13;293;8.9;5918600
Gif-sur-Yvette;2011;12;14;290;6.9;5858000
Gif-sur-Yvette;2011;12;15;278;6.1;5615600
Gif-sur-Yvette;2011;12;16;223;7;4504600
Gif-sur-Yvette;2011;12;17;374;3;7554800
Gif-sur-Yvette;2011;12;18;414;2.5;8362800
Gif-sur-Yvette;2011;12;19;221;1.4;4464200
Gif-sur-Yvette;2011;12;20;259;7;5231800
Gif-sur-Yvette;2011;12;21;86;8.4;1737200
Gif-sur-Yvette;2011;12;22;251;10.1;5070200
Gif-sur-Yvette;2011;12;23;67;8;1353400
Gif-sur-Yvette;2011;12;24;374;5.1;7554800
Gif-sur-Yvette;2011;12;25;268;6.7;5413600
Gif-sur-Yvette;2011;12;26;434;7.2;8766800
Gif-sur-Yvette;2011;12;27;180;1.7;3636000
Gif-sur-Yvette;2011;12;28;131;3.2;2646200
Gif-sur-Yvette;2011;12;29;380;5.2;7676000
Gif-sur-Yvette;2011;12;30;176;6.7;3555200
Gif-sur-Yvette;2011;12;31;130;11.3;2626000
Gif-sur-Yvette;2012;1;1;158;12;3191600
Gif-sur-Yvette;2012;1;2;411;7.1;8302200
Gif-sur-Yvette;2012;1;3;120;8.4;2424000
Gif-sur-Yvette;2012;1;4;409;7.3;8261800
Gif-sur-Yvette;2012;1;5;216;8.7;4363200
Gif-sur-Yvette;2012;1;6;453;5.5;9150600
Gif-sur-Yvette;2012;1;7;189;8.2;3817800
Gif-sur-Yvette;2012;1;8;121;7.1;2444200
Gif-sur-Yvette;2012;1;9;303;8.4;6120600
Gif-sur-Yvette;2012;1;10;249;8.5;5029800
Gif-sur-Yvette;2012;1;11;417;7.9;8423400
Gif-sur-Yvette;2012;1;12;465;6.6;9393000
Gif-sur-Yvette;2012;1;13;415;5.4;8383000
Gif-sur-Yvette;2012;1;14;557;1.8;11251400
Gif-sur-Yvette;2012;1;15;546;1.5;11029200
Gif-sur-Yvette;2012;1;16;569;1.2;11493800
Gif-sur-Yvette;2012;1;17;517;0.6;10443400
Gif-sur-Yvette;2012;1;18;240;3.7;4848000
Gif-sur-Yvette;2012;1;19;162;9.8;3272400
Gif-sur-Yvette;2012;1;20;208;7.4;4201600
Gif-sur-Yvette;2012;1;21;212;9.8;4282400
Gif-sur-Yvette;2012;1;22;241;8.4;4868200
Gif-sur-Yvette;2012;1;23;320;6.3;6464000
Gif-sur-Yvette;2012;1;24;216;6;4363200
Gif-sur-Yvette;2012;1;25;223;9.2;4504600
Gif-sur-Yvette;2012;1;26;242;6.7;4888400
Gif-sur-Yvette;2012;1;27;615;4.6;12423000
Gif-sur-Yvette;2012;1;28;269;3.5;5433800
Gif-sur-Yvette;2012;1;29;622;1.4;12564400
Gif-sur-Yvette;2012;1;30;143;-0.5;2888600
Gif-sur-Yvette;2012;1;31;356;-0.7;7191200
Gif-sur-Yvette;2012;2;1;705;-3.2;14241000
Gif-sur-Yvette;2012;2;2;791;-5.4;15978200
Gif-sur-Yvette;2012;2;3;776;-5.2;15675200
Gif-sur-Yvette;2012;2;4;821;-4.9;16584200
Gif-sur-Yvette;2012;2;5;229;-6.5;4625800
Gif-sur-Yvette;2012;2;6;412;-4.3;8322400
Gif-sur-Yvette;2012;2;7;574;-7.2;11594800
Gif-sur-Yvette;2012;2;8;525;-6.1;10605000
Gif-sur-Yvette;2012;2;9;896;-4.9;18099200
Gif-sur-Yvette;2012;2;10;986;-4.5;19917200
Gif-sur-Yvette;2012;2;11;1003;-5.5;20260600
Gif-sur-Yvette;2012;2;12;857;-4.8;17311400
Gif-sur-Yvette;2012;2;13;300;1.4;6060000
Gif-sur-Yvette;2012;2;14;394;3.7;7958800
Gif-sur-Yvette;2012;2;15;421;5.2;8504200
Gif-sur-Yvette;2012;2;16;260;5.3;5252000
Gif-sur-Yvette;2012;2;17;387;5.8;7817400
Gif-sur-Yvette;2012;2;18;347;7.5;7009400
Gif-sur-Yvette;2012;2;19;1129;3.2;22805800
Gif-sur-Yvette;2012;2;20;1137;1.6;22967400
Gif-sur-Yvette;2012;2;21;1127;3.1;22765400
Gif-sur-Yvette;2012;2;22;1066;3.9;21533200
Gif-sur-Yvette;2012;2;23;341;8;6888200
Gif-sur-Yvette;2012;2;24;863;10.1;17432600
Gif-sur-Yvette;2012;2;25;251;8.7;5070200
Gif-sur-Yvette;2012;2;26;790;6.8;15958000
Gif-sur-Yvette;2012;2;27;936;6.7;18907200
Gif-sur-Yvette;2012;2;28;482;8.8;9736400
Gif-sur-Yvette;2012;2;29;872;9.2;17614400
Gif-sur-Yvette;2012;3;1;614;9.2;12402800
Gif-sur-Yvette;2012;3;2;220;8.8;4444000
Gif-sur-Yvette;2012;3;3;315;7.3;6363000
Gif-sur-Yvette;2012;3;4;400;6.9;8080000
Gif-sur-Yvette;2012;3;5;864;5.2;17452800
Gif-sur-Yvette;2012;3;6;604;4.3;12200800
Gif-sur-Yvette;2012;3;7;447;3.9;9029400
Gif-sur-Yvette;2012;3;8;1200;5.3;24240000
Gif-sur-Yvette;2012;3;9;1405;7.2;28381000
Gif-sur-Yvette;2012;3;10;667;9.3;13473400
Gif-sur-Yvette;2012;3;11;577;9;11655400
Gif-sur-Yvette;2012;3;12;1503;9.9;30360600
Gif-sur-Yvette;2012;3;13;1345;9.4;27169000
Gif-sur-Yvette;2012;3;14;1456;8.7;29411200
Gif-sur-Yvette;2012;3;15;1644;12.9;33208800
Gif-sur-Yvette;2012;3;16;1608;14;32481600
Gif-sur-Yvette;2012;3;17;328;9.2;6625600
Gif-sur-Yvette;2012;3;18;637;7.1;12867400
Gif-sur-Yvette;2012;3;19;1019;6.1;20583800
Gif-sur-Yvette;2012;3;20;1539;7;31087800
Gif-sur-Yvette;2012;3;21;1753;10.6;35410600
Gif-sur-Yvette;2012;3;22;1539;13.1;31087800
Gif-sur-Yvette;2012;3;23;1719;13.9;34723800
Gif-sur-Yvette;2012;3;24;1719;13.8;34723800
Gif-sur-Yvette;2012;3;25;1764;14.1;35632800
Gif-sur-Yvette;2012;3;26;1925;14.2;38885000
Gif-sur-Yvette;2012;3;27;1905;13.8;38481000
Gif-sur-Yvette;2012;3;28;1807;13.9;36501400
Gif-sur-Yvette;2012;3;29;1915;13.3;38683000
Gif-sur-Yvette;2012;3;30;1880;11.9;37976000
Gif-sur-Yvette;2012;3;31;599;8.2;12099800
Gif-sur-Yvette;2012;4;1;2078;6.7;41975600
Gif-sur-Yvette;2012;4;2;2006;9.6;40521200
Gif-sur-Yvette;2012;4;3;1864;10.5;37652800
Gif-sur-Yvette;2012;4;4;1150;8.4;23230000
Gif-sur-Yvette;2012;4;5;987;7.7;19937400
Gif-sur-Yvette;2012;4;6;1421;8;28704200
Gif-sur-Yvette;2012;4;7;1003;7.3;20260600
Gif-sur-Yvette;2012;4;8;1386;6.5;27997200
Gif-sur-Yvette;2012;4;9;549;9.8;11089800
Gif-sur-Yvette;2012;4;10;493;8.3;9958600
Gif-sur-Yvette;2012;4;11;1374;7.2;27754800
Gif-sur-Yvette;2012;4;12;1969;8;39773800
Gif-sur-Yvette;2012;4;13;1529;8.5;30885800
Gif-sur-Yvette;2012;4;14;1368;8.5;27633600
Gif-sur-Yvette;2012;4;15;918;6.1;18543600
Gif-sur-Yvette;2012;4;16;1797;5.8;36299400
Gif-sur-Yvette;2012;4;17;638;5.4;12887600
Gif-sur-Yvette;2012;4;18;885;6.6;17877000
Gif-sur-Yvette;2012;4;19;2007;7.9;40541400
Gif-sur-Yvette;2012;4;20;1694;8.5;34218800
Gif-sur-Yvette;2012;4;21;1491;7.9;30118200
Gif-sur-Yvette;2012;4;22;1791;7.3;36178200
Gif-sur-Yvette;2012;4;23;839;6.9;16947800
Gif-sur-Yvette;2012;4;24;1322;8.3;26704400
Gif-sur-Yvette;2012;4;25;659;8.7;13311800
Gif-sur-Yvette;2012;4;26;1262;11.5;25492400
Gif-sur-Yvette;2012;4;27;777;10.7;15695400
Gif-sur-Yvette;2012;4;28;427;11.3;8625400
Gif-sur-Yvette;2012;4;29;1728;13.4;34905600
Gif-sur-Yvette;2012;4;30;1866;13.2;37693200
Gif-sur-Yvette;2012;5;1;2459;13.2;49671800
Gif-sur-Yvette;2012;5;2;506;10.3;10221200
Gif-sur-Yvette;2012;5;3;2054;13.4;41490800
Gif-sur-Yvette;2012;5;4;1272;13.9;25694400
Gif-sur-Yvette;2012;5;5;1381;11.8;27896200
Gif-sur-Yvette;2012;5;6;960;10.1;19392000
Gif-sur-Yvette;2012;5;7;2101;12.5;42440200
Gif-sur-Yvette;2012;5;8;1247;15.1;25189400
Gif-sur-Yvette;2012;5;9;1277;16.8;25795400
Gif-sur-Yvette;2012;5;10;1994;21.5;40278800
Gif-sur-Yvette;2012;5;11;1098;15.4;22179600
Gif-sur-Yvette;2012;5;12;2512;11.7;50742400
Gif-sur-Yvette;2012;5;13;2824;10.2;57044800
Gif-sur-Yvette;2012;5;14;2861;12.6;57792200
Gif-sur-Yvette;2012;5;15;1830;8;36966000
Gif-sur-Yvette;2012;5;16;2553;9.4;51570600
Gif-sur-Yvette;2012;5;17;1601;11.6;32340200
Gif-sur-Yvette;2012;5;18;1303;13.8;26320600
Gif-sur-Yvette;2012;5;19;1390;13.7;28078000
Gif-sur-Yvette;2012;5;20;1376;14.9;27795200
Gif-sur-Yvette;2012;5;21;289;11.9;5837800
Gif-sur-Yvette;2012;5;22;1347;14.9;27209400
Gif-sur-Yvette;2012;5;23;2249;17.1;45429800
Gif-sur-Yvette;2012;5;24;2498;19.9;50459600
Gif-sur-Yvette;2012;5;25;2928;21.8;59145600
Gif-sur-Yvette;2012;5;26;2990;20.5;60398000
Gif-sur-Yvette;2012;5;27;2298;18.8;46419600
Gif-sur-Yvette;2012;5;28;2907;18.2;58721400
Gif-sur-Yvette;2012;5;29;2518;18.3;50863600
Gif-sur-Yvette;2012;5;30;2208;17.8;44601600
Gif-sur-Yvette;2012;5;31;2142;15.9;43268400
Gif-sur-Yvette;2012;6;1;1437;16.6;29027400
Gif-sur-Yvette;2012;6;2;2688;20.3;54297600
Gif-sur-Yvette;2012;6;3;1339;16.3;27047800
Gif-sur-Yvette;2012;6;4;1019;12;20583800
Gif-sur-Yvette;2012;6;5;1799;12.1;36339800
Gif-sur-Yvette;2012;6;6;1422;15.9;28724400
Gif-sur-Yvette;2012;6;7;1209;16.3;24421800
Gif-sur-Yvette;2012;6;8;2017;14.8;40743400
Gif-sur-Yvette;2012;6;9;2297;13.2;46399400
Gif-sur-Yvette;2012;6;10;1073;13.7;21674600
Gif-sur-Yvette;2012;6;11;1475;14.3;29795000
Gif-sur-Yvette;2012;6;12;686;12.2;13857200
Gif-sur-Yvette;2012;6;13;1573;12.3;31774600
Gif-sur-Yvette;2012;6;14;2299;15.5;46439800
Gif-sur-Yvette;2012;6;15;1406;16.2;28401200
Gif-sur-Yvette;2012;6;16;1035;15.2;20907000
Gif-sur-Yvette;2012;6;17;2621;15.9;52944200
Gif-sur-Yvette;2012;6;18;1357;14.7;27411400
Gif-sur-Yvette;2012;6;19;1394;15.3;28158800
Gif-sur-Yvette;2012;6;20;2668;18.2;53893600
Gif-sur-Yvette;2012;6;21;1489;18.1;30077800
Gif-sur-Yvette;2012;6;22;2219;15.9;44823800
Gif-sur-Yvette;2012;6;23;2006;15.5;40521200
Gif-sur-Yvette;2012;6;24;714;14;14422800
Gif-sur-Yvette;2012;6;25;2302;15.6;46500400
Gif-sur-Yvette;2012;6;26;1183;17.7;23896600
Gif-sur-Yvette;2012;6;27;1995;21.3;40299000
Gif-sur-Yvette;2012;6;28;2224;23.9;44924800
Gif-sur-Yvette;2012;6;29;1672;18;33774400
Gif-sur-Yvette;2012;6;30;2532;17.9;51146400
Gif-sur-Yvette;2012;7;1;2749;16.1;55529800
Gif-sur-Yvette;2012;7;2;2570;17.9;51914000
Gif-sur-Yvette;2012;7;3;1777;18.8;35895400
Gif-sur-Yvette;2012;7;4;2403;21.6;48540600
Gif-sur-Yvette;2012;7;5;1415;17.7;28583000
Gif-sur-Yvette;2012;7;6;1979;16.1;39975800
Gif-sur-Yvette;2012;7;7;1276;16.4;25775200
Gif-sur-Yvette;2012;7;8;1093;16.6;22078600
Gif-sur-Yvette;2012;7;9;1823;17.8;36824600
Gif-sur-Yvette;2012;7;10;1375;16.4;27775000
Gif-sur-Yvette;2012;7;11;1730;14.9;34946000
Gif-sur-Yvette;2012;7;12;1070;14.4;21614000
Gif-sur-Yvette;2012;7;13;805;14.4;16261000
Gif-sur-Yvette;2012;7;14;1888;15.3;38137600
Gif-sur-Yvette;2012;7;15;1763;14.3;35612600
Gif-sur-Yvette;2012;7;16;2000;16.1;40400000
Gif-sur-Yvette;2012;7;17;2668;19.6;53893600
Gif-sur-Yvette;2012;7;18;2710;20.6;54742000
Gif-sur-Yvette;2012;7;19;1491;16.9;30118200
Gif-sur-Yvette;2012;7;20;1398;15.5;28239600
Gif-sur-Yvette;2012;7;21;2280;15.6;46056000
Gif-sur-Yvette;2012;7;22;2695;17.3;54439000
Gif-sur-Yvette;2012;7;23;2859;19.3;57751800
Gif-sur-Yvette;2012;7;24;2798;21.7;56519600
Gif-sur-Yvette;2012;7;25;2519;23.9;50883800
Gif-sur-Yvette;2012;7;26;2623;25.2;52984600
Gif-sur-Yvette;2012;7;27;1020;22.9;20604000
Gif-sur-Yvette;2012;7;28;1879;19.2;37955800
Gif-sur-Yvette;2012;7;29;1785;15;36057000
Gif-sur-Yvette;2012;7;30;1291;14.4;26078200
Gif-sur-Yvette;2012;7;31;2371;18.3;47894200
Gif-sur-Yvette;2012;8;1;1929;20.8;38965800
Gif-sur-Yvette;2012;8;2;2122;19.4;42864400
Gif-sur-Yvette;2012;8;3;2030;17.8;41006000
Gif-sur-Yvette;2012;8;4;2160;18.8;43632000
Gif-sur-Yvette;2012;8;5;1070;16.3;21614000
Gif-sur-Yvette;2012;8;6;1871;16.9;37794200
Gif-sur-Yvette;2012;8;7;1842;16.6;37208400
Gif-sur-Yvette;2012;8;8;2517;19.5;50843400
Gif-sur-Yvette;2012;8;9;2379;20.7;48055800
Gif-sur-Yvette;2012;8;10;2587;19.6;52257400
Gif-sur-Yvette;2012;8;11;2587;20.3;52257400
Gif-sur-Yvette;2012;8;12;2018;19.8;40763600
Gif-sur-Yvette;2012;8;13;1573;19.7;31774600
Gif-sur-Yvette;2012;8;14;1308;20.2;26421600
Gif-sur-Yvette;2012;8;15;1414;21.3;28562800
Gif-sur-Yvette;2012;8;16;2321;19.8;46884200
Gif-sur-Yvette;2012;8;17;2402;24.4;48520400
Gif-sur-Yvette;2012;8;18;2340;27.7;47268000
Gif-sur-Yvette;2012;8;19;2051;26.4;41430200
Gif-sur-Yvette;2012;8;20;1757;23;35491400
Gif-sur-Yvette;2012;8;21;2015;22.9;40703000
Gif-sur-Yvette;2012;8;22;2013;17.9;40662600
Gif-sur-Yvette;2012;8;23;1970;18.5;39794000
Gif-sur-Yvette;2012;8;24;911;17.7;18402200
Gif-sur-Yvette;2012;8;25;1538;18.5;31067600
Gif-sur-Yvette;2012;8;26;1716;17.7;34663200
Gif-sur-Yvette;2012;8;27;2147;21.2;43369400
Gif-sur-Yvette;2012;8;28;1827;20.6;36905400
Gif-sur-Yvette;2012;8;29;1870;19.4;37774000
Gif-sur-Yvette;2012;8;30;1522;16.3;30744400
Gif-sur-Yvette;2012;8;31;1755;13.3;35451000
Gif-sur-Yvette;2012;9;1;2168;13.7;43793600
Gif-sur-Yvette;2012;9;2;1256;16.2;25371200
Gif-sur-Yvette;2012;9;3;808;16.9;16321600
Gif-sur-Yvette;2012;9;4;1972;18.3;39834400
Gif-sur-Yvette;2012;9;5;1378;17.9;27835600
Gif-sur-Yvette;2012;9;6;2049;15.4;41389800
Gif-sur-Yvette;2012;9;7;1946;16.9;39309200
Gif-sur-Yvette;2012;9;8;2008;19;40561600
Gif-sur-Yvette;2012;9;9;1994;21.6;40278800
Gif-sur-Yvette;2012;9;10;1416;20.2;28603200
Gif-sur-Yvette;2012;9;11;420;15.3;8484000
Gif-sur-Yvette;2012;9;12;1075;13;21715000
Gif-sur-Yvette;2012;9;13;1370;13.5;27674000
Gif-sur-Yvette;2012;9;14;741;13;14968200
Gif-sur-Yvette;2012;9;15;1828;15.4;36925600
Gif-sur-Yvette;2012;9;16;1698;16.3;34299600
Gif-sur-Yvette;2012;9;17;1351;15.7;27290200
Gif-sur-Yvette;2012;9;18;1004;14.2;20280800
Gif-sur-Yvette;2012;9;19;1519;11.2;30683800
Gif-sur-Yvette;2012;9;20;1464;11.9;29572800
Gif-sur-Yvette;2012;9;21;743;11.1;15008600
Gif-sur-Yvette;2012;9;22;1200;12.7;24240000
Gif-sur-Yvette;2012;9;23;1066;16.7;21533200
Gif-sur-Yvette;2012;9;24;936;15.7;18907200
Gif-sur-Yvette;2012;9;25;438;12.9;8847600
Gif-sur-Yvette;2012;9;26;685;12.6;13837000
Gif-sur-Yvette;2012;9;27;624;12.4;12604800
Gif-sur-Yvette;2012;9;28;1476;12.1;29815200
Gif-sur-Yvette;2012;9;29;1212;11.6;24482400
Gif-sur-Yvette;2012;9;30;1580;10.7;31916000
Gif-sur-Yvette;2012;10;1;1428;13.2;28845600
Gif-sur-Yvette;2012;10;2;1056;14.9;21331200
Gif-sur-Yvette;2012;10;3;421;14.1;8504200
Gif-sur-Yvette;2012;10;4;1182;14;23876400
Gif-sur-Yvette;2012;10;5;914;16.6;18462800
Gif-sur-Yvette;2012;10;6;476;14.7;9615200
Gif-sur-Yvette;2012;10;7;1071;12.5;21634200
Gif-sur-Yvette;2012;10;8;198;13.5;3999600
Gif-sur-Yvette;2012;10;9;387;14.6;7817400
Gif-sur-Yvette;2012;10;10;312;12.7;6302400
Gif-sur-Yvette;2012;10;11;385;14.9;7777000
Gif-sur-Yvette;2012;10;12;1009;12.3;20381800
Gif-sur-Yvette;2012;10;13;369;9.2;7453800
Gif-sur-Yvette;2012;10;14;170;7.3;3434000
Gif-sur-Yvette;2012;10;15;1074;8.6;21694800
Gif-sur-Yvette;2012;10;16;830;10.8;16766000
Gif-sur-Yvette;2012;10;17;223;12.9;4504600
Gif-sur-Yvette;2012;10;18;492;15.4;9938400
Gif-sur-Yvette;2012;10;19;230;15.4;4646000
Gif-sur-Yvette;2012;10;20;175;14;3535000
Gif-sur-Yvette;2012;10;21;781;16.6;15776200
Gif-sur-Yvette;2012;10;22;956;17.2;19311200
Gif-sur-Yvette;2012;10;23;680;14.1;13736000
Gif-sur-Yvette;2012;10;24;331;9.5;6686200
Gif-sur-Yvette;2012;10;25;898;10.6;18139600
Gif-sur-Yvette;2012;10;26;128;8.9;2585600
Gif-sur-Yvette;2012;10;27;741;3.3;14968200
Gif-sur-Yvette;2012;10;28;953;4.7;19250600
Gif-sur-Yvette;2012;10;29;496;7.1;10019200
Gif-sur-Yvette;2012;10;30;380;7.5;7676000
Gif-sur-Yvette;2012;10;31;889;7;17957800
Gif-sur-Yvette;2012;11;1;521;8.4;10524200
Gif-sur-Yvette;2012;11;2;207;6.5;4181400
Gif-sur-Yvette;2012;11;3;571;8.8;11534200
Gif-sur-Yvette;2012;11;4;444;7.9;8968800
Gif-sur-Yvette;2012;11;5;603;7.2;12180600
Gif-sur-Yvette;2012;11;6;712;6.2;14382400
Gif-sur-Yvette;2012;11;7;264;8.7;5332800
Gif-sur-Yvette;2012;11;8;334;7;6746800
Gif-sur-Yvette;2012;11;9;341;5.5;6888200
Gif-sur-Yvette;2012;11;10;288;10;5817600
Gif-sur-Yvette;2012;11;11;279;6;5635800
Gif-sur-Yvette;2012;11;12;248;4.7;5009600
Gif-sur-Yvette;2012;11;13;252;6.3;5090400
Gif-sur-Yvette;2012;11;14;133;3.3;2686600
Gif-sur-Yvette;2012;11;15;269;3.7;5433800
Gif-sur-Yvette;2012;11;16;240;3.1;4848000
Gif-sur-Yvette;2012;11;17;140;7.7;2828000
Gif-sur-Yvette;2012;11;18;110;8.2;2222000
Gif-sur-Yvette;2012;11;19;200;9.2;4040000
Gif-sur-Yvette;2012;11;20;466;8.1;9413200
Gif-sur-Yvette;2012;11;21;186;7.9;3757200
Gif-sur-Yvette;2012;11;22;273;5.8;5514600
Gif-sur-Yvette;2012;11;23;140;8.5;2828000
Gif-sur-Yvette;2012;11;24;155;9.2;3131000
Gif-sur-Yvette;2012;11;25;476;9.5;9615200
Gif-sur-Yvette;2012;11;26;400;9.1;8080000
Gif-sur-Yvette;2012;11;27;130;6.1;2626000
Gif-sur-Yvette;2012;11;28;218;5.8;4403600
Gif-sur-Yvette;2012;11;29;330;4.2;6666000
Gif-sur-Yvette;2012;11;30;203;1.5;4100600
Gif-sur-Yvette;2012;12;1;302;1.3;6100400
Gif-sur-Yvette;2012;12;2;510;2.3;10302000
Gif-sur-Yvette;2012;12;3;117;6;2363400
Gif-sur-Yvette;2012;12;4;280;4.3;5656000
Gif-sur-Yvette;2012;12;5;124;2.1;2504800
Gif-sur-Yvette;2012;12;6;333;0.9;6726600
Gif-sur-Yvette;2012;12;7;226;2.1;4565200
Gif-sur-Yvette;2012;12;8;177;1.4;3575400
Gif-sur-Yvette;2012;12;9;181;3.6;3656200
Gif-sur-Yvette;2012;12;10;268;4;5413600
Gif-sur-Yvette;2012;12;11;375;0.7;7575000
Gif-sur-Yvette;2012;12;12;500;-2.5;10100000
Gif-sur-Yvette;2012;12;13;76;0;1535200
Gif-sur-Yvette;2012;12;14;44;7.7;888800
Gif-sur-Yvette;2012;12;15;295;8.5;5959000
Gif-sur-Yvette;2012;12;16;254;7.9;5130800
Gif-sur-Yvette;2012;12;17;280;6.7;5656000
Gif-sur-Yvette;2012;12;18;182;6.5;3676400
Gif-sur-Yvette;2012;12;19;169;5.4;3413800
Gif-sur-Yvette;2012;12;20;74;7.2;1494800
Gif-sur-Yvette;2012;12;21;167;7.1;3373400
Gif-sur-Yvette;2012;12;22;43;9.1;868600
Gif-sur-Yvette;2012;12;23;89;12.6;1797800
Gif-sur-Yvette;2012;12;24;309;10.3;6241800
Gif-sur-Yvette;2012;12;25;280;9.6;5656000
Gif-sur-Yvette;2012;12;26;297;8.5;5999400
Gif-sur-Yvette;2012;12;27;282;8.9;5696400
Gif-sur-Yvette;2012;12;28;93;8.6;1878600
Gif-sur-Yvette;2012;12;29;452;9.6;9130400
Gif-sur-Yvette;2012;12;30;336;7.5;6787200
Gif-sur-Yvette;2012;12;31;150;8.2;3030000
Gif-sur-Yvette;2013;1;1;288;6.3;5817600
Gif-sur-Yvette;2013;1;2;345;5.2;6969000
Gif-sur-Yvette;2013;1;3;108;8.6;2181600
Gif-sur-Yvette;2013;1;4;105;8.4;2121000
Gif-sur-Yvette;2013;1;5;78;7.7;1575600
Gif-sur-Yvette;2013;1;6;95;6.4;1919000
Gif-sur-Yvette;2013;1;7;221;6.1;4464200
Gif-sur-Yvette;2013;1;8;83;3.3;1676600
Gif-sur-Yvette;2013;1;9;177;3.4;3575400
Gif-sur-Yvette;2013;1;10;129;6.4;2605800
Gif-sur-Yvette;2013;1;11;303;4.5;6120600
Gif-sur-Yvette;2013;1;12;119;3.4;2403800
Gif-sur-Yvette;2013;1;13;124;2.5;2504800
Gif-sur-Yvette;2013;1;14;378;-1;7635600
Gif-sur-Yvette;2013;1;15;128;0.8;2585600
Gif-sur-Yvette;2013;1;16;729;-2.6;14725800
Gif-sur-Yvette;2013;1;17;557;-4.2;11251400
Gif-sur-Yvette;2013;1;18;199;-3.7;4019800
Gif-sur-Yvette;2013;1;19;206;-2.1;4161200
Gif-sur-Yvette;2013;1;20;280;-2.6;5656000
Gif-sur-Yvette;2013;1;21;203;0;4100600
Gif-sur-Yvette;2013;1;22;244;0.7;4928800
Gif-sur-Yvette;2013;1;23;214;1.6;4322800
Gif-sur-Yvette;2013;1;24;151;-0.4;3050200
Gif-sur-Yvette;2013;1;25;197;-3.5;3979400
Gif-sur-Yvette;2013;1;26;225;0.1;4545000
Gif-sur-Yvette;2013;1;27;217;4.8;4383400
Gif-sur-Yvette;2013;1;28;583;6.2;11776600
Gif-sur-Yvette;2013;1;29;100;10;2020000
Gif-sur-Yvette;2013;1;30;261;10.8;5272200
Gif-sur-Yvette;2013;1;31;291;7.5;5878200
Gif-sur-Yvette;2013;2;1;110;7.5;2222000
Gif-sur-Yvette;2013;2;2;307;3.2;6201400
Gif-sur-Yvette;2013;2;3;417;2.4;8423400
Gif-sur-Yvette;2013;2;4;267;8.2;5393400
Gif-sur-Yvette;2013;2;5;441;3.6;8908200
Gif-sur-Yvette;2013;2;6;636;3.7;12847200
Gif-sur-Yvette;2013;2;7;475;2.6;9595000
Gif-sur-Yvette;2013;2;8;567;1.9;11453400
Gif-sur-Yvette;2013;2;9;395;0.8;7979000
Gif-sur-Yvette;2013;2;10;211;0.5;4262200
Gif-sur-Yvette;2013;2;11;544;5;10988800
Gif-sur-Yvette;2013;2;12;123;1.5;2484600
Gif-sur-Yvette;2013;2;13;459;-0.7;9271800
Gif-sur-Yvette;2013;2;14;172;2.1;3474400
Gif-sur-Yvette;2013;2;15;680;5.9;13736000
Gif-sur-Yvette;2013;2;16;812;4.6;16402400
Gif-sur-Yvette;2013;2;17;964;2.4;19472800
Gif-sur-Yvette;2013;2;18;1079;2.5;21795800
Gif-sur-Yvette;2013;2;19;1047;2.7;21149400
Gif-sur-Yvette;2013;2;20;987;2.8;19937400
Gif-sur-Yvette;2013;2;21;829;-0.6;16745800
Gif-sur-Yvette;2013;2;22;662;-1.9;13372400
Gif-sur-Yvette;2013;2;23;359;-3;7251800
Gif-sur-Yvette;2013;2;24;358;-1;7231600
Gif-sur-Yvette;2013;2;25;231;-0.1;4666200
Gif-sur-Yvette;2013;2;26;691;1.3;13958200
Gif-sur-Yvette;2013;2;27;137;1.7;2767400
Gif-sur-Yvette;2013;2;28;190;1.3;3838000
Gif-sur-Yvette;2013;3;1;133;1.9;2686600
Gif-sur-Yvette;2013;3;2;493;1.4;9958600
Gif-sur-Yvette;2013;3;3;1294;2.8;26138800
Gif-sur-Yvette;2013;3;4;1288;6.3;26017600
Gif-sur-Yvette;2013;3;5;816;10.2;16483200
Gif-sur-Yvette;2013;3;6;582;11;11756400
Gif-sur-Yvette;2013;3;7;295;10.3;5959000
Gif-sur-Yvette;2013;3;8;326;10.4;6585200
Gif-sur-Yvette;2013;3;9;1279;10.5;25835800
Gif-sur-Yvette;2013;3;10;361;5.3;7292200
Gif-sur-Yvette;2013;3;11;201;0.9;4060200
Gif-sur-Yvette;2013;3;12;394;-2.7;7958800
Gif-sur-Yvette;2013;3;13;1089;-2.7;21997800
Gif-sur-Yvette;2013;3;14;1374;0.4;27754800
Gif-sur-Yvette;2013;3;15;1529;2;30885800
Gif-sur-Yvette;2013;3;16;775;4.5;15655000
Gif-sur-Yvette;2013;3;17;600;5.3;12120000
Gif-sur-Yvette;2013;3;18;672;3.6;13574400
Gif-sur-Yvette;2013;3;19;729;5;14725800
Gif-sur-Yvette;2013;3;20;960;5.3;19392000
Gif-sur-Yvette;2013;3;21;854;5.5;17250800
Gif-sur-Yvette;2013;3;22;1156;8.6;23351200
Gif-sur-Yvette;2013;3;23;863;8.3;17432600
Gif-sur-Yvette;2013;3;24;579;4.5;11695800
Gif-sur-Yvette;2013;3;25;1473;4.4;29754600
Gif-sur-Yvette;2013;3;26;1060;3.1;21412000
Gif-sur-Yvette;2013;3;27;1099;3;22199800
Gif-sur-Yvette;2013;3;28;930;2.8;18786000
Gif-sur-Yvette;2013;3;29;1537;2;31047400
Gif-sur-Yvette;2013;3;30;786;2.1;15877200
Gif-sur-Yvette;2013;3;31;1536;1.5;31027200
Gif-sur-Yvette;2013;4;1;1996;3.8;40319200
Gif-sur-Yvette;2013;4;2;2054;4.4;41490800
Gif-sur-Yvette;2013;4;3;1654;4.4;33410800
Gif-sur-Yvette;2013;4;4;829;4;16745800
Gif-sur-Yvette;2013;4;5;838;4.6;16927600
Gif-sur-Yvette;2013;4;6;784;4;15836800
Gif-sur-Yvette;2013;4;7;1727;5.3;34885400
Gif-sur-Yvette;2013;4;8;1046;6.8;21129200
Gif-sur-Yvette;2013;4;9;906;8.1;18301200
Gif-sur-Yvette;2013;4;10;1065;9.7;21513000
Gif-sur-Yvette;2013;4;11;637;10.9;12867400
Gif-sur-Yvette;2013;4;12;1385;10;27977000
Gif-sur-Yvette;2013;4;13;900;10;18180000
Gif-sur-Yvette;2013;4;14;2197;18.5;44379400
Gif-sur-Yvette;2013;4;15;1356;15.1;27391200
Gif-sur-Yvette;2013;4;16;1467;14.4;29633400
Gif-sur-Yvette;2013;4;17;2118;18.2;42783600
Gif-sur-Yvette;2013;4;18;2148;13.4;43389600
Gif-sur-Yvette;2013;4;19;1497;8.4;30239400
Gif-sur-Yvette;2013;4;20;2236;8.1;45167200
Gif-sur-Yvette;2013;4;21;2390;9;48278000
Gif-sur-Yvette;2013;4;22;1516;9.1;30623200
Gif-sur-Yvette;2013;4;23;1434;12;28966800
Gif-sur-Yvette;2013;4;24;2470;15.6;49894000
Gif-sur-Yvette;2013;4;25;2489;18.3;50277800
Gif-sur-Yvette;2013;4;26;707;11.5;14281400
Gif-sur-Yvette;2013;4;27;1216;7.4;24563200
Gif-sur-Yvette;2013;4;28;1073;7.3;21674600
Gif-sur-Yvette;2013;4;29;2075;9.4;41915000
Gif-sur-Yvette;2013;4;30;808;9.2;16321600
Gif-sur-Yvette;2013;5;1;859;10.4;17351800
Gif-sur-Yvette;2013;5;2;1905;12.6;38481000
Gif-sur-Yvette;2013;5;3;1452;11.4;29330400
Gif-sur-Yvette;2013;5;4;2150;11.2;43430000
Gif-sur-Yvette;2013;5;5;1696;13.3;34259200
Gif-sur-Yvette;2013;5;6;1780;12.6;35956000
Gif-sur-Yvette;2013;5;7;2139;15.3;43207800
Gif-sur-Yvette;2013;5;8;1295;15.2;26159000
Gif-sur-Yvette;2013;5;9;2004;12.4;40480800
Gif-sur-Yvette;2013;5;10;806;10.9;16281200
Gif-sur-Yvette;2013;5;11;2115;12.4;42723000
Gif-sur-Yvette;2013;5;12;2104;11.3;42500800
Gif-sur-Yvette;2013;5;13;1269;12.6;25633800
Gif-sur-Yvette;2013;5;14;1001;11.5;20220200
Gif-sur-Yvette;2013;5;15;1948;11.1;39349600
Gif-sur-Yvette;2013;5;16;1112;10.6;22462400
Gif-sur-Yvette;2013;5;17;2015;11.1;40703000
Gif-sur-Yvette;2013;5;18;1323;10.7;26724600
Gif-sur-Yvette;2013;5;19;781;11;15776200
Gif-sur-Yvette;2013;5;20;374;10.1;7554800
Gif-sur-Yvette;2013;5;21;324;10.7;6544800
Gif-sur-Yvette;2013;5;22;2078;11.2;41975600
Gif-sur-Yvette;2013;5;23;1759;7.9;35531800
Gif-sur-Yvette;2013;5;24;1177;5.3;23775400
Gif-sur-Yvette;2013;5;25;1947;8.7;39329400
Gif-sur-Yvette;2013;5;26;1796;10.2;36279200
Gif-sur-Yvette;2013;5;27;2511;12.9;50722200
Gif-sur-Yvette;2013;5;28;1097;11.2;22159400
Gif-sur-Yvette;2013;5;29;1972;10.7;39834400
Gif-sur-Yvette;2013;5;30;963;11.3;19452600
Gif-sur-Yvette;2013;5;31;971;12.5;19614200
Gif-sur-Yvette;2013;6;1;1947;14.8;39329400
Gif-sur-Yvette;2013;6;2;2543;13.3;51368600
Gif-sur-Yvette;2013;6;3;2396;11.8;48399200
Gif-sur-Yvette;2013;6;4;2963;13.1;59852600
Gif-sur-Yvette;2013;6;5;2594;17.2;52398800
Gif-sur-Yvette;2013;6;6;2562;20.2;51752400
Gif-sur-Yvette;2013;6;7;2937;22.1;59327400
Gif-sur-Yvette;2013;6;8;2243;18.8;45308600
Gif-sur-Yvette;2013;6;9;560;12.9;11312000
Gif-sur-Yvette;2013;6;10;1991;14.9;40218200
Gif-sur-Yvette;2013;6;11;1063;15.7;21472600
Gif-sur-Yvette;2013;6;12;1021;17.7;20624200
Gif-sur-Yvette;2013;6;13;849;14.7;17149800
Gif-sur-Yvette;2013;6;14;2404;14.9;48560800
Gif-sur-Yvette;2013;6;15;2120;15.2;42824000
Gif-sur-Yvette;2013;6;16;2584;17;52196800
Gif-sur-Yvette;2013;6;17;1407;18.8;28421400
Gif-sur-Yvette;2013;6;18;2245;22;45349000
Gif-sur-Yvette;2013;6;19;1476;19.3;29815200
Gif-sur-Yvette;2013;6;20;1543;17.8;31168600
Gif-sur-Yvette;2013;6;21;1471;15.9;29714200
Gif-sur-Yvette;2013;6;22;997;15.2;20139400
Gif-sur-Yvette;2013;6;23;1591;14;32138200
Gif-sur-Yvette;2013;6;24;1715;13;34643000
Gif-sur-Yvette;2013;6;25;2210;13.2;44642000
Gif-sur-Yvette;2013;6;26;2027;14.5;40945400
Gif-sur-Yvette;2013;6;27;2143;15.1;43288600
Gif-sur-Yvette;2013;6;28;840;14.3;16968000
Gif-sur-Yvette;2013;6;29;1807;15.8;36501400
Gif-sur-Yvette;2013;6;30;2560;17.6;51712000
Gif-sur-Yvette;2013;7;1;2257;18;45591400
Gif-sur-Yvette;2013;7;2;1695;19.4;34239000
Gif-sur-Yvette;2013;7;3;949;15.6;19169800
Gif-sur-Yvette;2013;7;4;1374;16.4;27754800
Gif-sur-Yvette;2013;7;5;2499;18.8;50479800
Gif-sur-Yvette;2013;7;6;2760;20.7;55752000
Gif-sur-Yvette;2013;7;7;2847;23.1;57509400
Gif-sur-Yvette;2013;7;8;2904;22.8;58660800
Gif-sur-Yvette;2013;7;9;2727;22.8;55085400
Gif-sur-Yvette;2013;7;10;2780;20.8;56156000
Gif-sur-Yvette;2013;7;11;2860;16.7;57772000
Gif-sur-Yvette;2013;7;12;2778;17.7;56115600
Gif-sur-Yvette;2013;7;13;2678;17.9;54095600
Gif-sur-Yvette;2013;7;14;2819;21;56943800
Gif-sur-Yvette;2013;7;15;2573;23.3;51974600
Gif-sur-Yvette;2013;7;16;2431;23;49106200
Gif-sur-Yvette;2013;7;17;2414;23;48762800
Gif-sur-Yvette;2013;7;18;2331;23.5;47086200
Gif-sur-Yvette;2013;7;19;2599;24.5;52499800
Gif-sur-Yvette;2013;7;20;2702;24.3;54580400
Gif-sur-Yvette;2013;7;21;2575;25.6;52015000
Gif-sur-Yvette;2013;7;22;2596;26.9;52439200
Gif-sur-Yvette;2013;7;23;1762;24.2;35592400
Gif-sur-Yvette;2013;7;24;2061;22.3;41632200
Gif-sur-Yvette;2013;7;25;2272;23.6;45894400
Gif-sur-Yvette;2013;7;26;2060;23.7;41612000
Gif-sur-Yvette;2013;7;27;1998;23.1;40359600
Gif-sur-Yvette;2013;7;28;2118;19.8;42783600
Gif-sur-Yvette;2013;7;29;2256;19.6;45571200
Gif-sur-Yvette;2013;7;30;1235;19.2;24947000
Gif-sur-Yvette;2013;7;31;1831;21.4;36986200
Gif-sur-Yvette;2013;8;1;2715;26.7;54843000
Gif-sur-Yvette;2013;8;2;2508;25.7;50661600
Gif-sur-Yvette;2013;8;3;2216;20.4;44763200
Gif-sur-Yvette;2013;8;4;2659;20.6;53711800
Gif-sur-Yvette;2013;8;5;2013;21.9;40662600
Gif-sur-Yvette;2013;8;6;1553;19.1;31370600
Gif-sur-Yvette;2013;8;7;861;17.6;17392200
Gif-sur-Yvette;2013;8;8;2393;17.8;48338600
Gif-sur-Yvette;2013;8;9;2016;18.6;40723200
Gif-sur-Yvette;2013;8;10;1948;16.3;39349600
Gif-sur-Yvette;2013;8;11;1922;17.4;38824400
Gif-sur-Yvette;2013;8;12;1960;17.5;39592000
Gif-sur-Yvette;2013;8;13;2036;15.4;41127200
Gif-sur-Yvette;2013;8;14;2261;16.7;45672200
Gif-sur-Yvette;2013;8;15;2436;20;49207200
Gif-sur-Yvette;2013;8;16;2169;21.1;43813800
Gif-sur-Yvette;2013;8;17;1767;20.4;35693400
Gif-sur-Yvette;2013;8;18;1061;19.9;21432200
Gif-sur-Yvette;2013;8;19;2048;17.3;41369600
Gif-sur-Yvette;2013;8;20;2409;17.2;48661800
Gif-sur-Yvette;2013;8;21;2309;19;46641800
Gif-sur-Yvette;2013;8;22;1806;21;36481200
Gif-sur-Yvette;2013;8;23;2178;22.3;43995600
Gif-sur-Yvette;2013;8;24;1217;18.1;24583400
Gif-sur-Yvette;2013;8;25;350;12.8;7070000
Gif-sur-Yvette;2013;8;26;1804;16.7;36440800
Gif-sur-Yvette;2013;8;27;1541;17.8;31128200
Gif-sur-Yvette;2013;8;28;1884;17.8;38056800
Gif-sur-Yvette;2013;8;29;1943;17.3;39248600
Gif-sur-Yvette;2013;8;30;2066;17.8;41733200
Gif-sur-Yvette;2013;8;31;1175;18.1;23735000
Gif-sur-Yvette;2013;9;1;1996;14.9;40319200
Gif-sur-Yvette;2013;9;2;2080;16.2;42016000
Gif-sur-Yvette;2013;9;3;2082;18.4;42056400
Gif-sur-Yvette;2013;9;4;2063;22.1;41672600
Gif-sur-Yvette;2013;9;5;2010;23.6;40602000
Gif-sur-Yvette;2013;9;6;1060;17.5;21412000
Gif-sur-Yvette;2013;9;7;1534;15.3;30986800
Gif-sur-Yvette;2013;9;8;1540;15.7;31108000
Gif-sur-Yvette;2013;9;9;411;13.5;8302200
Gif-sur-Yvette;2013;9;10;1022;13.2;20644400
Gif-sur-Yvette;2013;9;11;619;12.8;12503800
Gif-sur-Yvette;2013;9;12;644;13.5;13008800
Gif-sur-Yvette;2013;9;13;397;15.3;8019400
Gif-sur-Yvette;2013;9;14;326;13.8;6585200
Gif-sur-Yvette;2013;9;15;1337;13.8;27007400
Gif-sur-Yvette;2013;9;16;1109;11.9;22401800
Gif-sur-Yvette;2013;9;17;610;12.1;12322000
Gif-sur-Yvette;2013;9;18;1051;14.5;21230200
Gif-sur-Yvette;2013;9;19;996;12.9;20119200
Gif-sur-Yvette;2013;9;20;1268;14.9;25613600
Gif-sur-Yvette;2013;9;21;1498;15;30259600
Gif-sur-Yvette;2013;9;22;613;17.2;12382600
Gif-sur-Yvette;2013;9;23;1481;17.8;29916200
Gif-sur-Yvette;2013;9;24;1676;16.6;33855200
Gif-sur-Yvette;2013;9;25;1216;18.4;24563200
Gif-sur-Yvette;2013;9;26;1120;18;22624000
Gif-sur-Yvette;2013;9;27;1335;17.9;26967000
Gif-sur-Yvette;2013;9;28;827;17.8;16705400
Gif-sur-Yvette;2013;9;29;513;16.5;10362600
Gif-sur-Yvette;2013;9;30;426;15.9;8605200
Gif-sur-Yvette;2013;10;1;469;15.6;9473800
Gif-sur-Yvette;2013;10;2;750;15.5;15150000
Gif-sur-Yvette;2013;10;3;776;18.2;15675200
Gif-sur-Yvette;2013;10;4;736;17.6;14867200
Gif-sur-Yvette;2013;10;5;846;15.4;17089200
Gif-sur-Yvette;2013;10;6;687;14.6;13877400
Gif-sur-Yvette;2013;10;7;1034;14.6;20886800
Gif-sur-Yvette;2013;10;8;785;14.6;15857000
Gif-sur-Yvette;2013;10;9;510;13.9;10302000
Gif-sur-Yvette;2013;10;10;554;8.9;11190800
Gif-sur-Yvette;2013;10;11;327;8.5;6605400
Gif-sur-Yvette;2013;10;12;721;8.2;14564200
Gif-sur-Yvette;2013;10;13;1054;8.4;21290800
Gif-sur-Yvette;2013;10;14;518;10.8;10463600
Gif-sur-Yvette;2013;10;15;473;11;9554600
Gif-sur-Yvette;2013;10;16;208;10.6;4201600
Gif-sur-Yvette;2013;10;17;817;13.3;16503400
Gif-sur-Yvette;2013;10;18;556;11.1;11231200
Gif-sur-Yvette;2013;10;19;587;14.6;11857400
Gif-sur-Yvette;2013;10;20;517;14.7;10443400
Gif-sur-Yvette;2013;10;21;828;15.8;16725600
Gif-sur-Yvette;2013;10;22;558;17;11271600
Gif-sur-Yvette;2013;10;23;861;16.1;17392200
Gif-sur-Yvette;2013;10;24;486;13.4;9817200
Gif-sur-Yvette;2013;10;25;303;15.7;6120600
Gif-sur-Yvette;2013;10;26;546;16.2;11029200
Gif-sur-Yvette;2013;10;27;665;14.2;13433000
Gif-sur-Yvette;2013;10;28;766;13.5;15473200
Gif-sur-Yvette;2013;10;29;888;9.3;17937600
Gif-sur-Yvette;2013;10;30;928;8.6;18745600
Gif-sur-Yvette;2013;10;31;828;9.4;16725600
Gif-sur-Yvette;2013;11;1;119;8.8;2403800
Gif-sur-Yvette;2013;11;2;421;13;8504200
Gif-sur-Yvette;2013;11;3;750;9.5;15150000
Gif-sur-Yvette;2013;11;4;389;9.3;7857800
Gif-sur-Yvette;2013;11;5;163;8.1;3292600
Gif-sur-Yvette;2013;11;6;410;13.4;8282000
Gif-sur-Yvette;2013;11;7;410;13.7;8282000
Gif-sur-Yvette;2013;11;8;227;10.9;4585400
Gif-sur-Yvette;2013;11;9;296;7.5;5979200
Gif-sur-Yvette;2013;11;10;582;6.7;11756400
Gif-sur-Yvette;2013;11;11;569;6;11493800
Gif-sur-Yvette;2013;11;12;195;8.2;3939000
Gif-sur-Yvette;2013;11;13;687;6.9;13877400
Gif-sur-Yvette;2013;11;14;286;5.5;5777200
Gif-sur-Yvette;2013;11;15;369;6.5;7453800
Gif-sur-Yvette;2013;11;16;264;2.8;5332800
Gif-sur-Yvette;2013;11;17;121;4.1;2444200
Gif-sur-Yvette;2013;11;18;126;3.8;2545200
Gif-sur-Yvette;2013;11;19;269;4.2;5433800
Gif-sur-Yvette;2013;11;20;377;2.2;7615400
Gif-sur-Yvette;2013;11;21;186;2.5;3757200
Gif-sur-Yvette;2013;11;22;214;3.3;4322800
Gif-sur-Yvette;2013;11;23;168;4.8;3393600
Gif-sur-Yvette;2013;11;24;255;4.7;5151000
Gif-sur-Yvette;2013;11;25;287;5.1;5797400
Gif-sur-Yvette;2013;11;26;242;4.8;4888400
Gif-sur-Yvette;2013;11;27;291;4.5;5878200
Gif-sur-Yvette;2013;11;28;210;3.3;4242000
Gif-sur-Yvette;2013;11;29;228;6.9;4605600
Gif-sur-Yvette;2013;11;30;220;5.7;4444000
Gif-sur-Yvette;2013;12;1;340;5.7;6868000
Gif-sur-Yvette;2013;12;2;319;5.4;6443800
Gif-sur-Yvette;2013;12;3;455;2.2;9191000
Gif-sur-Yvette;2013;12;4;182;4.6;3676400
Gif-sur-Yvette;2013;12;5;518;6.3;10463600
Gif-sur-Yvette;2013;12;6;385;5.5;7777000
Gif-sur-Yvette;2013;12;7;316;5.4;6383200
Gif-sur-Yvette;2013;12;8;441;5.5;8908200
Gif-sur-Yvette;2013;12;9;448;2.5;9049600
Gif-sur-Yvette;2013;12;10;471;1.9;9514200
Gif-sur-Yvette;2013;12;11;472;1;9534400
Gif-sur-Yvette;2013;12;12;385;0.6;7777000
Gif-sur-Yvette;2013;12;13;343;1.9;6928600
Gif-sur-Yvette;2013;12;14;448;5.4;9049600
Gif-sur-Yvette;2013;12;15;479;6.4;9675800
Gif-sur-Yvette;2013;12;16;430;6.5;8686000
Gif-sur-Yvette;2013;12;17;358;6.8;7231600
Gif-sur-Yvette;2013;12;18;157;8.2;3171400
Gif-sur-Yvette;2013;12;19;279;7.3;5635800
Gif-sur-Yvette;2013;12;20;431;4.9;8706200
Gif-sur-Yvette;2013;12;21;252;4.8;5090400
Gif-sur-Yvette;2013;12;22;109;7.9;2201800
Gif-sur-Yvette;2013;12;23;149;9.1;3009800
Gif-sur-Yvette;2013;12;24;53;9.5;1070600
Gif-sur-Yvette;2013;12;25;274;6.8;5534800
Gif-sur-Yvette;2013;12;26;372;5.3;7514400
Gif-sur-Yvette;2013;12;27;108;9.2;2181600
Gif-sur-Yvette;2013;12;28;220;7;4444000
Gif-sur-Yvette;2013;12;29;481;5.1;9716200
Gif-sur-Yvette;2013;12;30;177;4.4;3575400
Gif-sur-Yvette;2013;12;31;262;6.4;5292400
Gif-sur-Yvette;2014;1;1;132;8;2666400
Gif-sur-Yvette;2014;1;2;364;9.1;7352800
Gif-sur-Yvette;2014;1;3;361;10.1;7292200
Gif-sur-Yvette;2014;1;4;320;8.3;6464000
Gif-sur-Yvette;2014;1;5;374;6.2;7554800
Gif-sur-Yvette;2014;1;6;203;11.1;4100600
Gif-sur-Yvette;2014;1;7;232;10.3;4686400
Gif-sur-Yvette;2014;1;8;411;10.5;8302200
Gif-sur-Yvette;2014;1;9;99;9.3;1999800
Gif-sur-Yvette;2014;1;10;183;5.2;3696600
Gif-sur-Yvette;2014;1;11;349;5.1;7049800
Gif-sur-Yvette;2014;1;12;135;4;2727000
Gif-sur-Yvette;2014;1;13;343;7.2;6928600
Gif-sur-Yvette;2014;1;14;462;5;9332400
Gif-sur-Yvette;2014;1;15;72;5.6;1454400
Gif-sur-Yvette;2014;1;16;198;7.7;3999600
Gif-sur-Yvette;2014;1;17;571;7.1;11534200
Gif-sur-Yvette;2014;1;18;432;6.5;8726400
Gif-sur-Yvette;2014;1;19;481;6.3;9716200
Gif-sur-Yvette;2014;1;20;279;4.8;5635800
Gif-sur-Yvette;2014;1;21;105;2;2121000
Gif-sur-Yvette;2014;1;22;203;2.4;4100600
Gif-sur-Yvette;2014;1;23;326;5.6;6585200
Gif-sur-Yvette;2014;1;24;287;4.8;5797400
Gif-sur-Yvette;2014;1;25;231;5.1;4666200
Gif-sur-Yvette;2014;1;26;122;6.2;2464400
Gif-sur-Yvette;2014;1;27;335;4;6767000
Gif-sur-Yvette;2014;1;28;190;4.2;3838000
Gif-sur-Yvette;2014;1;29;147;3.8;2969400
Gif-sur-Yvette;2014;1;30;200;4.6;4040000
Gif-sur-Yvette;2014;1;31;514;4.1;10382800
Gif-sur-Yvette;2014;2;1;458;6.4;9251600
Gif-sur-Yvette;2014;2;2;761;4.4;15372200
Gif-sur-Yvette;2014;2;3;806;4.4;16281200
Gif-sur-Yvette;2014;2;4;431;6;8706200
Gif-sur-Yvette;2014;2;5;430;6.9;8686000
Gif-sur-Yvette;2014;2;6;196;7.4;3959200
Gif-sur-Yvette;2014;2;7;642;8.9;12968400
Gif-sur-Yvette;2014;2;8;363;6.9;7332600
Gif-sur-Yvette;2014;2;9;635;5.5;12827000
Gif-sur-Yvette;2014;2;10;669;5.6;13513800
Gif-sur-Yvette;2014;2;11;324;4.6;6544800
Gif-sur-Yvette;2014;2;12;641;5.2;12948200
Gif-sur-Yvette;2014;2;13;337;5.7;6807400
Gif-sur-Yvette;2014;2;14;237;7.3;4787400
Gif-sur-Yvette;2014;2;15;471;8.7;9514200
Gif-sur-Yvette;2014;2;16;965;6.8;19493000
Gif-sur-Yvette;2014;2;17;714;6.6;14422800
Gif-sur-Yvette;2014;2;18;378;6.2;7635600
Gif-sur-Yvette;2014;2;19;441;8.1;8908200
Gif-sur-Yvette;2014;2;20;161;8.9;3252200
Gif-sur-Yvette;2014;2;21;1074;6.7;21694800
Gif-sur-Yvette;2014;2;22;565;5.9;11413000
Gif-sur-Yvette;2014;2;23;1011;7.7;20422200
Gif-sur-Yvette;2014;2;24;1045;9.2;21109000
Gif-sur-Yvette;2014;2;25;509;8.8;10281800
Gif-sur-Yvette;2014;2;26;670;6.4;13534000
Gif-sur-Yvette;2014;2;27;395;5.5;7979000
Gif-sur-Yvette;2014;2;28;521;5.5;10524200
Gif-sur-Yvette;2014;3;1;601;5;12140200
Gif-sur-Yvette;2014;3;2;1154;5.4;23310800
Gif-sur-Yvette;2014;3;3;577;5.5;11655400
Gif-sur-Yvette;2014;3;4;844;6.5;17048800
Gif-sur-Yvette;2014;3;5;1328;7;26825600
Gif-sur-Yvette;2014;3;6;1410;8.1;28482000
Gif-sur-Yvette;2014;3;7;1272;8.7;25694400
Gif-sur-Yvette;2014;3;8;1521;11;30724200
Gif-sur-Yvette;2014;3;9;1572;13;31754400
Gif-sur-Yvette;2014;3;10;1547;12.3;31249400
Gif-sur-Yvette;2014;3;11;1447;10.3;29229400
Gif-sur-Yvette;2014;3;12;1545;10.9;31209000
Gif-sur-Yvette;2014;3;13;1438;11.7;29047600
Gif-sur-Yvette;2014;3;14;1429;11.3;28865800
Gif-sur-Yvette;2014;3;15;1000;9.8;20200000
Gif-sur-Yvette;2014;3;16;1675;11.3;33835000
Gif-sur-Yvette;2014;3;17;859;7.5;17351800
Gif-sur-Yvette;2014;3;18;988;9.2;19957600
Gif-sur-Yvette;2014;3;19;1464;10.6;29572800
Gif-sur-Yvette;2014;3;20;1790;12.9;36158000
Gif-sur-Yvette;2014;3;21;1136;9.8;22947200
Gif-sur-Yvette;2014;3;22;1224;8.1;24724800
Gif-sur-Yvette;2014;3;23;1060;4.8;21412000
Gif-sur-Yvette;2014;3;24;1481;5.8;29916200
Gif-sur-Yvette;2014;3;25;431;5.3;8706200
Gif-sur-Yvette;2014;3;26;1290;5.3;26058000
Gif-sur-Yvette;2014;3;27;1392;6.4;28118400
Gif-sur-Yvette;2014;3;28;1819;9.9;36743800
Gif-sur-Yvette;2014;3;29;1584;13.3;31996800
Gif-sur-Yvette;2014;3;30;1002;13.3;20240400
Gif-sur-Yvette;2014;3;31;1229;12.9;24825800
Gif-sur-Yvette;2014;4;1;1736;14.7;35067200
Gif-sur-Yvette;2014;4;2;1334;14.9;26946800
Gif-sur-Yvette;2014;4;3;814;14.5;16442800
Gif-sur-Yvette;2014;4;4;467;11.2;9433400
Gif-sur-Yvette;2014;4;5;1889;12.8;38157800
Gif-sur-Yvette;2014;4;6;709;14.3;14321800
Gif-sur-Yvette;2014;4;7;1523;15.5;30764600
Gif-sur-Yvette;2014;4;8;1424;9.4;28764800
Gif-sur-Yvette;2014;4;9;2045;9.4;41309000
Gif-sur-Yvette;2014;4;10;2138;11.9;43187600
Gif-sur-Yvette;2014;4;11;1934;11.4;39066800
Gif-sur-Yvette;2014;4;12;2010;11.4;40602000
Gif-sur-Yvette;2014;4;13;971;10.3;19614200
Gif-sur-Yvette;2014;4;14;2239;10.2;45227800
Gif-sur-Yvette;2014;4;15;2330;8.7;47066000
Gif-sur-Yvette;2014;4;16;2341;10;47288200
Gif-sur-Yvette;2014;4;17;2378;12.8;48035600
Gif-sur-Yvette;2014;4;18;1605;10.5;32421000
Gif-sur-Yvette;2014;4;19;1427;8.5;28825400
Gif-sur-Yvette;2014;4;20;1767;11.8;35693400
Gif-sur-Yvette;2014;4;21;1102;11.8;22260400
Gif-sur-Yvette;2014;4;22;1688;12.7;34097600
Gif-sur-Yvette;2014;4;23;1870;13.5;37774000
Gif-sur-Yvette;2014;4;24;1566;14.5;31633200
Gif-sur-Yvette;2014;4;25;653;12.5;13190600
Gif-sur-Yvette;2014;4;26;622;9.3;12564400
Gif-sur-Yvette;2014;4;27;1313;9.5;26522600
Gif-sur-Yvette;2014;4;28;1108;10.7;22381600
Gif-sur-Yvette;2014;4;29;1004;9.5;20280800
Gif-sur-Yvette;2014;4;30;1299;12.4;26239800
Gif-sur-Yvette;2014;5;1;975;11.6;19695000
Gif-sur-Yvette;2014;5;2;948;11;19149600
Gif-sur-Yvette;2014;5;3;2559;9.2;51691800
Gif-sur-Yvette;2014;5;4;2553;10.7;51570600
Gif-sur-Yvette;2014;5;5;2629;14.6;53105800
Gif-sur-Yvette;2014;5;6;1657;15.1;33471400
Gif-sur-Yvette;2014;5;7;1429;12.7;28865800
Gif-sur-Yvette;2014;5;8;863;12.1;17432600
Gif-sur-Yvette;2014;5;9;1901;14.8;38400200
Gif-sur-Yvette;2014;5;10;739;12.7;14927800
Gif-sur-Yvette;2014;5;11;1964;10.6;39672800
Gif-sur-Yvette;2014;5;12;1591;9.7;32138200
Gif-sur-Yvette;2014;5;13;1941;9.3;39208200
Gif-sur-Yvette;2014;5;14;2546;11.3;51429200
Gif-sur-Yvette;2014;5;15;2894;11.2;58458800
Gif-sur-Yvette;2014;5;16;2841;12.9;57388200
Gif-sur-Yvette;2014;5;17;2805;14.9;56661000
Gif-sur-Yvette;2014;5;18;2579;17.5;52095800
Gif-sur-Yvette;2014;5;19;2817;19;56903400
Gif-sur-Yvette;2014;5;20;772;14.7;15594400
Gif-sur-Yvette;2014;5;21;672;14.1;13574400
Gif-sur-Yvette;2014;5;22;1626;13.6;32845200
Gif-sur-Yvette;2014;5;23;1625;12.9;32825000
Gif-sur-Yvette;2014;5;24;1491;11.6;30118200
Gif-sur-Yvette;2014;5;25;1742;14;35188400
Gif-sur-Yvette;2014;5;26;970;13.6;19594000
Gif-sur-Yvette;2014;5;27;944;12.9;19068800
Gif-sur-Yvette;2014;5;28;932;12.1;18826400
Gif-sur-Yvette;2014;5;29;1726;14.1;34865200
Gif-sur-Yvette;2014;5;30;1719;15.8;34723800
Gif-sur-Yvette;2014;5;31;2913;14.9;58842600
Gif-sur-Yvette;2014;6;1;1442;13.1;29128400
Gif-sur-Yvette;2014;6;2;1903;15;38440600
Gif-sur-Yvette;2014;6;3;1515;15.9;30603000
Gif-sur-Yvette;2014;6;4;990;12.7;19998000
Gif-sur-Yvette;2014;6;5;2828;13.4;57125600
Gif-sur-Yvette;2014;6;6;2904;20.1;58660800
Gif-sur-Yvette;2014;6;7;2195;21.8;44339000
Gif-sur-Yvette;2014;6;8;2215;21;44743000
Gif-sur-Yvette;2014;6;9;1586;20.6;32037200
Gif-sur-Yvette;2014;6;10;812;17.4;16402400
Gif-sur-Yvette;2014;6;11;2792;19.4;56398400
Gif-sur-Yvette;2014;6;12;2945;18.9;59489000
Gif-sur-Yvette;2014;6;13;2947;18.7;59529400
Gif-sur-Yvette;2014;6;14;2292;16.9;46298400
Gif-sur-Yvette;2014;6;15;2606;15.3;52641200
Gif-sur-Yvette;2014;6;16;2729;15.3;55125800
Gif-sur-Yvette;2014;6;17;1678;15;33895600
Gif-sur-Yvette;2014;6;18;2652;16.6;53570400
Gif-sur-Yvette;2014;6;19;2464;15.9;49772800
Gif-sur-Yvette;2014;6;20;2663;15.9;53792600
Gif-sur-Yvette;2014;6;21;3056;17.6;61731200
Gif-sur-Yvette;2014;6;22;2985;19.5;60297000
Gif-sur-Yvette;2014;6;23;2384;18.6;48156800
Gif-sur-Yvette;2014;6;24;2871;19;57994200
Gif-sur-Yvette;2014;6;25;2151;16.8;43450200
Gif-sur-Yvette;2014;6;26;2626;17.5;53045200
Gif-sur-Yvette;2014;6;27;2065;17.7;41713000
Gif-sur-Yvette;2014;6;28;787;14.8;15897400
Gif-sur-Yvette;2014;6;29;1612;14.1;32562400
Gif-sur-Yvette;2014;6;30;2030;15.8;41006000
Gif-sur-Yvette;2014;7;1;1939;18;39167800
Gif-sur-Yvette;2014;7;2;2994;18.9;60478800
Gif-sur-Yvette;2014;7;3;2979;22;60175800
Gif-sur-Yvette;2014;7;4;1134;20.7;22906800
Gif-sur-Yvette;2014;7;5;955;19;19291000
Gif-sur-Yvette;2014;7;6;821;16.4;16584200
Gif-sur-Yvette;2014;7;7;1591;15.5;32138200
Gif-sur-Yvette;2014;7;8;1541;14.7;31128200
Gif-sur-Yvette;2014;7;9;744;13.8;15028800
Gif-sur-Yvette;2014;7;10;344;13.9;6948800
Gif-sur-Yvette;2014;7;11;1334;16.1;26946800
Gif-sur-Yvette;2014;7;12;1615;18;32623000
Gif-sur-Yvette;2014;7;13;875;16.8;17675000
Gif-sur-Yvette;2014;7;14;2147;17;43369400
Gif-sur-Yvette;2014;7;15;1677;19.4;33875400
Gif-sur-Yvette;2014;7;16;2755;22.8;55651000
Gif-sur-Yvette;2014;7;17;2757;24.9;55691400
Gif-sur-Yvette;2014;7;18;2573;27.2;51974600
Gif-sur-Yvette;2014;7;19;1689;24.1;34117800
Gif-sur-Yvette;2014;7;20;1361;19.4;27492200
Gif-sur-Yvette;2014;7;21;1463;19.6;29552600
Gif-sur-Yvette;2014;7;22;891;18.9;17998200
Gif-sur-Yvette;2014;7;23;2101;21.6;42440200
Gif-sur-Yvette;2014;7;24;2550;23.5;51510000
Gif-sur-Yvette;2014;7;25;2488;21.7;50257600
Gif-sur-Yvette;2014;7;26;2034;20;41086800
Gif-sur-Yvette;2014;7;27;2448;21.4;49449600
Gif-sur-Yvette;2014;7;28;1889;18.8;38157800
Gif-sur-Yvette;2014;7;29;662;17.6;13372400
Gif-sur-Yvette;2014;7;30;1956;19.6;39511200
Gif-sur-Yvette;2014;7;31;2477;19.4;50035400
Gif-sur-Yvette;2014;8;1;2100;21.3;42420000
Gif-sur-Yvette;2014;8;2;1798;18.7;36319600
Gif-sur-Yvette;2014;8;3;1954;18.3;39470800
Gif-sur-Yvette;2014;8;4;1731;17.8;34966200
Gif-sur-Yvette;2014;8;5;2393;20.1;48338600
Gif-sur-Yvette;2014;8;6;670;17.9;13534000
Gif-sur-Yvette;2014;8;7;1574;19.6;31794800
Gif-sur-Yvette;2014;8;8;801;18.8;16180200
Gif-sur-Yvette;2014;8;9;1586;17.7;32037200
Gif-sur-Yvette;2014;8;10;1201;18.4;24260200
Gif-sur-Yvette;2014;8;11;1725;15.9;34845000
Gif-sur-Yvette;2014;8;12;1674;15.4;33814800
Gif-sur-Yvette;2014;8;13;1290;15.4;26058000
Gif-sur-Yvette;2014;8;14;1712;14.9;34582400
Gif-sur-Yvette;2014;8;15;1788;15.1;36117600
Gif-sur-Yvette;2014;8;16;2240;16.4;45248000
Gif-sur-Yvette;2014;8;17;1311;15.7;26482200
Gif-sur-Yvette;2014;8;18;1650;15.4;33330000
Gif-sur-Yvette;2014;8;19;1779;13.9;35935800
Gif-sur-Yvette;2014;8;20;1914;13.3;38662800
Gif-sur-Yvette;2014;8;21;1861;14;37592200
Gif-sur-Yvette;2014;8;22;1765;15.1;35653000
Gif-sur-Yvette;2014;8;23;1819;14.5;36743800
Gif-sur-Yvette;2014;8;24;1644;14.7;33208800
Gif-sur-Yvette;2014;8;25;534;14.9;10786800
Gif-sur-Yvette;2014;8;26;1241;16.7;25068200
Gif-sur-Yvette;2014;8;27;953;17.3;19250600
Gif-sur-Yvette;2014;8;28;1032;18.1;20846400
Gif-sur-Yvette;2014;8;29;1778;17.5;35915600
Gif-sur-Yvette;2014;8;30;1329;16.5;26845800
Gif-sur-Yvette;2014;8;31;1687;15.6;34077400
