Abs_int_PAR	Elapsed_time	Inc_PAR	Num_plante	Num_talle	Sum_PAR	Temp_cum
16457.0743205	141.0	30098000	1	(1, 2)	1373518.22165	698.3
193.211960262	141.0	30098000	1	(1, 2, 1)	72245.739279	698.3
174.512956878	141.0	30098000	1	(1, 4)	35292.3312227	698.3
37359.3313576	141.0	30098000	1	(1,)	1641494.11127	698.3
14251.7588541	141.0	30098000	2	(1, 2)	1246043.96795	698.3
187.122923686	141.0	30098000	2	(1, 2, 1)	76341.2315706	698.3
7126.91327764	141.0	30098000	2	(1, 3)	850819.203769	698.3
114.426467633	141.0	30098000	2	(1, 4)	25119.0557978	698.3
30061.4175139	141.0	30098000	2	(1,)	1357031.8227	698.3
8667.71310803	141.0	30098000	3	(1, 2)	1067980.47908	698.3
10.5651506089	141.0	30098000	3	(1, 2, 1)	7922.83314684	698.3
2042.34649706	141.0	30098000	3	(1, 3)	314542.476893	698.3
26.9453098729	141.0	30098000	3	(1, 4)	16258.8652019	698.3
28318.8738869	141.0	30098000	3	(1,)	1304140.72356	698.3
16912.9853735	141.0	30098000	4	(1, 2)	1411568.8573	698.3
228.823994482	141.0	30098000	4	(1, 4)	46275.8316027	698.3
39171.2972626	141.0	30098000	4	(1,)	1721108.25999	698.3
3449.83532282	142.0	6140800	1	(1, 2)	459735.665752	705.2
46.0393350068	142.0	6140800	1	(1, 2, 1)	16544.4146243	705.2
40.3676952966	142.0	6140800	1	(1, 4)	12702.8266052	705.2
7718.73288717	142.0	6140800	1	(1,)	549004.88515	705.2
2978.50009932	142.0	6140800	2	(1, 2)	415625.118469	705.2
45.980363578	142.0	6140800	2	(1, 2, 1)	29049.0237426	705.2
1498.97589709	142.0	6140800	2	(1, 3)	285781.174007	705.2
25.8758937798	142.0	6140800	2	(1, 4)	8798.27321188	705.2
6190.40213344	142.0	6140800	2	(1,)	452434.118568	705.2
1840.47754388	142.0	6140800	3	(1, 2)	360245.257504	705.2
1.91989671667	142.0	6140800	3	(1, 2, 1)	2217.69470065	705.2
440.729843533	142.0	6140800	3	(1, 3)	106882.992643	705.2
5.57337554572	142.0	6140800	3	(1, 4)	5343.32303487	705.2
5948.14563167	142.0	6140800	3	(1,)	444074.13054	705.2
3558.62071816	142.0	6140800	4	(1, 2)	474232.742124	705.2
55.5372810789	142.0	6140800	4	(1, 4)	17476.3618901	705.2
8084.60815786	142.0	6140800	4	(1,)	575028.238193	705.2
6617.84156375	143.0	12524000	1	(1, 2)	642896.544847	713.7
173.50601609	143.0	12524000	1	(1, 2, 1)	44444.1150798	713.7
180.080209365	143.0	12524000	1	(1, 4)	41552.2237211	713.7
14949.7435921	143.0	12524000	1	(1,)	799078.97763	713.7
6221.54253641	143.0	12524000	2	(1, 2)	675846.543763	713.7
109.186605777	143.0	12524000	2	(1, 2, 1)	32138.9057058	713.7
3144.47985839	143.0	12524000	2	(1, 3)	466841.743398	713.7
61.698775003	143.0	12524000	2	(1, 4)	15812.2659172	713.7
12782.2700517	143.0	12524000	2	(1,)	739752.915458	713.7
5784.77372976	143.0	12524000	3	(1, 2)	910404.537019	713.7
13.793545355	143.0	12524000	3	(1, 2, 1)	11938.501102	713.7
2021.48913361	143.0	12524000	3	(1, 3)	384520.718183	713.7
18.7859356077	143.0	12524000	3	(1, 4)	13961.2329706	713.7
16453.8725383	143.0	12524000	3	(1,)	993298.2058	713.7
6364.53481379	143.0	12524000	4	(1, 2)	618288.818481	713.7
223.599112577	143.0	12524000	4	(1, 4)	51593.9001982	713.7
15894.116708	143.0	12524000	4	(1,)	849556.679763	713.7
4393.56598291	144.0	7918400	1	(1, 2)	544405.826295	720.0
153.487263763	144.0	7918400	1	(1, 2, 1)	49254.6474988	720.0
168.179343686	144.0	7918400	1	(1, 4)	49254.7258604	720.0
9625.20737136	144.0	7918400	1	(1,)	665102.49308	720.0
3967.99337364	144.0	7918400	2	(1, 2)	564078.205149	720.0
79.8472582811	144.0	7918400	2	(1, 2, 1)	29503.411685	720.0
2012.84896649	144.0	7918400	2	(1, 3)	391047.892711	720.0
44.0948335067	144.0	7918400	2	(1, 4)	14479.7123768	720.0
8091.2065149	144.0	7918400	2	(1,)	620316.285447	720.0
3655.76586133	144.0	7918400	3	(1, 2)	769978.209217	720.0
14.3551054809	144.0	7918400	3	(1, 2, 1)	13412.0186931	720.0
1271.63581078	144.0	7918400	3	(1, 3)	312435.108077	720.0
17.2600737882	144.0	7918400	3	(1, 4)	13047.1368007	720.0
10398.4805168	144.0	7918400	3	(1,)	844171.41215	720.0
4185.13600923	144.0	7918400	4	(1, 2)	518579.312596	720.0
208.144647109	144.0	7918400	4	(1, 4)	60959.3741301	720.0
10179.4711101	144.0	7918400	4	(1,)	703402.155643	720.0
18257.6596174	145.0	31027200	1	(1, 2)	2009524.19921	726.7
821.978250862	145.0	31027200	1	(1, 2, 1)	230508.155409	726.7
928.368722836	145.0	31027200	1	(1, 4)	240501.655028	726.7
38783.7997462	145.0	31027200	1	(1,)	2412060.02684	726.7
13920.1399228	145.0	31027200	2	(1, 2)	1738237.13336	726.7
490.071708911	145.0	31027200	2	(1, 2, 1)	156192.570641	726.7
7598.22333489	145.0	31027200	2	(1, 3)	1616394.04076	726.7
267.939759021	145.0	31027200	2	(1, 4)	77167.8745585	726.7
29773.1708431	145.0	31027200	2	(1,)	2040714.00319	726.7
14357.3197322	145.0	31027200	3	(1, 2)	2814993.6391	726.7
66.7911333218	145.0	31027200	3	(1, 2, 1)	54702.447331	726.7
4957.619018	145.0	31027200	3	(1, 3)	1109571.68062	726.7
75.71417349	145.0	31027200	3	(1, 4)	30377.6398936	726.7
40762.1198594	145.0	31027200	3	(1,)	3099045.93286	726.7
17103.9675276	145.0	31027200	4	(1, 2)	1882543.40202	726.7
1157.64010225	145.0	31027200	4	(1, 4)	299896.316701	726.7
40551.3293724	145.0	31027200	4	(1,)	2521987.04753	726.7
23032.9019319	146.0	36703400	1	(1, 2)	2024511.38286	734.6
1282.64637683	146.0	36703400	1	(1, 2, 1)	281602.49438	734.6
1482.16602632	146.0	36703400	1	(1, 4)	304365.966924	734.6
47310.9367036	146.0	36703400	1	(1,)	2374774.79425	734.6
17537.1271395	146.0	36703400	2	(1, 2)	1729652.57068	734.6
837.533498895	146.0	36703400	2	(1, 2, 1)	206890.752345	734.6
8148.79533549	146.0	36703400	2	(1, 3)	1525206.60429	734.6
521.413017316	146.0	36703400	2	(1, 4)	118232.381442	734.6
35949.8804815	146.0	36703400	2	(1,)	1979878.52928	734.6
17062.1551434	146.0	36703400	3	(1, 2)	2798714.70037	734.6
90.9469893633	146.0	36703400	3	(1, 2, 1)	58385.5488375	734.6
5828.06941254	146.0	36703400	3	(1, 3)	1065628.98944	734.6
104.617888486	146.0	36703400	3	(1, 4)	33188.3316152	734.6
48264.9704361	146.0	36703400	3	(1,)	3095092.73331	734.6
21268.8758292	146.0	36703400	4	(1, 2)	1869459.66878	734.6
1853.43176483	146.0	36703400	4	(1, 4)	380606.181234	734.6
48995.6518097	146.0	36703400	4	(1,)	2459339.15184	734.6
24508.5645525	147.0	36804400	1	(1, 2)	1677051.17578	744.3
1566.17551917	147.0	36804400	1	(1, 2, 1)	255886.930487	744.3
1692.38717183	147.0	36804400	1	(1, 4)	262022.970873	744.3
48771.005466	147.0	36804400	1	(1,)	1918639.78522	744.3
18958.6329422	147.0	36804400	2	(1, 2)	1403176.11868	744.3
1230.08051205	147.0	36804400	2	(1, 2, 1)	223807.769088	744.3
9106.3863152	147.0	36804400	2	(1, 3)	1260998.2437	744.3
883.920339824	147.0	36804400	2	(1, 4)	150037.405469	744.3
37470.3535871	147.0	36804400	2	(1,)	1577991.20704	744.3
17225.6475467	147.0	36804400	3	(1, 2)	1805284.59884	744.3
116.830024334	147.0	36804400	3	(1, 2, 1)	55738.4606438	744.3
5804.18240146	147.0	36804400	3	(1, 3)	825576.115745	744.3
135.448579257	147.0	36804400	3	(1, 4)	32309.4646524	744.3
48573.3106392	147.0	36804400	3	(1,)	2517259.60087	744.3
22467.0082761	147.0	36804400	4	(1, 2)	1537353.30215	744.3
1938.60885156	147.0	36804400	4	(1, 4)	300144.115425	744.3
50463.7962418	147.0	36804400	4	(1,)	1985233.77276	744.3
32108.0886826	148.0	35269200	1	(1, 2)	1936987.87565	755.2
7570.22705353	148.0	35269200	1	(1, 2, 1)	1036623.03351	755.2
4380.17998779	148.0	35269200	1	(1, 4)	574672.90983	755.2
55548.5301589	148.0	35269200	1	(1,)	2270131.10757	755.2
17481.418102	148.0	35269200	2	(1, 2)	1080177.42328	755.2
1655.96982782	148.0	35269200	2	(1, 2, 1)	242109.67652	755.2
8838.89514892	148.0	35269200	2	(1, 3)	1006148.56339	755.2
1150.70687738	148.0	35269200	2	(1, 4)	159338.65029	755.2
34854.4565432	148.0	35269200	2	(1,)	1232308.13003	755.2
16736.2274555	148.0	35269200	3	(1, 2)	1477555.63213	755.2
136.919767649	148.0	35269200	3	(1, 2, 1)	32114.7761177	755.2
5545.53118378	148.0	35269200	3	(1, 3)	666806.529791	755.2
176.87105449	148.0	35269200	3	(1, 4)	34564.5329458	755.2
42138.3362503	148.0	35269200	3	(1,)	1948933.70249	755.2
34278.8129433	148.0	35269200	4	(1, 2)	2067941.37512	755.2
8069.34822992	148.0	35269200	4	(1, 4)	1058686.13633	755.2
60109.8258022	148.0	35269200	4	(1,)	2456539.98466	755.2
29848.1152008	149.0	35451000	1	(1, 2)	1619149.26214	767.2
7158.46300207	149.0	35451000	1	(1, 2, 1)	817577.538084	767.2
4279.04684588	149.0	35451000	1	(1, 4)	473696.200025	767.2
52628.8961698	149.0	35451000	1	(1,)	1940438.8635	767.2
25507.5112904	149.0	35451000	2	(1, 2)	1395690.77955	767.2
5131.5964584	149.0	35451000	2	(1, 2, 1)	630419.975595	767.2
14335.1384917	149.0	35451000	2	(1, 3)	1423783.4844	767.2
10283.05423	149.0	35451000	2	(1, 4)	1211863.84682	767.2
46780.5322722	149.0	35451000	2	(1,)	1734831.37311	767.2
17763.1185047	149.0	35451000	3	(1, 2)	1343004.76325	767.2
165.449651463	149.0	35451000	3	(1, 2, 1)	31033.297541	767.2
5566.77165127	149.0	35451000	3	(1, 3)	574773.684279	767.2
210.134295906	149.0	35451000	3	(1, 4)	34302.3527962	767.2
43931.6385829	149.0	35451000	3	(1,)	1782081.71029	767.2
35251.6885641	149.0	35451000	4	(1, 2)	1912273.02441	767.2
8437.87874981	149.0	35451000	4	(1, 4)	934084.445444	767.2
61097.5325905	149.0	35451000	4	(1,)	2252679.33267	767.2
26847.3119624	150.0	31390800	1	(1, 2)	1346599.78984	780.0
6638.70856835	150.0	31390800	1	(1, 2, 1)	658892.494395	780.0
3816.98068795	150.0	31390800	1	(1, 4)	371026.029023	780.0
46920.9326668	150.0	31390800	1	(1,)	1607035.03176	780.0
23164.3276753	150.0	31390800	2	(1, 2)	1175149.7118	780.0
4929.09170162	150.0	31390800	2	(1, 2, 1)	519570.614561	780.0
13136.6863725	150.0	31390800	2	(1, 3)	1198750.98337	780.0
9469.93701325	150.0	31390800	2	(1, 4)	969321.048713	780.0
41652.0959435	150.0	31390800	2	(1,)	1437360.83712	780.0
15258.5943484	150.0	31390800	3	(1, 2)	945515.279166	780.0
312.063691209	150.0	31390800	3	(1, 2, 1)	47152.3786367	780.0
5417.10370582	150.0	31390800	3	(1, 3)	568427.934836	780.0
389.150959098	150.0	31390800	3	(1, 4)	52974.0495199	780.0
37395.6720584	150.0	31390800	3	(1,)	1287891.34628	780.0
31631.0518186	150.0	31390800	4	(1, 2)	1586541.24447	780.0
7580.09703439	150.0	31390800	4	(1, 4)	736816.225231	780.0
54633.8700953	150.0	31390800	4	(1,)	1871202.00247	780.0
20361.1888695	151.0	23472400	1	(1, 2)	896654.917872	792.2
5187.74445827	151.0	23472400	1	(1, 2, 1)	503082.976503	792.2
2847.24965074	151.0	23472400	1	(1, 4)	272785.29103	792.2
35179.1225814	151.0	23472400	1	(1,)	1250844.44829	792.2
17601.0143166	151.0	23472400	2	(1, 2)	924277.900014	792.2
3787.24607704	151.0	23472400	2	(1, 2, 1)	390086.108924	792.2
10058.2323307	151.0	23472400	2	(1, 3)	748373.349331	792.2
7332.37788141	151.0	23472400	2	(1, 4)	740603.138114	792.2
31053.9844138	151.0	23472400	2	(1,)	1114308.07289	792.2
12051.1378668	151.0	23472400	3	(1, 2)	706619.350779	792.2
437.991217028	151.0	23472400	3	(1, 2, 1)	61678.8516789	792.2
3548.73698921	151.0	23472400	3	(1, 3)	390168.811235	792.2
397.543972684	151.0	23472400	3	(1, 4)	51608.8993632	792.2
28964.430714	151.0	23472400	3	(1,)	966640.372155	792.2
23930.3196828	151.0	23472400	4	(1, 2)	1053830.35182	792.2
5733.88390335	151.0	23472400	4	(1, 4)	549343.886617	792.2
41025.9950601	151.0	23472400	4	(1,)	1458738.43322	792.2
10903.6956495	152.0	12402800	1	(1, 2)	516649.311537	803.1
2869.91723046	152.0	12402800	1	(1, 2, 1)	292604.268455	803.1
1503.35098106	152.0	12402800	1	(1, 4)	152475.450965	803.1
18630.7391602	152.0	12402800	1	(1,)	640402.246445	803.1
9468.26250575	152.0	12402800	2	(1, 2)	465468.955206	803.1
2055.64056486	152.0	12402800	2	(1, 2, 1)	222574.934387	803.1
5419.82922254	152.0	12402800	2	(1, 3)	424775.270672	803.1
4006.80746313	152.0	12402800	2	(1, 4)	428763.273303	803.1
16362.9331031	152.0	12402800	2	(1,)	650962.685487	803.1
6741.30767319	152.0	12402800	3	(1, 2)	415984.043737	803.1
303.330638605	152.0	12402800	3	(1, 2, 1)	43471.8637002	803.1
2170.60690945	152.0	12402800	3	(1, 3)	246682.976782	803.1
206.332202027	152.0	12402800	3	(1, 4)	27725.3782297	803.1
15758.0877699	152.0	12402800	3	(1,)	556579.515684	803.1
12708.0550225	152.0	12402800	4	(1, 2)	602145.189058	803.1
3083.39657355	152.0	12402800	4	(1, 4)	312729.554827	803.1
21806.0271185	152.0	12402800	4	(1,)	749547.757214	803.1
30086.739906	153.0	36279200	1	(1, 2)	1303645.69395	813.7
8815.89960102	153.0	36279200	1	(1, 2, 1)	982957.029098	813.7
4304.61663192	153.0	36279200	1	(1, 4)	448946.565191	813.7
52674.2002059	153.0	36279200	1	(1,)	1685481.84748	813.7
28234.0269276	153.0	36279200	2	(1, 2)	1373838.16317	813.7
6005.40686081	153.0	36279200	2	(1, 2, 1)	668639.675863	813.7
16250.7854688	153.0	36279200	2	(1, 3)	1236652.07127	813.7
12128.3626795	153.0	36279200	2	(1, 4)	1265205.99505	813.7
47828.4913976	153.0	36279200	2	(1,)	1688734.72405	813.7
32440.4154131	153.0	36279200	3	(1, 2)	2014304.2711	813.7
6224.59763746	153.0	36279200	3	(1, 2, 1)	861124.350545	813.7
15855.3407634	153.0	36279200	3	(1, 3)	1790494.88836	813.7
5988.33513495	153.0	36279200	3	(1, 4)	786834.624953	813.7
54483.6940845	153.0	36279200	3	(1,)	2291082.37579	813.7
34861.9907064	153.0	36279200	4	(1, 2)	1510555.28811	813.7
9222.56824035	153.0	36279200	4	(1, 4)	1028299.85463	813.7
60240.2988356	153.0	36279200	4	(1,)	1927583.70848	813.7
19053.9108426	154.0	21432200	1	(1, 2)	776318.637568	824.1
5446.48279058	154.0	21432200	1	(1, 2, 1)	611887.953166	824.1
2596.68420227	154.0	21432200	1	(1, 4)	276027.171785	824.1
32373.1652535	154.0	21432200	1	(1,)	983375.61784	824.1
16004.1837051	154.0	21432200	2	(1, 2)	708367.673873	824.1
3720.60679918	154.0	21432200	2	(1, 2, 1)	422217.28506	824.1
9063.24372651	154.0	21432200	2	(1, 3)	606793.830989	824.1
7496.38683556	154.0	21432200	2	(1, 4)	855618.746246	824.1
27557.0017148	154.0	21432200	2	(1,)	900378.618117	824.1
19192.3176657	154.0	21432200	3	(1, 2)	1204362.14918	824.1
3879.17008776	154.0	21432200	3	(1, 2, 1)	509756.587625	824.1
9692.05435719	154.0	21432200	3	(1, 3)	1098481.36283	824.1
3555.08394613	154.0	21432200	3	(1, 4)	448983.809266	824.1
32488.1068497	154.0	21432200	3	(1,)	1384503.618	824.1
21700.5636408	154.0	21432200	4	(1, 2)	884151.927614	824.1
5303.40575856	154.0	21432200	4	(1, 4)	595813.889292	824.1
36519.6382674	154.0	21432200	4	(1,)	1109329.95162	824.1
8515.03864115	155.0	9554600	1	(1, 2)	347575.992948	834.6
2930.42031632	155.0	9554600	1	(1, 2, 1)	302050.174164	834.6
1145.59953465	155.0	9554600	1	(1, 4)	120617.290548	834.6
14994.1001578	155.0	9554600	1	(1,)	421696.952692	834.6
7699.12314936	155.0	9554600	2	(1, 2)	311143.536303	834.6
1637.01450131	155.0	9554600	2	(1, 2, 1)	184000.414034	834.6
4564.16262768	155.0	9554600	2	(1, 3)	273980.09019	834.6
3329.8084335	155.0	9554600	2	(1, 4)	371650.125011	834.6
12354.6670727	155.0	9554600	2	(1,)	372131.612753	834.6
8554.29243994	155.0	9554600	3	(1, 2)	526040.397429	834.6
1760.48214307	155.0	9554600	3	(1, 2, 1)	216254.727972	834.6
4404.59377464	155.0	9554600	3	(1, 3)	484869.857093	834.6
1601.39924042	155.0	9554600	3	(1, 4)	191009.05964	834.6
14453.4528146	155.0	9554600	3	(1,)	605756.66276	834.6
9007.95891159	155.0	9554600	4	(1, 2)	367696.541975	834.6
2767.95032357	155.0	9554600	4	(1, 4)	285303.740441	834.6
16793.5278414	155.0	9554600	4	(1,)	472304.402476	834.6
10644.2733801	156.0	11534200	1	(1, 2)	332426.771276	847.9
3999.49081243	156.0	11534200	1	(1, 2, 1)	305776.814307	847.9
1486.86333019	156.0	11534200	1	(1, 4)	123590.602363	847.9
16629.1793483	156.0	11534200	1	(1,)	415393.986356	847.9
9340.61252872	156.0	11534200	2	(1, 2)	298345.205593	847.9
2028.09781023	156.0	11534200	2	(1, 2, 1)	179966.979595	847.9
6212.30508762	156.0	11534200	2	(1, 3)	269763.256391	847.9
4721.20310062	156.0	11534200	2	(1, 4)	377685.483408	847.9
15477.5957991	156.0	11534200	2	(1,)	339023.173774	847.9
10339.9803493	156.0	11534200	3	(1, 2)	423817.126264	847.9
2189.4495294	156.0	11534200	3	(1, 2, 1)	197403.467875	847.9
5421.00389503	156.0	11534200	3	(1, 3)	357328.434469	847.9
1973.78859435	156.0	11534200	3	(1, 4)	174826.791888	847.9
17519.0700363	156.0	11534200	3	(1,)	573375.348047	847.9
11110.7550796	156.0	11534200	4	(1, 2)	346995.262679	847.9
3729.5766871	156.0	11534200	4	(1, 4)	285140.817063	847.9
17844.0318293	156.0	11534200	4	(1,)	445740.788464	847.9
20731.2819508	157.0	14988400	1	(1, 2)	684310.48537	860.4
8061.11664672	157.0	14988400	1	(1, 2, 1)	644037.816304	860.4
1947.83445469	157.0	14988400	1	(1, 4)	172269.371707	860.4
30670.5021759	157.0	14988400	1	(1,)	811017.775365	860.4
12017.3413687	157.0	14988400	2	(1, 2)	399229.768192	860.4
2633.80824418	157.0	14988400	2	(1, 2, 1)	248673.617676	860.4
8640.02316067	157.0	14988400	2	(1, 3)	387875.391337	860.4
6198.4064461	157.0	14988400	2	(1, 4)	503888.190003	860.4
17213.644205	157.0	14988400	2	(1,)	457426.535627	860.4
12522.5991819	157.0	14988400	3	(1, 2)	521814.523972	860.4
2772.6460266	157.0	14988400	3	(1, 2, 1)	248535.371663	860.4
6527.50701224	157.0	14988400	3	(1, 3)	427323.605416	860.4
2527.68024283	157.0	14988400	3	(1, 4)	224757.808332	860.4
21081.2264046	157.0	14988400	3	(1,)	635947.763518	860.4
21135.019033	157.0	14988400	4	(1, 2)	695909.127661	860.4
8935.72977896	157.0	14988400	4	(1, 4)	709239.982451	860.4
30874.9356881	157.0	14988400	4	(1,)	814850.856888	860.4
45907.405467	158.0	34077400	1	(1, 2)	1222358.65643	875.7
17230.439882	158.0	34077400	1	(1, 2, 1)	1086595.79936	875.7
4145.22828839	158.0	34077400	1	(1, 4)	299518.09272	875.7
64993.8164566	158.0	34077400	1	(1,)	1390479.0332	875.7
33979.527022	158.0	34077400	2	(1, 2)	911662.055579	875.7
5685.07291701	158.0	34077400	2	(1, 2, 1)	438530.880808	875.7
31864.4772055	158.0	34077400	2	(1, 3)	1149867.0585	875.7
17316.4412196	158.0	34077400	2	(1, 4)	1114786.26087	875.7
52927.8800177	158.0	34077400	2	(1,)	1138924.93925	875.7
27742.1946082	158.0	34077400	3	(1, 2)	802891.931462	875.7
6900.55458291	158.0	34077400	3	(1, 2, 1)	506556.893063	875.7
14703.3417043	158.0	34077400	3	(1, 3)	637977.587137	875.7
5859.4331779	158.0	34077400	3	(1, 4)	425663.922454	875.7
47666.1875675	158.0	34077400	3	(1,)	1023111.17384	875.7
48581.1253538	158.0	34077400	4	(1, 2)	1288436.12633	875.7
21141.7794863	158.0	34077400	4	(1, 4)	1318312.3171	875.7
70685.0505426	158.0	34077400	4	(1,)	1507733.51287	875.7
11727.7362639	159.0	8645600	1	(1, 2)	459053.535016	886.0
4529.94855465	159.0	8645600	1	(1, 2, 1)	319196.501331	886.0
1048.99588573	159.0	8645600	1	(1, 4)	112590.720743	886.0
16501.4164801	159.0	8645600	1	(1,)	520278.721351	886.0
8752.83013973	159.0	8645600	2	(1, 2)	345485.475528	886.0
1436.13344673	159.0	8645600	2	(1, 2, 1)	164555.781285	886.0
8174.14330589	159.0	8645600	2	(1, 3)	432198.658616	886.0
4570.70694834	159.0	8645600	2	(1, 4)	425621.656558	886.0
13355.3041531	159.0	8645600	2	(1,)	423773.966715	886.0
7421.35984198	159.0	8645600	3	(1, 2)	295303.635954	886.0
1728.52380468	159.0	8645600	3	(1, 2, 1)	189834.223095	886.0
4071.46453736	159.0	8645600	3	(1, 3)	238876.364749	886.0
1438.44943111	159.0	8645600	3	(1, 4)	155224.418574	886.0
12542.1727968	159.0	8645600	3	(1,)	373446.964101	886.0
12285.717645	159.0	8645600	4	(1, 2)	478530.547181	886.0
5468.86305557	159.0	8645600	4	(1, 4)	381147.447975	886.0
17827.8270123	159.0	8645600	4	(1,)	560037.372953	886.0
37172.6926516	160.0	27249800	1	(1, 2)	1354132.20352	895.6
14747.3281249	160.0	27249800	1	(1, 2, 1)	1047697.59339	895.6
3293.39562617	160.0	27249800	1	(1, 4)	379261.458165	895.6
52062.499394	160.0	27249800	1	(1,)	1746618.51368	895.6
27980.3541216	160.0	27249800	2	(1, 2)	1172806.28006	895.6
4519.72196768	160.0	27249800	2	(1, 2, 1)	555643.271346	895.6
26050.0971629	160.0	27249800	2	(1, 3)	1456246.23203	895.6
14963.7265516	160.0	27249800	2	(1, 4)	1137859.38208	895.6
41880.1790301	160.0	27249800	2	(1,)	1414723.30984	895.6
22141.0698159	160.0	27249800	3	(1, 2)	976164.966936	895.6
6439.92604832	160.0	27249800	3	(1, 2, 1)	708613.357052	895.6
13911.7258666	160.0	27249800	3	(1, 3)	833081.83103	895.6
4378.28503667	160.0	27249800	3	(1, 4)	506915.378016	895.6
40648.3596202	160.0	27249800	3	(1,)	1230202.94918	895.6
38634.0655265	160.0	27249800	4	(1, 2)	1400223.05275	895.6
17619.9420958	160.0	27249800	4	(1, 4)	1236227.43959	895.6
56362.2247932	160.0	27249800	4	(1,)	1882741.99032	895.6
46604.7940134	161.0	33915800	1	(1, 2)	1343181.14079	907.3
19111.7330946	161.0	33915800	1	(1, 2, 1)	1035590.44766	907.3
4056.48403553	161.0	33915800	1	(1, 4)	383292.17092	907.3
65025.7297689	161.0	33915800	1	(1,)	1565256.25239	907.3
35495.9857908	161.0	33915800	2	(1, 2)	1056829.73218	907.3
5594.78976569	161.0	33915800	2	(1, 2, 1)	564356.436786	907.3
32900.9099342	161.0	33915800	2	(1, 3)	1244497.41173	907.3
19489.240177	161.0	33915800	2	(1, 4)	1124766.63382	907.3
51890.7666712	161.0	33915800	2	(1,)	1422940.47838	907.3
28031.3355137	161.0	33915800	3	(1, 2)	994709.508643	907.3
8945.32871886	161.0	33915800	3	(1, 2, 1)	776503.005805	907.3
17606.8008477	161.0	33915800	3	(1, 3)	844230.385446	907.3
5369.53455649	161.0	33915800	3	(1, 4)	510097.796657	907.3
46166.9596992	161.0	33915800	3	(1,)	1310501.69858	907.3
48468.8086201	161.0	33915800	4	(1, 2)	1388736.93544	907.3
22542.8722047	161.0	33915800	4	(1, 4)	1204421.84987	907.3
70720.3102385	161.0	33915800	4	(1,)	1694736.6013	907.3
58527.0520327	162.0	42622000	1	(1, 2)	1060007.02814	923.4
24750.6827666	162.0	42622000	1	(1, 2, 1)	783410.114918	923.4
5107.5605331	162.0	42622000	1	(1, 4)	350714.47071	923.4
80180.5263907	162.0	42622000	1	(1,)	1231429.60452	923.4
45809.9477243	162.0	42622000	2	(1, 2)	941844.898048	923.4
6920.27948798	162.0	42622000	2	(1, 2, 1)	507286.530767	923.4
42755.6441321	162.0	42622000	2	(1, 3)	1100329.60702	923.4
25949.1002349	162.0	42622000	2	(1, 4)	982846.231218	923.4
64980.5726264	162.0	42622000	2	(1,)	1119980.2349	923.4
56037.1311428	162.0	42622000	3	(1, 2)	1432303.58037	923.4
18559.7658824	162.0	42622000	3	(1, 2, 1)	1142974.48955	923.4
36913.9797784	162.0	42622000	3	(1, 3)	1270281.92967	923.4
5776.66712073	162.0	42622000	3	(1, 4)	398799.067159	923.4
76159.4050628	162.0	42622000	3	(1,)	1560402.56617	923.4
58745.6754083	162.0	42622000	4	(1, 2)	1057381.00145	923.4
27457.5724909	162.0	42622000	4	(1, 4)	856949.854848	923.4
86557.039602	162.0	42622000	4	(1,)	1323023.81875	923.4
61892.3018668	163.0	42137200	1	(1, 2)	972885.152356	939.9
29923.8056605	163.0	42137200	1	(1, 2, 1)	812755.794825	939.9
5082.07281413	163.0	42137200	1	(1, 4)	340504.595878	939.9
84640.9846376	163.0	42137200	1	(1,)	1138878.90903	939.9
44662.6399616	163.0	42137200	2	(1, 2)	780519.177158	939.9
6855.59062392	163.0	42137200	2	(1, 2, 1)	490361.657854	939.9
42643.6387137	163.0	42137200	2	(1, 3)	913463.326663	939.9
26186.3255147	163.0	42137200	2	(1, 4)	790567.150635	939.9
62840.2409269	163.0	42137200	2	(1,)	933257.921722	939.9
55631.1442701	163.0	42137200	3	(1, 2)	1367702.56026	939.9
19069.2454464	163.0	42137200	3	(1, 2, 1)	867348.744129	939.9
36730.3187862	163.0	42137200	3	(1, 3)	1208606.84269	939.9
5688.30131753	163.0	42137200	3	(1, 4)	383178.662347	939.9
74775.8050848	163.0	42137200	3	(1,)	1478608.85747	939.9
62127.5515671	163.0	42137200	4	(1, 2)	970234.243826	939.9
31872.6374468	163.0	42137200	4	(1, 4)	854772.730847	939.9
90437.9444973	163.0	42137200	4	(1,)	1210719.25847	939.9
81897.375211	164.0	40076800	1	(1, 2)	1510493.82286	953.6
46110.8364622	164.0	40076800	1	(1, 2, 1)	1444607.45531	953.6
4331.90498641	164.0	40076800	1	(1, 4)	349562.144048	953.6
107933.593249	164.0	40076800	1	(1,)	1698944.0427	953.6
43928.523965	164.0	40076800	2	(1, 2)	837485.297719	953.6
5704.00322682	164.0	40076800	2	(1, 2, 1)	491376.93621	953.6
40870.7435993	164.0	40076800	2	(1, 3)	942909.304786	953.6
28628.4310847	164.0	40076800	2	(1, 4)	929674.605975	953.6
56949.1900836	164.0	40076800	2	(1,)	930706.256881	953.6
51761.1670416	164.0	40076800	3	(1, 2)	1510197.34268	953.6
17055.486144	164.0	40076800	3	(1, 2, 1)	855014.800254	953.6
35363.369565	164.0	40076800	3	(1, 3)	1153519.94198	953.6
5108.20473122	164.0	40076800	3	(1, 4)	414429.245815	953.6
71611.4655084	164.0	40076800	3	(1,)	1686482.51284	953.6
87004.5638137	164.0	40076800	4	(1, 2)	1595162.43227	953.6
55501.6992903	164.0	40076800	4	(1, 4)	1718156.31613	953.6
117779.954736	164.0	40076800	4	(1,)	1845101.89865	953.6
81393.3593309	165.0	43834000	1	(1, 2)	1609034.28464	967.7
50932.1729038	165.0	43834000	1	(1, 2, 1)	1516168.5973	967.7
3758.87399741	165.0	43834000	1	(1, 4)	294716.665123	967.7
103122.168854	165.0	43834000	1	(1,)	1561864.49591	967.7
63644.4126337	165.0	43834000	2	(1, 2)	1132688.73953	967.7
5799.18957535	165.0	43834000	2	(1, 2, 1)	485404.464176	967.7
74859.9741153	165.0	43834000	2	(1, 3)	1618161.53583	967.7
63437.6634768	165.0	43834000	2	(1, 4)	1904529.74599	967.7
96291.2235363	165.0	43834000	2	(1,)	1464545.8165	967.7
56651.4910979	165.0	43834000	3	(1, 2)	1349462.16129	967.7
19075.0020325	165.0	43834000	3	(1, 2, 1)	851657.530584	967.7
38762.5724599	165.0	43834000	3	(1, 3)	1161438.50106	967.7
5702.60206866	165.0	43834000	3	(1, 4)	449527.86984	967.7
78815.9867334	165.0	43834000	3	(1,)	1569039.41168	967.7
88769.137281	165.0	43834000	4	(1, 2)	1741701.38548	967.7
62102.4890302	165.0	43834000	4	(1, 4)	1823617.79752	967.7
131206.486671	165.0	43834000	4	(1,)	1976576.87323	967.7
83162.3528718	166.0	44298600	1	(1, 2)	1398162.63816	984.0
55025.3003588	166.0	44298600	1	(1, 2, 1)	1376205.69673	984.0
3783.68160242	166.0	44298600	1	(1, 4)	256621.487488	984.0
106190.607227	166.0	44298600	1	(1,)	1374075.24203	984.0
59188.0635233	166.0	44298600	2	(1, 2)	1001045.35413	984.0
6283.24119712	166.0	44298600	2	(1, 2, 1)	454937.461318	984.0
74011.2692292	166.0	44298600	2	(1, 3)	1447342.64001	984.0
65963.7307611	166.0	44298600	2	(1, 4)	1665366.83325	984.0
97635.7027973	166.0	44298600	2	(1,)	1269082.89927	984.0
57044.8854866	166.0	44298600	3	(1, 2)	1020157.48233	984.0
19971.9404804	166.0	44298600	3	(1, 2, 1)	624737.100977	984.0
39902.3822564	166.0	44298600	3	(1, 3)	877807.408804	984.0
6344.91193945	166.0	44298600	3	(1, 4)	432653.939195	984.0
78624.7761764	166.0	44298600	3	(1,)	1192175.28249	984.0
91554.8846713	166.0	44298600	4	(1, 2)	1526279.06571	984.0
64357.1937597	166.0	44298600	4	(1, 4)	1584892.22049	984.0
135276.211041	166.0	44298600	4	(1,)	1739893.82084	984.0
75522.4963557	167.0	39612200	1	(1, 2)	1487294.00837	997.7
51563.296023	167.0	39612200	1	(1, 2, 1)	1259217.40748	997.7
3545.07029047	167.0	39612200	1	(1, 4)	286068.686969	997.7
96909.7195721	167.0	39612200	1	(1,)	1475083.72084	997.7
54446.9129148	167.0	39612200	2	(1, 2)	1079032.08478	997.7
6260.38738008	167.0	39612200	2	(1, 2, 1)	539307.193208	997.7
67491.7224331	167.0	39612200	2	(1, 3)	1541308.06892	997.7
60807.0135217	167.0	39612200	2	(1, 4)	1497649.9907	997.7
87279.6376198	167.0	39612200	2	(1,)	1334828.53674	997.7
53521.2381692	167.0	39612200	3	(1, 2)	1031818.99136	997.7
21771.6975152	167.0	39612200	3	(1, 2, 1)	721830.033455	997.7
37917.6637396	167.0	39612200	3	(1, 3)	887575.923136	997.7
5711.13469036	167.0	39612200	3	(1, 4)	463345.023743	997.7
72731.5288905	167.0	39612200	3	(1,)	1199174.06187	997.7
82055.3508042	167.0	39612200	4	(1, 2)	1417151.49014	997.7
57951.0394728	167.0	39612200	4	(1, 4)	1348101.39296	997.7
121840.900922	167.0	39612200	4	(1,)	1842400.61395	997.7
71559.9777735	168.0	37248800	1	(1, 2)	2195972.11238	1006.4
49729.5702088	168.0	37248800	1	(1, 2, 1)	1838129.16839	1006.4
3402.20672988	168.0	37248800	1	(1, 4)	432322.14866	1006.4
92156.3503133	168.0	37248800	1	(1,)	2192057.13169	1006.4
52331.5415003	168.0	37248800	2	(1, 2)	1616414.6102	1006.4
5899.77414056	168.0	37248800	2	(1, 2, 1)	800334.809021	1006.4
64299.3015772	168.0	37248800	2	(1, 3)	1983136.91214	1006.4
58036.3739796	168.0	37248800	2	(1, 4)	2163846.922	1006.4
81977.4918709	168.0	37248800	2	(1,)	1959519.82064	1006.4
52680.7511277	168.0	37248800	3	(1, 2)	1547244.83665	1006.4
23259.0908084	168.0	37248800	3	(1, 2, 1)	1170436.45622	1006.4
36848.1281201	168.0	37248800	3	(1, 3)	1320635.49489	1006.4
5350.31293969	168.0	37248800	3	(1, 4)	683537.899805	1006.4
70203.025145	168.0	37248800	3	(1,)	1756579.54068	1006.4
74344.2347682	168.0	37248800	4	(1, 2)	1849005.12367	1006.4
51374.6755124	168.0	37248800	4	(1, 4)	1663710.64185	1006.4
114037.10392	168.0	37248800	4	(1,)	2311464.39624	1006.4
56668.3319972	169.0	29552600	1	(1, 2)	1669919.31391	1014.3
39819.1328778	169.0	29552600	1	(1, 2, 1)	1566644.86011	1014.3
2676.28145826	169.0	29552600	1	(1, 4)	374516.307669	1014.3
73409.7426656	169.0	29552600	1	(1,)	1737903.52809	1014.3
42062.5604776	169.0	29552600	2	(1, 2)	1246023.81348	1014.3
4696.152158	169.0	29552600	2	(1, 2, 1)	701569.40475	1014.3
51426.8816602	169.0	29552600	2	(1, 3)	1701219.0141	1014.3
46866.2315025	169.0	29552600	2	(1, 4)	1858561.54677	1014.3
64856.4373986	169.0	29552600	2	(1,)	1541639.4096	1014.3
60821.5700977	169.0	29552600	3	(1, 2)	1951288.23367	1014.3
30838.1302775	169.0	29552600	3	(1, 2, 1)	1684621.76866	1014.3
49105.2017318	169.0	29552600	3	(1, 3)	1918785.05386	1014.3
4131.49464529	169.0	29552600	3	(1, 4)	581276.506772	1014.3
72762.9100825	169.0	29552600	3	(1,)	1991279.11738	1014.3
56952.6523945	169.0	29552600	4	(1, 2)	1470833.17601	1014.3
41919.3919791	169.0	29552600	4	(1, 4)	1385093.38794	1014.3
84893.9410067	169.0	29552600	4	(1,)	1806032.11337	1014.3
70164.525156	170.0	37107400	1	(1, 2)	1432712.35839	1024.7
48702.39369	170.0	37107400	1	(1, 2, 1)	1286113.39736	1024.7
3446.5839022	170.0	37107400	1	(1, 4)	366371.392413	1024.7
91953.763209	170.0	37107400	1	(1,)	1535858.08021	1024.7
50662.5479978	170.0	37107400	2	(1, 2)	1039724.82719	1024.7
5919.00041672	170.0	37107400	2	(1, 2, 1)	671692.662273	1024.7
62078.3800369	170.0	37107400	2	(1, 3)	1407029.38792	1024.7
57000.4816964	170.0	37107400	2	(1, 4)	1516563.82928	1024.7
80600.9920424	170.0	37107400	2	(1,)	1351560.50323	1024.7
76505.4527774	170.0	37107400	3	(1, 2)	1848611.56044	1024.7
38501.6589334	170.0	37107400	3	(1, 2, 1)	1572302.53351	1024.7
61930.5594077	170.0	37107400	3	(1, 3)	1818509.31746	1024.7
5247.36330695	170.0	37107400	3	(1, 4)	560803.173366	1024.7
90953.20971	170.0	37107400	3	(1,)	1877510.13802	1024.7
74164.6646142	170.0	37107400	4	(1, 2)	1353000.91819	1024.7
57245.002709	170.0	37107400	4	(1, 4)	1309666.18212	1024.7
108789.990687	170.0	37107400	4	(1,)	1655532.4487	1024.7
44545.5937442	171.0	23149200	1	(1, 2)	817938.416103	1035.4
32234.8085636	171.0	23149200	1	(1, 2, 1)	748446.683104	1035.4
2150.25778297	171.0	23149200	1	(1, 4)	222163.541424	1035.4
53221.0753107	171.0	23149200	1	(1,)	912470.467367	1035.4
33923.5708351	171.0	23149200	2	(1, 2)	625968.187733	1035.4
3712.83691619	171.0	23149200	2	(1, 2, 1)	409522.406496	1035.4
41343.9535229	171.0	23149200	2	(1, 3)	835843.909753	1035.4
38086.3034458	171.0	23149200	2	(1, 4)	890733.932851	1035.4
50378.2275567	171.0	23149200	2	(1,)	770203.038367	1035.4
43015.4680094	171.0	23149200	3	(1, 2)	1116667.14687	1035.4
24089.1236559	171.0	23149200	3	(1, 2, 1)	939046.031392	1035.4
37022.089478	171.0	23149200	3	(1, 3)	1113263.68378	1035.4
3294.92376066	171.0	23149200	3	(1, 4)	342266.394666	1035.4
56580.1605278	171.0	23149200	3	(1,)	1126431.33231	1035.4
47815.0644773	171.0	23149200	4	(1, 2)	804060.036785	1035.4
39335.3022926	171.0	23149200	4	(1, 4)	835605.539628	1035.4
63970.7187217	171.0	23149200	4	(1,)	1004684.25521	1035.4
72012.8194837	172.0	35653000	1	(1, 2)	1255087.71905	1045.9
54154.4244306	172.0	35653000	1	(1, 2, 1)	1185540.53273	1045.9
3386.24384474	172.0	35653000	1	(1, 4)	356529.088334	1045.9
84872.1644182	172.0	35653000	1	(1,)	1387725.11457	1045.9
56831.136563	172.0	35653000	2	(1, 2)	995264.422021	1045.9
6018.55231921	172.0	35653000	2	(1, 2, 1)	676485.222171	1045.9
68529.9342621	172.0	35653000	2	(1, 3)	1306061.26449	1045.9
63072.1074972	172.0	35653000	2	(1, 4)	1389978.76117	1045.9
71067.7520953	172.0	35653000	2	(1,)	1166992.01163	1045.9
64789.8490932	172.0	35653000	3	(1, 2)	1694975.49881	1045.9
38900.046728	172.0	35653000	3	(1, 2, 1)	1515917.47811	1045.9
58287.6886878	172.0	35653000	3	(1, 3)	1761996.37524	1045.9
5794.87346633	172.0	35653000	3	(1, 4)	613419.144531	1045.9
88706.990004	172.0	35653000	3	(1,)	1785079.9138	1045.9
74788.8109676	172.0	35653000	4	(1, 2)	1264720.45403	1045.9
64412.6718085	172.0	35653000	4	(1, 4)	1371030.9664	1045.9
100015.313188	172.0	35653000	4	(1,)	1581062.74778	1045.9
91913.5954405	173.0	43389600	1	(1, 2)	1414062.3753	1057.4
71008.1501661	173.0	43389600	1	(1, 2, 1)	1373664.42495	1057.4
4115.03837858	173.0	43389600	1	(1, 4)	395587.070689	1057.4
105964.25418	173.0	43389600	1	(1,)	1524361.08964	1057.4
73449.3821251	173.0	43389600	2	(1, 2)	1134626.76799	1057.4
7362.90105701	173.0	43389600	2	(1, 2, 1)	755625.658776	1057.4
86775.9168894	173.0	43389600	2	(1, 3)	1464067.1588	1057.4
81793.5185943	173.0	43389600	2	(1, 4)	1590588.65609	1057.4
89419.165341	173.0	43389600	2	(1,)	1291232.88278	1057.4
70578.0418671	173.0	43389600	3	(1, 2)	1664043.93154	1057.4
42038.2480751	173.0	43389600	3	(1, 2, 1)	1462345.359	1057.4
63553.0627577	173.0	43389600	3	(1, 3)	1726367.93045	1057.4
7070.30564506	173.0	43389600	3	(1, 4)	683349.712143	1057.4
98744.4916928	173.0	43389600	3	(1,)	1797145.50592	1057.4
140617.245352	173.0	43389600	4	(1, 2)	2149348.98613	1057.4
130697.82675	173.0	43389600	4	(1, 4)	2507810.30184	1057.4
164081.693357	173.0	43389600	4	(1,)	2346126.37678	1057.4
136914.878643	174.0	45126800	1	(1, 2)	1746656.75711	1071.1
109300.52415	174.0	45126800	1	(1, 2, 1)	1747440.55361	1071.1
4293.05896198	174.0	45126800	1	(1, 4)	346427.472436	1071.1
145609.836213	174.0	45126800	1	(1,)	1738443.6872	1071.1
103765.878739	174.0	45126800	2	(1, 2)	1329505.51914	1071.1
7648.02989252	174.0	45126800	2	(1, 2, 1)	658847.014489	1071.1
132487.250691	174.0	45126800	2	(1, 3)	1851888.38998	1071.1
111975.883676	174.0	45126800	2	(1, 4)	1800376.14847	1071.1
93379.5902537	174.0	45126800	2	(1,)	1119307.58609	1071.1
75042.2580007	174.0	45126800	3	(1, 2)	1298011.45655	1071.1
45444.2495475	174.0	45126800	3	(1, 2, 1)	1059723.78188	1071.1
66001.4493827	174.0	45126800	3	(1, 3)	1277863.26889	1071.1
7170.10391046	174.0	45126800	3	(1, 4)	581711.366787	1071.1
102403.815964	174.0	45126800	3	(1,)	1545699.58856	1071.1
147021.315291	174.0	45126800	4	(1, 2)	1863454.75237	1071.1
136504.714637	174.0	45126800	4	(1, 4)	2164662.39795	1071.1
172065.651303	174.0	45126800	4	(1,)	2041870.24642	1071.1
144589.360391	175.0	46298400	1	(1, 2)	1454995.11855	1088.2
115295.304578	175.0	46298400	1	(1, 2, 1)	1447550.54378	1088.2
4431.84155141	175.0	46298400	1	(1, 4)	286519.479599	1088.2
151770.488048	175.0	46298400	1	(1,)	1430924.01995	1088.2
110481.689898	175.0	46298400	2	(1, 2)	1116908.98021	1088.2
7854.71735192	175.0	46298400	2	(1, 2, 1)	542113.252455	1088.2
139870.625952	175.0	46298400	2	(1, 3)	1540318.35106	1088.2
118036.707876	175.0	46298400	2	(1, 4)	1491169.75802	1088.2
96322.68097	175.0	46298400	2	(1,)	911978.295498	1088.2
78597.8292472	175.0	46298400	3	(1, 2)	931939.156393	1088.2
48678.5980149	175.0	46298400	3	(1, 2, 1)	736532.009133	1088.2
68794.3699084	175.0	46298400	3	(1, 3)	895890.988227	1088.2
7364.00242385	175.0	46298400	3	(1, 4)	478652.663653	1088.2
93012.1651086	175.0	46298400	3	(1,)	1027447.51616	1088.2
153119.7584	175.0	46298400	4	(1, 2)	1530883.03818	1088.2
143337.734294	175.0	46298400	4	(1, 4)	1785082.55022	1088.2
179467.444677	175.0	46298400	4	(1,)	1681827.9915	1088.2
139668.980411	176.0	47025600	1	(1, 2)	1637969.70029	1104.8
117405.074388	176.0	47025600	1	(1, 2, 1)	1556291.00808	1104.8
367.721585888	176.0	47025600	1	(1, 4)	36089.0981566	1104.8
156108.519942	176.0	47025600	1	(1,)	1494892.39013	1104.8
116454.133542	176.0	47025600	2	(1, 2)	1194529.43152	1104.8
8056.54209881	176.0	47025600	2	(1, 2, 1)	572790.973655	1104.8
146983.535865	176.0	47025600	2	(1, 3)	1639846.21039	1104.8
123236.792324	176.0	47025600	2	(1, 4)	1572860.68559	1104.8
98834.2526847	176.0	47025600	2	(1,)	950510.406902	1104.8
88559.865968	176.0	47025600	3	(1, 2)	966648.274979	1104.8
58697.1832217	176.0	47025600	3	(1, 2, 1)	811051.811163	1104.8
76751.9060045	176.0	47025600	3	(1, 3)	916787.108594	1104.8
7618.49311508	176.0	47025600	3	(1, 4)	510109.790555	1104.8
99602.519849	176.0	47025600	3	(1,)	1019723.71187	1104.8
136099.411038	176.0	47025600	4	(1, 2)	1584295.481	1104.8
140948.283299	176.0	47025600	4	(1, 4)	1852660.09042	1104.8
183664.083301	176.0	47025600	4	(1,)	1748145.21621	1104.8
145828.534779	177.0	48257800	1	(1, 2)	1492458.29669	1121.0
121778.339228	177.0	48257800	1	(1, 2, 1)	1346877.11331	1121.0
347.82489948	177.0	48257800	1	(1, 4)	34979.262354	1121.0
157177.132187	177.0	48257800	1	(1,)	1359045.1291	1121.0
113010.329639	177.0	48257800	2	(1, 2)	1343175.82922	1121.0
4066.97458219	177.0	48257800	2	(1, 2, 1)	451060.246385	1121.0
149520.650297	177.0	48257800	2	(1, 3)	1842918.60086	1121.0
125990.865021	177.0	48257800	2	(1, 4)	1689860.46101	1121.0
105592.247131	177.0	48257800	2	(1,)	1026875.1918	1121.0
94112.3359423	177.0	48257800	3	(1, 2)	1025527.75781	1121.0
65289.3919252	177.0	48257800	3	(1, 2, 1)	894050.107276	1121.0
81816.8862066	177.0	48257800	3	(1, 3)	973123.779529	1121.0
8029.05924682	177.0	48257800	3	(1, 4)	550874.051489	1121.0
105627.329016	177.0	48257800	3	(1,)	1076427.67748	1121.0
137761.832801	177.0	48257800	4	(1, 2)	1400888.99479	1121.0
146026.603766	177.0	48257800	4	(1, 4)	1603822.18194	1121.0
189263.7713	177.0	48257800	4	(1,)	1627663.97931	1121.0
152120.671869	178.0	47369000	1	(1, 2)	1299537.33886	1138.1
127356.861862	178.0	47369000	1	(1, 2, 1)	1151765.54875	1138.1
365.674259388	178.0	47369000	1	(1, 4)	34838.806861	1138.1
160895.858729	178.0	47369000	1	(1,)	1189814.72498	1138.1
111138.496749	178.0	47369000	2	(1, 2)	1060259.18336	1138.1
4161.5924425	178.0	47369000	2	(1, 2, 1)	437261.806775	1138.1
146809.6331	178.0	47369000	2	(1, 3)	1431147.43299	1138.1
125138.8888	178.0	47369000	2	(1, 4)	1286726.70025	1138.1
101180.083389	178.0	47369000	2	(1,)	817829.211451	1138.1
137233.81473	178.0	47369000	3	(1, 2)	1395155.98716	1138.1
108966.601435	178.0	47369000	3	(1, 2, 1)	1386187.50961	1138.1
116613.676445	178.0	47369000	3	(1, 3)	1292043.74242	1138.1
7869.92579378	178.0	47369000	3	(1, 4)	511537.167851	1138.1
146636.063803	178.0	47369000	3	(1,)	1395670.48349	1138.1
131127.542291	178.0	47369000	4	(1, 2)	1113797.62703	1138.1
141694.794526	178.0	47369000	4	(1, 4)	1273811.16352	1138.1
181377.052966	178.0	47369000	4	(1,)	1334657.25032	1138.1
173469.717864	179.0	46985200	1	(1, 2)	1337404.68648	1156.3
175737.873432	179.0	46985200	1	(1, 2, 1)	1433581.76868	1156.3
401.592871522	179.0	46985200	1	(1, 4)	35948.4028849	1156.3
190035.320578	179.0	46985200	1	(1,)	1271332.25714	1156.3
114533.03094	179.0	46985200	2	(1, 2)	890729.360684	1156.3
3949.00294187	179.0	46985200	2	(1, 2, 1)	389846.983788	1156.3
143621.79733	179.0	46985200	2	(1, 3)	1135694.89525	1156.3
137358.172899	179.0	46985200	2	(1, 4)	1133442.88348	1156.3
104091.208528	179.0	46985200	2	(1,)	701528.126719	1156.3
131066.253136	179.0	46985200	3	(1, 2)	1231219.51701	1156.3
100039.314953	179.0	46985200	3	(1, 2, 1)	1170277.50786	1156.3
117080.126912	179.0	46985200	3	(1, 3)	1196613.73292	1156.3
7827.5983161	179.0	46985200	3	(1, 4)	478035.127218	1156.3
142349.037357	179.0	46985200	3	(1,)	1253466.51565	1156.3
179973.952217	179.0	46985200	4	(1, 2)	1380450.8163	1156.3
203662.083733	179.0	46985200	4	(1, 4)	1652385.45419	1156.3
217795.845791	179.0	46985200	4	(1,)	1450575.15911	1156.3
154712.113016	180.0	40622200	1	(1, 2)	1229567.64935	1173.6
156585.356718	180.0	40622200	1	(1, 2, 1)	1315195.9378	1173.6
264.201528841	180.0	40622200	1	(1, 4)	24880.2200049	1173.6
161620.707355	180.0	40622200	1	(1,)	1117555.12338	1173.6
121824.139641	180.0	40622200	2	(1, 2)	967813.783206	1173.6
3460.45388766	180.0	40622200	2	(1, 2, 1)	359389.241774	1173.6
161435.571893	180.0	40622200	2	(1, 3)	1302438.048	1173.6
168052.478813	180.0	40622200	2	(1, 4)	1410928.26175	1173.6
116504.937836	180.0	40622200	2	(1,)	805320.336668	1173.6
101933.093464	180.0	40622200	3	(1, 2)	975520.161388	1173.6
87234.0048304	180.0	40622200	3	(1, 2, 1)	900723.634139	1173.6
93522.8547133	180.0	40622200	3	(1, 3)	914829.703474	1173.6
836.090631101	180.0	40622200	3	(1, 4)	79363.3623546	1173.6
123985.931713	180.0	40622200	3	(1,)	1003095.29019	1173.6
159335.476078	180.0	40622200	4	(1, 2)	1259962.96316	1173.6
179259.923587	180.0	40622200	4	(1, 4)	1497669.38976	1173.6
193806.492182	180.0	40622200	4	(1,)	1334260.09377	1173.6
186943.385923	181.0	47126600	1	(1, 2)	1491544.02245	1190.5
186436.982809	181.0	47126600	1	(1, 2, 1)	1570338.07966	1190.5
351.06143592	181.0	47126600	1	(1, 4)	33842.4201819	1190.5
190007.893075	181.0	47126600	1	(1,)	1322305.37126	1190.5
148320.26797	181.0	47126600	2	(1, 2)	1182932.83126	1190.5
4050.54026718	181.0	47126600	2	(1, 2, 1)	430630.076027	1190.5
186886.264104	181.0	47126600	2	(1, 3)	1513234.23607	1190.5
207872.878937	181.0	47126600	2	(1, 4)	1750182.25309	1190.5
140898.972219	181.0	47126600	2	(1,)	980218.31333	1190.5
124652.429702	181.0	47126600	3	(1, 2)	1077732.82575	1190.5
111791.248943	181.0	47126600	3	(1, 2, 1)	1027018.23213	1190.5
116638.674318	181.0	47126600	3	(1, 3)	1025403.54549	1190.5
1080.96348569	181.0	47126600	3	(1, 4)	105035.746095	1190.5
150137.326474	181.0	47126600	3	(1,)	1123938.54063	1190.5
185291.466511	181.0	47126600	4	(1, 2)	1471094.56148	1190.5
211816.874875	181.0	47126600	4	(1, 4)	1774851.1951	1190.5
229808.650708	181.0	47126600	4	(1,)	1592423.66027	1190.5
201264.134543	182.0	48944600	1	(1, 2)	1778743.08596	1205.5
198406.068695	182.0	48944600	1	(1, 2, 1)	1849395.94799	1205.5
375.839925673	182.0	48944600	1	(1, 4)	40820.3428033	1205.5
182625.787953	182.0	48944600	1	(1,)	1588439.9579	1205.5
159031.901505	182.0	48944600	2	(1, 2)	1404971.45268	1205.5
4240.04308074	182.0	48944600	2	(1, 2, 1)	507875.33216	1205.5
200776.275128	182.0	48944600	2	(1, 3)	1800335.48411	1205.5
223514.541582	182.0	48944600	2	(1, 4)	2082611.20283	1205.5
151466.816356	182.0	48944600	2	(1,)	1169743.76495	1205.5
133221.425737	182.0	48944600	3	(1, 2)	1258006.14293	1205.5
123233.472768	182.0	48944600	3	(1, 2, 1)	1231528.33518	1205.5
125350.772731	182.0	48944600	3	(1, 3)	1202519.56053	1205.5
1070.86605406	182.0	48944600	3	(1, 4)	117234.840826	1205.5
160050.912307	182.0	48944600	3	(1,)	1309917.77981	1205.5
193306.811661	182.0	48944600	4	(1, 2)	1681502.68959	1205.5
222043.95211	182.0	48944600	4	(1, 4)	2034430.91711	1205.5
216019.421939	182.0	48944600	4	(1,)	1850574.19223	1205.5
175109.956804	183.0	42379600	1	(1, 2)	1823257.20926	1218.0
173888.080379	183.0	42379600	1	(1, 2, 1)	1908662.36208	1218.0
328.11051611	183.0	42379600	1	(1, 4)	42763.6858037	1218.0
157316.707115	183.0	42379600	1	(1,)	1612708.84578	1218.0
141913.317076	183.0	42379600	2	(1, 2)	1474281.22221	1218.0
3726.85677868	183.0	42379600	2	(1, 2, 1)	535686.620634	1218.0
178861.307815	183.0	42379600	2	(1, 3)	1885430.5908	1218.0
197411.461582	183.0	42379600	2	(1, 4)	2161716.30341	1218.0
117314.735352	183.0	42379600	2	(1,)	1199965.82924	1218.0
150216.025144	183.0	42379600	3	(1, 2)	1676952.18852	1218.0
142684.757462	183.0	42379600	3	(1, 2, 1)	1684775.53719	1218.0
144062.057179	183.0	42379600	3	(1, 3)	1633617.3473	1218.0
967.637495947	183.0	42379600	3	(1, 4)	127120.467458	1218.0
158705.574824	183.0	42379600	3	(1,)	1538518.69485	1218.0
148368.126842	183.0	42379600	4	(1, 2)	1357994.72331	1218.0
190864.985275	183.0	42379600	4	(1, 4)	1776940.37489	1218.0
183482.118911	183.0	42379600	4	(1,)	1671713.36734	1218.0
26328.3684958	184.0	6302400	1	(1, 2)	342939.378278	1227.1
26161.4077798	184.0	6302400	1	(1, 2, 1)	351503.340221	1227.1
52.9553545153	184.0	6302400	1	(1, 4)	9480.54885442	1227.1
23477.1781313	184.0	6302400	1	(1,)	303119.176243	1227.1
21617.9513558	184.0	6302400	2	(1, 2)	281005.887436	1227.1
561.449433056	184.0	6302400	2	(1, 2, 1)	110852.977953	1227.1
27025.2805981	184.0	6302400	2	(1, 3)	353844.050914	1227.1
29663.099917	184.0	6302400	2	(1, 4)	397707.937957	1227.1
17641.6688644	184.0	6302400	2	(1,)	227312.060376	1227.1
22642.9795803	184.0	6302400	3	(1, 2)	343523.081904	1227.1
21553.7627472	184.0	6302400	3	(1, 2, 1)	345667.53764	1227.1
21609.7939672	184.0	6302400	3	(1, 3)	332968.30047	1227.1
139.93501763	184.0	6302400	3	(1, 4)	25252.1185682	1227.1
23801.8831349	184.0	6302400	3	(1,)	314010.766908	1227.1
23188.4728799	184.0	6302400	4	(1, 2)	275690.025082	1227.1
29284.2668857	184.0	6302400	4	(1, 4)	352432.977168	1227.1
27435.75091	184.0	6302400	4	(1,)	325374.062781	1227.1
99389.9706136	185.0	23230000	1	(1, 2)	918683.050523	1238.9
98684.9935634	185.0	23230000	1	(1, 2, 1)	918628.863425	1238.9
182.706233877	185.0	23230000	1	(1, 4)	25225.3006624	1238.9
87038.754224	185.0	23230000	1	(1,)	804026.140187	1238.9
82918.7796956	185.0	23230000	2	(1, 2)	764988.132072	1238.9
2089.73999375	185.0	23230000	2	(1, 2, 1)	318191.340509	1238.9
103589.937518	185.0	23230000	2	(1, 3)	953813.507683	1238.9
114092.048175	185.0	23230000	2	(1, 4)	1060027.63434	1238.9
66848.4534379	185.0	23230000	2	(1,)	616350.882421	1238.9
84491.5583357	185.0	23230000	3	(1, 2)	975091.509738	1238.9
81343.8089621	185.0	23230000	3	(1, 2, 1)	991590.761099	1238.9
80817.6891103	185.0	23230000	3	(1, 3)	947057.015477	1238.9
517.96629535	185.0	23230000	3	(1, 4)	72082.9079695	1238.9
88497.1263791	185.0	23230000	3	(1,)	889699.673406	1238.9
87053.1625277	185.0	23230000	4	(1, 2)	787770.846247	1238.9
108180.373769	185.0	23230000	4	(1, 4)	989826.928085	1238.9
102219.479294	185.0	23230000	4	(1,)	923052.837178	1238.9
164907.359751	186.0	42379600	1	(1, 2)	1458656.0032	1252.3
173526.348663	186.0	42379600	1	(1, 2, 1)	1464744.68549	1252.3
266.517849809	186.0	42379600	1	(1, 4)	314772.684426	1252.3
162340.358741	186.0	42379600	1	(1,)	1268460.35954	1252.3
156754.800694	186.0	42379600	2	(1, 2)	1239777.00669	1252.3
3834.95129388	186.0	42379600	2	(1, 2, 1)	514201.291781	1252.3
190155.635225	186.0	42379600	2	(1, 3)	1504306.29951	1252.3
214388.712209	186.0	42379600	2	(1, 4)	1714288.4973	1252.3
123144.710485	186.0	42379600	2	(1,)	971903.054595	1252.3
153977.823914	186.0	42379600	3	(1, 2)	1541020.47705	1252.3
148125.371451	186.0	42379600	3	(1, 2, 1)	1564529.99772	1252.3
148626.095498	186.0	42379600	3	(1, 3)	1510014.71977	1252.3
938.903692162	186.0	42379600	3	(1, 4)	115061.241003	1252.3
159615.082531	186.0	42379600	3	(1,)	1394308.31211	1252.3
176655.256	186.0	42379600	4	(1, 2)	1559056.74344	1252.3
243024.361941	186.0	42379600	4	(1, 4)	2046979.31131	1252.3
190571.79262	186.0	42379600	4	(1,)	1486091.09577	1252.3
198732.578169	187.0	41329200	1	(1, 2)	1491936.49959	1267.7
204605.352199	187.0	41329200	1	(1, 2, 1)	1467473.93168	1267.7
231.59913614	187.0	41329200	1	(1, 4)	238008.106695	1267.7
192313.352322	187.0	41329200	1	(1,)	1279016.11577	1267.7
153665.02514	187.0	41329200	2	(1, 2)	1166459.27693	1267.7
1099.89858527	187.0	41329200	2	(1, 2, 1)	1587971.2436	1267.7
207004.509102	187.0	41329200	2	(1, 3)	1544600.12731	1267.7
238187.451153	187.0	41329200	2	(1, 4)	1726512.02682	1267.7
137772.53834	187.0	41329200	2	(1,)	925317.175116	1267.7
149846.701479	187.0	41329200	3	(1, 2)	1282485.87684	1267.7
144544.116287	187.0	41329200	3	(1, 2, 1)	1304358.44877	1267.7
149568.874647	187.0	41329200	3	(1, 3)	1299180.05912	1267.7
935.988200708	187.0	41329200	3	(1, 4)	99807.3347637	1267.7
142418.769603	187.0	41329200	3	(1,)	1199704.25011	1267.7
176614.383212	187.0	41329200	4	(1, 2)	1322981.80333	1267.7
240467.131444	187.0	41329200	4	(1, 4)	1721068.53598	1267.7
189632.224659	187.0	41329200	4	(1,)	1258733.90953	1267.7
77338.499812	188.0	15634800	1	(1, 2)	638670.343924	1281.4
76876.714361	188.0	15634800	1	(1, 2, 1)	607104.111257	1281.4
94.2846333378	188.0	15634800	1	(1, 4)	108917.053665	1281.4
75119.6478659	188.0	15634800	1	(1,)	550911.966983	1281.4
61098.5125262	188.0	15634800	2	(1, 2)	510060.03468	1281.4
423.013993525	188.0	15634800	2	(1, 2, 1)	686506.854905	1281.4
83522.6086785	188.0	15634800	2	(1, 3)	685640.580804	1281.4
93064.2721988	188.0	15634800	2	(1, 4)	742598.4594	1281.4
53957.3074124	188.0	15634800	2	(1,)	399538.736156	1281.4
57784.622413	188.0	15634800	3	(1, 2)	544447.073597	1281.4
56233.8610316	188.0	15634800	3	(1, 2, 1)	558067.112505	1281.4
57128.763099	188.0	15634800	3	(1, 3)	546047.486876	1281.4
361.74323069	188.0	15634800	3	(1, 4)	43360.3372139	1281.4
54878.9029775	188.0	15634800	3	(1,)	509222.346217	1281.4
68862.2298001	188.0	15634800	4	(1, 2)	567451.845043	1281.4
92872.8052059	188.0	15634800	4	(1, 4)	731921.65281	1281.4
73914.1939598	188.0	15634800	4	(1,)	541038.002356	1281.4
242681.205888	189.0	47954800	1	(1, 2)	2572639.8032	1291.9
245003.081334	189.0	47954800	1	(1, 2, 1)	2485469.20512	1291.9
254.707933539	189.0	47954800	1	(1, 4)	383909.367052	1291.9
233702.991752	189.0	47954800	1	(1,)	2204145.94845	1291.9
192286.422016	189.0	47954800	2	(1, 2)	2060272.47472	1291.9
1256.97548094	189.0	47954800	2	(1, 2, 1)	2661633.28001	1291.9
260988.25626	189.0	47954800	2	(1, 3)	2750533.48068	1291.9
292265.507459	189.0	47954800	2	(1, 4)	2995347.22557	1291.9
170220.176558	189.0	47954800	2	(1,)	1620715.33558	1291.9
179513.433656	189.0	47954800	3	(1, 2)	1978403.41295	1291.9
175227.090122	189.0	47954800	3	(1, 2, 1)	1979060.55184	1291.9
176171.770721	189.0	47954800	3	(1, 3)	1951398.73952	1291.9
1125.2951904	189.0	47954800	3	(1, 4)	175990.801395	1291.9
170870.68482	189.0	47954800	3	(1,)	1870288.35894	1291.9
216523.080246	189.0	47954800	4	(1, 2)	2290493.22152	1291.9
289513.505135	189.0	47954800	4	(1, 4)	2931076.22569	1291.9
230862.763102	189.0	47954800	4	(1,)	2173267.18115	1291.9
279551.182656	190.0	53671400	1	(1, 2)	2516220.15525	1303.9
284907.540093	190.0	53671400	1	(1, 2, 1)	2426911.38355	1303.9
312.942908685	190.0	53671400	1	(1, 4)	412723.696064	1303.9
264862.249137	190.0	53671400	1	(1,)	2136552.77337	1303.9
222783.377556	190.0	53671400	2	(1, 2)	1996851.97623	1303.9
1438.98398241	190.0	53671400	2	(1, 2, 1)	2666155.18815	1303.9
298116.691758	190.0	53671400	2	(1, 3)	2617631.75678	1303.9
335493.683842	190.0	53671400	2	(1, 4)	2846477.40907	1303.9
192827.075623	190.0	53671400	2	(1,)	1549624.07462	1303.9
208559.002578	190.0	53671400	3	(1, 2)	1861036.66953	1303.9
198720.738192	190.0	53671400	3	(1, 2, 1)	1795002.65729	1303.9
201544.345511	190.0	53671400	3	(1, 3)	1799627.57994	1303.9
1308.88366217	190.0	53671400	3	(1, 4)	179115.267511	1303.9
197772.767164	190.0	53671400	3	(1,)	1760358.83628	1303.9
244069.585097	190.0	53671400	4	(1, 2)	2192351.14089	1303.9
327921.043486	190.0	53671400	4	(1, 4)	2787893.23932	1303.9
267337.688979	190.0	53671400	4	(1,)	2152560.08669	1303.9
288425.382086	191.0	52782600	1	(1, 2)	2123571.23599	1317.8
289070.937211	191.0	52782600	1	(1, 2, 1)	2130675.60984	1317.8
306.298430158	191.0	52782600	1	(1, 4)	348743.005507	1317.8
277175.958626	191.0	52782600	1	(1,)	1827513.1294	1317.8
224590.797316	191.0	52782600	2	(1, 2)	1742087.99816	1317.8
1413.39412799	191.0	52782600	2	(1, 2, 1)	2260784.63751	1317.8
294596.482453	191.0	52782600	2	(1, 3)	2238429.73251	1317.8
336106.873334	191.0	52782600	2	(1, 4)	2467514.74659	1317.8
195463.821503	191.0	52782600	2	(1,)	1359036.80615	1317.8
190028.27776	191.0	52782600	3	(1, 2)	1607856.03652	1317.8
188414.681058	191.0	52782600	3	(1, 2, 1)	1521881.90014	1317.8
179730.138881	191.0	52782600	3	(1, 3)	1494674.62374	1317.8
440.40743004	191.0	52782600	3	(1, 4)	517487.185147	1317.8
198103.840567	191.0	52782600	3	(1,)	1482011.46509	1317.8
247700.024683	191.0	52782600	4	(1, 2)	1820183.94722	1317.8
320387.3211	191.0	52782600	4	(1, 4)	2356910.90548	1317.8
276152.867555	191.0	52782600	4	(1,)	1817600.78431	1317.8
264930.938186	192.0	46944800	1	(1, 2)	1518549.89892	1335.2
269414.253625	192.0	46944800	1	(1, 2, 1)	1495229.65298	1335.2
270.509230302	192.0	46944800	1	(1, 4)	246041.50547	1335.2
252615.272405	192.0	46944800	1	(1,)	1300123.7148	1335.2
212059.631639	192.0	46944800	2	(1, 2)	1237627.08261	1335.2
1257.3647283	192.0	46944800	2	(1, 2, 1)	1606655.39246	1335.2
270320.110858	192.0	46944800	2	(1, 3)	1558667.33341	1335.2
308155.324302	192.0	46944800	2	(1, 4)	1812438.32349	1335.2
184067.341744	192.0	46944800	2	(1,)	962788.145479	1335.2
208773.484679	192.0	46944800	3	(1, 2)	1304566.31521	1335.2
221500.337108	192.0	46944800	3	(1, 2, 1)	1391683.76672	1335.2
211861.101318	192.0	46944800	3	(1, 3)	1369428.88932	1335.2
393.137820198	192.0	46944800	3	(1, 4)	369024.618215	1335.2
214931.863608	192.0	46944800	3	(1,)	1202815.29821	1335.2
205992.945984	192.0	46944800	4	(1, 2)	1178490.50073	1335.2
288814.818976	192.0	46944800	4	(1, 4)	1599964.11521	1335.2
250597.489116	192.0	46944800	4	(1,)	1287546.90736	1335.2
297243.988123	193.0	50560600	1	(1, 2)	1418234.82053	1355.5
306261.089819	193.0	50560600	1	(1, 2, 1)	1416171.17829	1355.5
288.840741847	193.0	50560600	1	(1, 4)	225184.217672	1355.5
279977.17585	193.0	50560600	1	(1,)	1203005.42261	1355.5
242971.56976	193.0	50560600	2	(1, 2)	1179771.43719	1355.5
1356.50619059	193.0	50560600	2	(1, 2, 1)	1485718.23294	1355.5
308900.777299	193.0	50560600	2	(1, 3)	1482375.18907	1355.5
351405.098839	193.0	50560600	2	(1, 4)	1652732.67669	1355.5
208159.338696	193.0	50560600	2	(1,)	908627.121551	1355.5
229525.013053	193.0	50560600	3	(1, 2)	1219610.69745	1355.5
249205.011992	193.0	50560600	3	(1, 2, 1)	1253261.80252	1355.5
235853.603831	193.0	50560600	3	(1, 3)	1227630.09998	1355.5
432.201151188	193.0	50560600	3	(1, 4)	347735.99184	1355.5
248489.166688	193.0	50560600	3	(1,)	1183491.72241	1355.5
239201.192926	193.0	50560600	4	(1, 2)	1139198.66307	1355.5
321217.724745	193.0	50560600	4	(1, 4)	1482685.77034	1355.5
285426.741998	193.0	50560600	4	(1,)	1224390.81531	1355.5
246118.583293	194.0	40238400	1	(1, 2)	1241772.41657	1374.2
254333.781763	194.0	40238400	1	(1, 2, 1)	1244622.29846	1374.2
235.994627747	194.0	40238400	1	(1, 4)	199726.662774	1374.2
230154.074952	194.0	40238400	1	(1,)	1048445.23636	1374.2
201321.824704	194.0	40238400	2	(1, 2)	1033230.39012	1374.2
1081.53933285	194.0	40238400	2	(1, 2, 1)	1285912.51387	1374.2
255092.03671	194.0	40238400	2	(1, 3)	1294295.86338	1374.2
291142.558755	194.0	40238400	2	(1, 4)	1448515.76752	1374.2
171645.516496	194.0	40238400	2	(1,)	794041.40291	1374.2
187534.5887	194.0	40238400	3	(1, 2)	1085281.39829	1374.2
204396.782306	194.0	40238400	3	(1, 2, 1)	1119316.587	1374.2
188480.105291	194.0	40238400	3	(1, 3)	1068393.74089	1374.2
334.156239382	194.0	40238400	3	(1, 4)	291855.398346	1374.2
206633.310749	194.0	40238400	3	(1,)	1071472.24767	1374.2
199291.084671	194.0	40238400	4	(1, 2)	1003707.57053	1374.2
261530.7102	194.0	40238400	4	(1, 4)	1277618.93196	1374.2
237478.34408	194.0	40238400	4	(1,)	1080061.15488	1374.2
332944.711673	195.0	52924000	1	(1, 2)	1794540.6181	1391.3
346395.452592	195.0	52924000	1	(1, 2, 1)	1812139.00023	1391.3
309.319057005	195.0	52924000	1	(1, 4)	286276.765993	1391.3
282137.879038	195.0	52924000	1	(1,)	1535861.3172	1391.3
274908.458477	195.0	52924000	2	(1, 2)	1506625.13398	1391.3
1413.72565224	195.0	52924000	2	(1, 2, 1)	1838144.88039	1391.3
344903.383725	195.0	52924000	2	(1, 3)	1869223.02948	1391.3
394726.252916	195.0	52924000	2	(1, 4)	2098634.31968	1391.3
233178.72058	195.0	52924000	2	(1,)	1154566.13195	1391.3
261111.968803	195.0	52924000	3	(1, 2)	1544453.26925	1391.3
281706.898501	195.0	52924000	3	(1, 2, 1)	1691805.02082	1391.3
259465.357233	195.0	52924000	3	(1, 3)	1516322.24021	1391.3
447.556386306	195.0	52924000	3	(1, 4)	427475.678915	1391.3
285278.433224	195.0	52924000	3	(1,)	1512930.70289	1391.3
271949.725147	195.0	52924000	4	(1, 2)	1463219.58696	1391.3
349767.318358	195.0	52924000	4	(1, 4)	1826672.11842	1391.3
292944.795505	195.0	52924000	4	(1,)	1591873.40399	1391.3
219855.360786	196.0	34400600	1	(1, 2)	1166525.90451	1408.5
226987.33089	196.0	34400600	1	(1, 2, 1)	1169291.21557	1408.5
163473.83301	196.0	34400600	1	(1,)	875936.097269	1408.5
198391.848871	196.0	34400600	2	(1, 2)	1055980.18087	1408.5
232467.031832	196.0	34400600	2	(1, 3)	1223915.43505	1408.5
264889.895774	196.0	34400600	2	(1, 4)	1368740.06572	1408.5
149477.304243	196.0	34400600	2	(1,)	803503.260432	1408.5
175622.507721	196.0	34400600	3	(1, 2)	1007043.5033	1408.5
194208.818291	196.0	34400600	3	(1, 2, 1)	1078651.22235	1408.5
175485.641647	196.0	34400600	3	(1, 3)	994496.705684	1408.5
293.352862371	196.0	34400600	3	(1, 4)	278561.854982	1408.5
190974.652597	196.0	34400600	3	(1,)	984385.229355	1408.5
178001.469056	196.0	34400600	4	(1, 2)	942818.496541	1408.5
228052.080975	196.0	34400600	4	(1, 4)	1172800.64155	1408.5
191696.673963	196.0	34400600	4	(1,)	1025365.04785	1408.5
327214.416201	197.0	50580800	1	(1, 2)	1960687.38616	1423.6
338068.055601	197.0	50580800	1	(1, 2, 1)	1967216.08736	1423.6
243584.655375	197.0	50580800	1	(1,)	1473859.23214	1423.6
295615.824481	197.0	50580800	2	(1, 2)	1776914.108	1423.6
344533.669798	197.0	50580800	2	(1, 3)	2048655.8939	1423.6
393321.201257	197.0	50580800	2	(1, 4)	2295718.84164	1423.6
222721.072519	197.0	50580800	2	(1,)	1351896.92737	1423.6
264833.088803	197.0	50580800	3	(1, 2)	1692790.33951	1423.6
295388.286585	197.0	50580800	3	(1, 2, 1)	1830037.45444	1423.6
263830.449875	197.0	50580800	3	(1, 3)	1667086.4633	1423.6
435.764553735	197.0	50580800	3	(1, 4)	471340.454129	1423.6
287738.570655	197.0	50580800	3	(1,)	1656876.50556	1423.6
263545.678487	197.0	50580800	4	(1, 2)	1576469.02482	1423.6
336325.058036	197.0	50580800	4	(1, 4)	1953809.93446	1423.6
284949.178279	197.0	50580800	4	(1,)	1721154.3017	1423.6
350430.26382	198.0	53691600	1	(1, 2)	2498580.99553	1436.2
361995.028487	198.0	53691600	1	(1, 2, 1)	2507006.10139	1436.2
260901.72855	198.0	53691600	1	(1,)	1878316.59839	1436.2
317025.005862	198.0	53691600	2	(1, 2)	2267454.07072	1436.2
366898.629328	198.0	53691600	2	(1, 3)	2596108.991	1436.2
420869.728339	198.0	53691600	2	(1, 4)	2923578.47589	1436.2
238843.700019	198.0	53691600	2	(1,)	1724931.89824	1436.2
287710.764151	198.0	53691600	3	(1, 2)	2165267.86485	1436.2
321475.588637	198.0	53691600	3	(1, 2, 1)	2346245.78337	1436.2
284404.763116	198.0	53691600	3	(1, 3)	2116322.23828	1436.2
450.027064063	198.0	53691600	3	(1, 4)	583348.183589	1436.2
311235.241039	198.0	53691600	3	(1,)	2113785.39417	1436.2
283715.008779	198.0	53691600	4	(1, 2)	2019449.71179	1436.2
359239.707095	198.0	53691600	4	(1, 4)	2483803.66068	1436.2
306325.450365	198.0	53691600	4	(1,)	2201540.25088	1436.2
360608.129191	199.0	55186400	1	(1, 2)	2472040.24977	1449.3
371344.249167	199.0	55186400	1	(1, 2, 1)	2472649.6804	1449.3
267846.695062	199.0	55186400	1	(1,)	1853978.39168	1449.3
328731.278892	199.0	55186400	2	(1, 2)	2244839.78197	1449.3
379494.033551	199.0	55186400	2	(1, 3)	2563983.41748	1449.3
436195.509712	199.0	55186400	2	(1, 4)	2893605.5634	1449.3
248808.63403	199.0	55186400	2	(1,)	1715504.54475	1449.3
303325.728636	199.0	55186400	3	(1, 2)	2156348.16016	1449.3
338775.476725	199.0	55186400	3	(1, 2, 1)	2336827.49809	1449.3
296769.161524	199.0	55186400	3	(1, 3)	2086436.8062	1449.3
469.445940028	199.0	55186400	3	(1, 4)	585293.976094	1449.3
294852.915189	199.0	55186400	3	(1,)	2117237.80434	1449.3
291868.112222	199.0	55186400	4	(1, 2)	1997403.79517	1449.3
369132.28755	199.0	55186400	4	(1, 4)	2453851.86661	1449.3
314511.741747	199.0	55186400	4	(1,)	2173237.78145	1449.3
279796.183278	200.0	46904400	1	(1, 2)	2403480.81544	1461.5
296344.05695	200.0	46904400	1	(1, 2, 1)	2409663.27573	1461.5
227591.380899	200.0	46904400	1	(1,)	1691553.16446	1461.5
279571.722962	200.0	46904400	2	(1, 2)	2048829.06646	1461.5
322758.460768	200.0	46904400	2	(1, 3)	2340230.52647	1461.5
370796.277038	200.0	46904400	2	(1, 4)	2639785.36138	1461.5
211586.552697	200.0	46904400	2	(1,)	1565598.1457	1461.5
265316.178371	200.0	46904400	3	(1, 2)	1992067.09752	1461.5
295360.650325	200.0	46904400	3	(1, 2, 1)	2152828.85879	1461.5
256115.160725	200.0	46904400	3	(1, 3)	1902089.77978	1461.5
255924.309082	200.0	46904400	3	(1,)	1940593.56681	1461.5
211533.051952	200.0	46904400	4	(1, 2)	1815187.19971	1461.5
282557.981455	200.0	46904400	4	(1, 4)	2295283.60251	1461.5
266949.335078	200.0	46904400	4	(1,)	1980663.4676	1461.5
212453.915164	201.0	35612600	1	(1, 2)	1970357.3578	1472.8
225013.317997	201.0	35612600	1	(1, 2, 1)	1975375.88512	1472.8
172826.60001	201.0	35612600	1	(1,)	1386825.48691	1472.8
194717.515847	201.0	35612600	2	(1, 2)	1797645.61844	1472.8
217592.251789	201.0	35612600	2	(1, 3)	1967387.43247	1472.8
256461.180844	201.0	35612600	2	(1, 4)	2241751.92424	1472.8
160654.895292	201.0	35612600	2	(1,)	1283416.40437	1472.8
203356.505908	201.0	35612600	3	(1, 2)	1637844.98091	1472.8
226213.179654	201.0	35612600	3	(1, 2, 1)	1769013.12715	1472.8
196297.418855	201.0	35612600	3	(1, 3)	1563922.42698	1472.8
195833.134305	201.0	35612600	3	(1,)	1592780.71847	1472.8
160641.373499	201.0	35612600	4	(1, 2)	1488270.86847	1472.8
214356.187793	201.0	35612600	4	(1, 4)	1879949.51489	1472.8
202684.60744	201.0	35612600	4	(1,)	1623618.54497	1472.8
200633.455604	202.0	33633000	1	(1, 2)	1709452.14103	1485.1
212554.305765	202.0	33633000	1	(1, 2, 1)	1714291.86024	1485.1
163219.674803	202.0	33633000	1	(1,)	1203253.31965	1485.1
183934.619034	202.0	33633000	2	(1, 2)	1560040.48658	1485.1
205371.434148	202.0	33633000	2	(1, 3)	1705924.60886	1485.1
242116.284966	202.0	33633000	2	(1, 4)	1944299.87003	1485.1
151724.564172	202.0	33633000	2	(1,)	1113532.38795	1485.1
194116.279371	202.0	33633000	3	(1, 2)	1426314.18964	1485.1
215579.127307	202.0	33633000	3	(1, 2, 1)	1538318.39884	1485.1
187306.735889	202.0	33633000	3	(1, 3)	1361523.63897	1485.1
186632.980025	202.0	33633000	3	(1,)	1384735.89946	1485.1
151721.892401	202.0	33633000	4	(1, 2)	1291356.5068	1485.1
202162.581684	202.0	33633000	4	(1, 4)	1628861.91483	1485.1
191432.511877	202.0	33633000	4	(1,)	1408809.47895	1485.1
315590.404177	203.0	52903800	1	(1, 2)	2249910.07015	1499.8
334348.842631	203.0	52903800	1	(1, 2, 1)	2256329.1643	1499.8
256740.139494	203.0	52903800	1	(1,)	1583675.17809	1499.8
289324.185957	203.0	52903800	2	(1, 2)	2053264.54902	1499.8
322862.885851	203.0	52903800	2	(1, 3)	2244014.70899	1499.8
380892.402442	203.0	52903800	2	(1, 4)	2559347.94404	1499.8
238576.315771	203.0	52903800	2	(1,)	1465082.42646	1499.8
309222.331995	203.0	52903800	3	(1, 2)	1885439.07193	1499.8
342922.308501	203.0	52903800	3	(1, 2, 1)	2031080.31133	1499.8
298510.881221	203.0	52903800	3	(1, 3)	1800772.28252	1499.8
297284.619076	203.0	52903800	3	(1,)	1830224.50426	1499.8
238641.63427	203.0	52903800	4	(1, 2)	1699541.97596	1499.8
317508.305716	203.0	52903800	4	(1, 4)	2140554.85191	1499.8
301129.947882	203.0	52903800	4	(1,)	1854292.71784	1499.8
333191.602874	204.0	55853000	1	(1, 2)	2078468.6134	1516.6
352991.057187	204.0	55853000	1	(1, 2, 1)	2084367.95967	1516.6
271052.497583	204.0	55853000	1	(1,)	1462964.55269	1516.6
305452.984872	204.0	55853000	2	(1, 2)	1896760.93017	1516.6
340843.111122	204.0	55853000	2	(1, 3)	2072860.84834	1516.6
402125.805228	204.0	55853000	2	(1, 4)	2364269.71363	1516.6
251841.337702	204.0	55853000	2	(1,)	1353224.34381	1516.6
327026.040335	204.0	55853000	3	(1, 2)	1742690.53142	1516.6
362625.553751	204.0	55853000	3	(1, 2, 1)	1877157.37659	1516.6
315748.011088	204.0	55853000	3	(1, 3)	1664719.15761	1516.6
314517.420339	204.0	55853000	3	(1,)	1692263.37636	1516.6
251944.420649	204.0	55853000	4	(1, 2)	1569995.75885	1516.6
335131.037248	204.0	55853000	4	(1, 4)	1976942.21074	1516.6
317918.50968	204.0	55853000	4	(1,)	1712963.90088	1516.6
255828.496072	205.0	42884600	1	(1, 2)	1707685.81142	1532.3
271030.745125	205.0	42884600	1	(1, 2, 1)	1712532.7049	1532.3
208117.340201	205.0	42884600	1	(1,)	1201982.89155	1532.3
234530.44903	205.0	42884600	2	(1, 2)	1558393.35019	1532.3
261703.403551	205.0	42884600	2	(1, 3)	1703078.3502	1532.3
308756.993099	205.0	42884600	2	(1, 4)	1942502.14705	1532.3
193366.786446	205.0	42884600	2	(1,)	1111819.51716	1532.3
219621.324191	205.0	42884600	3	(1, 2)	1460901.3062	1532.3
257587.90114	205.0	42884600	3	(1, 2, 1)	1622234.95919	1532.3
212851.295646	205.0	42884600	3	(1, 3)	1386629.40519	1532.3
241490.225236	205.0	42884600	3	(1,)	1390376.55701	1532.3
193445.934652	205.0	42884600	4	(1, 2)	1289920.57638	1532.3
257317.615989	205.0	42884600	4	(1, 4)	1624270.93132	1532.3
244101.628745	205.0	42884600	4	(1,)	1407384.30441	1532.3
247272.757305	206.0	41450400	1	(1, 2)	1704870.46966	1547.5
261966.599658	206.0	41450400	1	(1, 2, 1)	1709709.41197	1547.5
201157.221463	206.0	41450400	1	(1,)	1200001.28738	1547.5
226686.987403	206.0	41450400	2	(1, 2)	1555824.14349	1547.5
252951.197156	206.0	41450400	2	(1, 3)	1700270.66109	1547.5
298431.170108	206.0	41450400	2	(1, 4)	1939299.79208	1547.5
186899.970541	206.0	41450400	2	(1,)	1109986.53658	1547.5
212276.471925	206.0	41450400	3	(1, 2)	1458492.82527	1547.5
248973.319812	206.0	41450400	3	(1, 2, 1)	1619560.47917	1547.5
205732.858793	206.0	41450400	3	(1, 3)	1384343.3952	1547.5
233414.00993	206.0	41450400	3	(1,)	1388084.37019	1547.5
186976.474071	206.0	41450400	4	(1, 2)	1287793.98863	1547.5
248712.074592	206.0	41450400	4	(1, 4)	1621593.09935	1547.5
235938.078924	206.0	41450400	4	(1,)	1405064.07417	1547.5
306680.881724	207.0	51409000	1	(1, 2)	1901773.11365	1564.4
324904.964439	207.0	51409000	1	(1, 2, 1)	1907170.89374	1564.4
218721.637533	207.0	51409000	1	(1,)	1383344.12686	1564.4
281149.31185	207.0	51409000	2	(1, 2)	1735512.81146	1564.4
313723.578982	207.0	51409000	2	(1, 3)	1896642.0106	1564.4
370130.257337	207.0	51409000	2	(1, 4)	2163277.54186	1564.4
231803.326058	207.0	51409000	2	(1,)	1238183.53533	1564.4
263276.620252	207.0	51409000	3	(1, 2)	1626940.28743	1564.4
308790.007052	207.0	51409000	3	(1, 2, 1)	1806610.29609	1564.4
255160.879716	207.0	51409000	3	(1, 3)	1544227.01633	1564.4
289492.523402	207.0	51409000	3	(1,)	1548400.0607	1564.4
231898.211926	207.0	51409000	4	(1, 2)	1436526.72851	1564.4
308466.002136	207.0	51409000	4	(1, 4)	1808877.7035	1564.4
253415.24128	207.0	51409000	4	(1,)	1601055.73769	1564.4
291256.459587	208.0	48823400	1	(1, 2)	1931866.82127	1580.2
308563.967158	208.0	48823400	1	(1, 2, 1)	1937350.01335	1580.2
207721.099105	208.0	48823400	1	(1,)	1405234.20156	1580.2
267008.995052	208.0	48823400	2	(1, 2)	1762975.62992	1580.2
297944.948274	208.0	48823400	2	(1, 3)	1926654.53487	1580.2
351514.674791	208.0	48823400	2	(1, 4)	2197509.34453	1580.2
191167.003328	208.0	48823400	2	(1,)	1287242.75251	1580.2
250035.192798	208.0	48823400	3	(1, 2)	1652684.97033	1580.2
293259.512226	208.0	48823400	3	(1, 2, 1)	1835198.1769	1580.2
242327.641676	208.0	48823400	3	(1, 3)	1568662.91282	1580.2
274932.589891	208.0	48823400	3	(1,)	1572902.01446	1580.2
220234.961515	208.0	48823400	4	(1, 2)	1459258.365	1580.2
292951.797963	208.0	48823400	4	(1, 4)	1837501.43207	1580.2
240669.801947	208.0	48823400	4	(1,)	1626390.90958	1580.2
348857.040389	209.0	58479000	1	(1, 2)	2138011.74335	1597.3
369587.383589	209.0	58479000	1	(1, 2, 1)	2144080.04377	1597.3
248801.233981	209.0	58479000	1	(1,)	1555183.37894	1597.3
319814.24784	209.0	58479000	2	(1, 2)	1951098.52743	1597.3
356868.284204	209.0	58479000	2	(1, 3)	2132243.26916	1597.3
421032.272765	209.0	58479000	2	(1, 4)	2432000.35033	1597.3
228973.303284	209.0	58479000	2	(1,)	1424601.34184	1597.3
299483.619889	209.0	58479000	3	(1, 2)	1829039.09095	1597.3
351256.218465	209.0	58479000	3	(1, 2, 1)	2031027.7598	1597.3
290251.766588	209.0	58479000	3	(1, 3)	1736051.16797	1597.3
329304.855633	209.0	58479000	3	(1,)	1740742.59541	1597.3
263789.910321	209.0	58479000	4	(1, 2)	1614972.32899	1597.3
350887.657045	209.0	58479000	4	(1, 4)	2033576.83734	1597.3
288266.058936	209.0	58479000	4	(1,)	1799939.15646	1597.3
